ID	English	Spanish Translation	English-Spanish Alignment
es001.s001	This document is a summary of the European Public Assessment Report ( EPAR ) .	Este documento es un resumen del Informe Público Europeo de Evaluación (EPAR).	0-0 1-1 2-2 3-3 4-4 5-5 6-6 7-8 8-7 9-10 10-6 11-11 12-12 13-13 14-14
es001.s002	It explains how the Committee for Medicinal Products for Human Use ( CHMP ) assessed the studies performed , to reach their recommendations on how to use the medicine .	Explica cómo el Comité de Medicamentos de Uso Humano (CHMP) evaluó los estudios realizados para llegar a sus recomendaciones sobre cómo utilizar el medicamento.	1-0 2-1 3-2 4-3 5-4 6-5 6-8 7-5 8-6 9-8 10-7 11-9 12-10 13-11 14-12 15-13 16-14 17-15 19-16 20-17 21-19 22-20 23-21 24-22 25-25 26-23 27-24 28-25 29-26
es001.s003	If you need more information about your medical condition or your treatment , read the Package Leaflet ( also part of the EPAR ) or contact your doctor or pharmacist .	Si necesita más información sobre su condición médica o su tratamiento, lea el prospecto (también parte del EPAR) o comuníquese con su médico o farmacéutico.	0-0 1-12 2-1 3-2 4-3 5-4 6-5 7-7 8-6 9-8 10-9 11-10 12-11 13-12 14-13 15-14 17-15 18-16 19-17 21-18 22-19 23-20 24-21 25-22 26-24 27-25 28-26 29-23 29-27 30-28
es001.s004	If you want more information on the basis of the CHMP recommendations , read the Scientific Discussion ( also part of the EPAR ) .	Si desea obtener más información sobre la base de las recomendaciones del CHMP, lea el debate científico (también parte del EPAR).	0-0 2-1 3-3 4-4 5-5 6-6 7-7 8-8 9-9 10-12 11-10 12-13 13-14 14-15 15-17 16-16 17-18 18-19 19-20 20-21 22-22 23-23 24-24
es001.s005	What is Alimta ?	¿Qué es Alimta?	0-1 1-2 2-3 3-4
es001.s006	Alimta is a powder that is made up into a solution for infusion ( drip into a vein ) .	Alimta es un polvo que se convierte en una solución para perfusión (goteo en una vena).	0-0 1-1 2-2 3-3 4-4 5-5 6-6 7-7 8-8 9-9 10-10 11-11 12-12 13-13 14-14 15-15 16-16 17-17 18-18
es001.s007	It contains the active substance pemetrexed .	Contiene el principio activo pemetrexed.	0-0 1-0 2-1 3-3 4-2 5-4 6-5
es001.s008	What is Alimta used for ?	¿Para qué se utiliza Alimta?	0-2 1-3 2-5 3-4 4-1 5-6
es001.s009	Alimta is used to treat two types of cancer : pleural mesothelioma ( cancer of the lining of the lungs that is usually caused by exposure to asbestos ) .	Alimta se utiliza para tratar dos tipos de cáncer: mesotelioma pleural (cáncer del revestimiento de los pulmones que generalmente es causado por la exposición al asbesto).	0-0 1-1 2-2 3-3 4-4 5-5 6-6 7-7 8-8 9-9 10-11 11-10 12-12 13-13 14-14 16-15 17-16 18-17 19-18 20-19 21-21 22-20 23-22 24-23 25-25 26-26 27-27 28-28 29-29
es001.s010	Alimta is used together with cisplatin ( another anticancer medicine ) when the cancer is unresectable ( cannot be removed by surgery alone ) and malignant ( has spread , or is likely to spread easily , to other parts of the body ) , in patients who have not received chemotherapy ( medicines for cancer ) before advanced or metastatic non-small cell lung cancer that is not affecting the squamous cells .	Alimta se utiliza junto con cisplatino ( otro medicamento anticancerígeno ) cuando el cáncer es irresecable ( no puede extirparse únicamente mediante cirugía ) y maligno ( se ha extendido o es probable que se extienda fácilmente a otras partes del cuerpo ) , en pacientes que no recibió quimioterapia (medicamentos para el cáncer) antes de un cáncer de pulmón de células no pequeñas avanzado o metastásico que no afecta a las células escamosas.	0-0 1-1 2-2 3-3 4-4 5-5 6-6 7-7 8-9 9-8 10-10 11-11 12-12 13-13 14-14 15-15 16-16 17-18 18-19 19-19 20-21 21-22 22-20 23-23 24-24 25-25 26-26 27-28 28-29 30-30 31-31 32-32 33-33 34-35 35-36 36-76 37-37 38-38 39-39 40-40 41-53 42-41 43-42 44-43 45-44 46-45 47-46 49-47 50-48 51-49 52-50 53-8 53-51 54-52 55-54 56-55 57-56 58-66 59-67 60-68 61-64 61-65 62-63 64-59 65-69 67-70 68-66 68-71 69-73 70-75 71-74 71-75 72-76
es001.s011	Alimta is used in combination with cisplatin in patients who have not been treated before , and on its own in patients who have received another type of chemotherapy in the past .	Alimta se utiliza en combinación con cisplatino en pacientes que no han sido tratados antes, y solo en pacientes que han recibido otro tipo de quimioterapia en el pasado.	0-0 1-1 2-2 3-3 4-4 5-5 6-6 7-7 8-8 9-9 10-11 11-10 12-12 13-13 14-14 15-15 16-16 17-17 20-18 21-19 22-20 23-21 24-22 25-23 26-24 27-25 28-26 29-27 30-28 31-29 32-30
es001.s012	The medicine can only be obtained with a prescription .	El medicamento sólo podrá dispensarse con receta médica .	0-0 1-1 2-3 3-2 4-4 5-1 5-4 6-5 8-6 8-7 9-8
es001.s013	How is Alimta used ?	¿Cómo se utiliza Alimta?	0-1 1-2 2-4 3-3 4-5
es001.s014	Alimta should only be given under the supervision of a doctor who is qualified in the use of anticancer chemotherapy .	Alimta sólo debe administrarse bajo la supervisión de un médico cualificado en el uso de quimioterapia anticancerígena.	0-0 1-2 2-1 3-3 4-3 5-4 6-5 7-6 8-7 9-8 10-9 11-16 12-10 13-10 14-11 15-12 16-13 17-14 18-16 19-15 20-17
es001.s015	The recommended dose of Alimta is 500 mg per square metre of body surface area ( calculated using the patient s height and weight ) .	La dosis recomendada de Alimta es de 500 mg por metro cuadrado de superficie corporal (calculada utilizando la altura y el peso del paciente).	0-0 1-2 2-1 3-3 4-4 5-5 6-7 7-8 8-9 9-11 10-10 11-12 12-14 13-13 15-15 16-16 17-17 18-18 19-24 20-23 21-19 22-20 23-22 24-25 25-26
es001.s016	It is given once every three weeks as an intravenous infusion lasting 10 minutes .	Se administra una vez cada tres semanas en forma de infusión intravenosa que dura 10 minutos.	1-0 2-1 3-3 4-4 5-5 6-6 7-7 9-11 10-10 11-12 11-13 12-14 13-15 14-16
es001.s017	To reduce side effects , patients should take a corticosteroid and folic acid ( a type of vitamin ) , and receive injections of vitamin B12 during treatment with Alimta .	Para reducir los efectos secundarios, los pacientes deben tomar un corticosteroide y ácido fólico (un tipo de vitamina) y recibir inyecciones de vitamina B12 durante el tratamiento con Alimta.	0-0 1-1 2-4 3-3 4-5 5-7 6-8 7-9 8-10 9-11 10-12 11-14 12-13 13-15 14-16 15-17 16-18 17-19 18-20 19-5 19-11 20-21 21-22 22-23 23-24 24-25 25-26 26-27 27-29 28-30 29-31 30-32
es001.s018	When Alimta is given with cisplatin , an anti-emetic medicine ( to prevent vomiting ) and fluids ( to prevent dehydration ) should also be given before or after the cisplatin dose .	Cuando Alimta se administra con cisplatino, también se debe administrar un medicamento antiemético (para prevenir los vómitos) y líquidos (para prevenir la deshidratación) antes o después de la dosis de cisplatino.	0-0 1-1 2-2 3-3 4-4 5-5 6-6 7-11 8-13 9-12 10-14 11-15 12-16 13-18 14-19 15-20 16-21 17-22 18-23 19-24 20-26 21-27 22-9 23-7 24-10 25-10 26-28 27-29 28-30 29-32 30-35 31-33 32-36
es001.s019	Treatment should be delayed or discontinued , or the dose reduced , in patients whose blood counts are abnormal or who have certain other side effects .	El tratamiento debe retrasarse o suspenderse, o reducirse la dosis, en pacientes cuyos recuentos sanguíneos son anormales o que tienen otros efectos secundarios.	0-1 1-2 3-3 4-4 5-5 6-6 7-7 8-9 9-10 10-8 11-11 12-12 13-13 14-14 15-16 16-14 16-15 17-17 18-18 19-19 20-20 21-21 22-24 23-22 24-24 25-23 26-25
es001.s020	Alimta is not recommended for use in patients with moderate or severe kidney problems .	No se recomienda el uso de Alimta en pacientes con problemas renales moderados o graves.	0-6 1-1 2-0 3-2 5-4 6-7 7-8 8-9 9-11 9-12 10-13 11-14 12-11 12-12 13-10 14-15
es001.s021	For more information , see the Summary of Product Characteristics ( also part of the EPAR ) .	Para obtener más información, consulte el Resumen de las características del producto (también parte del EPAR).	0-0 1-2 2-3 3-4 4-5 5-6 6-7 7-8 8-12 9-7 9-10 10-13 11-14 12-15 13-16 14-9 15-17 16-18 17-19
es001.s022	How does Alimta work ?	¿Cómo funciona Alimta?	0-1 1-0 2-3 3-2 4-4
es001.s023	The active substance in Alimta , pemetrexed , is a cytotoxic medicine ( a medicine that kills cells that are dividing , such as cancer cells ) , which belongs to the group antimetabolites .	El principio activo de Alimta, pemetrexed, es un medicamento citotóxico (un medicamento que mata las células que se están dividiendo, como las células cancerosas), que pertenece al grupo de los antimetabolitos.	0-0 1-2 2-1 3-3 4-4 5-5 6-6 7-7 8-8 9-9 10-11 11-10 12-12 13-13 14-14 15-15 16-14 16-16 17-17 17-18 18-19 19-21 20-22 21-23 22-24 23-27 24-26 24-27 25-28 26-29 27-30 28-31 29-32 30-35 31-33 32-36 33-37
es001.s024	In the body , pemetrexed is converted into an active form that blocks the activity of the enzymes that are involved in producing nucleotides ( the building blocks of DNA and RNA , the genetic material of cells ) .	En el cuerpo, el pemetrexed se convierte en una forma activa que bloquea la actividad de las enzimas que participan en la producción de nucleótidos (los componentes básicos del ADN y el ARN, el material genético de las células).	0-0 1-1 2-2 3-3 4-5 5-6 6-4 6-7 7-8 8-9 9-11 10-10 11-12 12-13 13-14 14-15 15-16 16-17 17-18 18-19 20-20 21-21 22-23 22-24 23-25 24-26 25-27 26-28 27-30 28-31 29-32 30-34 31-35 32-36 33-38 34-37 35-39 36-40 36-41 37-42 38-43
es001.s025	How has Alimta been studied ?	¿Cómo se ha estudiado Alimta?	0-1 1-3 2-5 3-2 4-4 5-6
es001.s026	For the treatment of malignant pleural mesothelioma , Alimta has been studied in one main study in 456 patients who had not received chemotherapy for their disease before .	Para el tratamiento del mesotelioma pleural maligno, Alimta se ha estudiado en un estudio principal en 456 pacientes que no habían recibido quimioterapia para su enfermedad antes.	0-0 1-1 2-2 3-3 4-6 5-5 6-4 7-7 8-8 9-10 10-9 11-11 12-12 13-13 14-15 15-14 16-16 17-17 18-18 19-19 20-21 21-20 22-22 23-23 24-24 25-25 26-26 27-27 28-28
es001.s027	The effects of Alimta in combination with cisplatin were compared with those of cisplatin alone .	Se compararon los efectos de Alimta en combinación con cisplatino con los de cisplatino solo.	0-2 1-3 2-4 3-5 4-6 5-7 6-8 7-9 8-1 9-1 10-10 11-11 12-12 13-13 14-14 15-15
es001.s028	For the treatment of non-small cell lung cancer , the effects of Alimta were compared with those of docetaxel ( another anticancer medicine ) in one study involving 571 patients with locally advanced or metastatic disease who had received chemotherapy in the past .	Para el tratamiento del cáncer de pulmón de células no pequeñas, los efectos de Alimta se compararon con los de docetaxel (otro medicamento contra el cáncer) en un estudio en el que participaron 571 pacientes con enfermedad localmente avanzada o metastásica que habían recibido quimioterapia en el pasado.	0-0 1-1 2-2 3-3 4-7 4-9 4-10 5-8 6-6 7-4 8-11 9-12 10-13 11-14 12-15 13-17 14-17 15-18 16-19 17-20 18-21 19-22 20-23 21-25 21-27 22-24 23-28 24-29 25-30 26-31 27-32 27-34 27-35 28-36 29-37 30-38 31-40 32-41 33-42 34-43 35-39 36-44 37-45 38-46 39-47 40-48 41-49 42-50 43-51
es001.s029	Alimta was also compared with gemcitabine ( another anticancer medicine ) , both in combination with cisplatin , in a study involving 1,725 patients who had not received chemotherapy for lung cancer in the past .	Alimta también se comparó con gemcitabina (otro medicamento contra el cáncer), ambos en combinación con cisplatino, en un estudio en el que participaron 1.725 pacientes que no habían recibido quimioterapia para el cáncer de pulmón en el pasado.	0-0 1-3 2-1 3-3 4-4 5-5 6-6 7-7 8-9 8-11 9-8 10-12 11-13 12-14 13-15 14-16 15-17 16-18 17-19 18-20 19-21 20-22 21-23 21-25 21-26 22-27 23-28 24-29 25-31 26-30 27-32 28-33 29-34 30-38 31-36 32-39 33-40 34-41 35-42
es001.s030	In all three studies , the main measure of effectiveness was how long the patients survived .	En los tres estudios, la principal medida de eficacia fue cuánto tiempo sobrevivieron los pacientes.	0-0 1-1 2-2 3-3 4-4 5-5 6-6 7-7 8-8 9-9 9-13 10-10 11-11 12-12 13-14 14-15 15-13 16-16
es001.s031	What benefit has Alimta shown during the studies ?	¿Qué beneficio ha demostrado Alimta durante los estudios?	0-1 1-2 2-3 3-5 4-4 5-6 6-7 7-8 8-9
es001.s032	Alimta increased the survival time of patients with malignant pleural mesothelioma .	Alimta aumentó el tiempo de supervivencia de los pacientes con mesotelioma pleural maligno.	0-0 1-1 2-2 2-7 3-5 4-3 5-6 6-8 7-9 8-12 9-11 10-10 11-13
es001.s033	Patients receiving Alimta and cisplatin survived for an average of 12.1 months , compared with 9.3 months in those receiving cisplatin alone .	Los pacientes que recibieron Alimta y cisplatino sobrevivieron un promedio de 12,1 meses, en comparación con 9,3 meses en los que recibieron cisplatino solo.	0-0 0-1 1-3 2-4 3-5 4-6 5-7 7-8 8-9 9-10 10-11 11-12 12-13 13-15 14-16 15-17 16-18 17-19 18-21 19-22 20-23 21-24 22-25
es001.s034	In the treatment of patients with non-small cell lung cancer , Alimta was as effective as the comparators .	En el tratamiento de pacientes con cáncer de pulmón de células no pequeñas, Alimta fue tan eficaz como los comparadores.	0-0 1-1 2-2 3-3 4-4 5-5 6-9 6-11 6-12 7-10 8-8 9-6 10-13 11-14 12-15 13-16 14-17 15-18 16-19 17-20 18-21
es001.s035	In patients who had received chemotherapy in the past , the average survival time was 8.3 months with Alimta , compared with 7.9 months with docetaxel .	En pacientes que habían recibido quimioterapia en el pasado, el tiempo de supervivencia promedio fue de 8,3 meses con Alimta, en comparación con 7,9 meses con docetaxel.	0-0 1-1 2-2 3-3 4-4 5-5 6-6 7-7 8-8 9-9 10-10 11-14 12-13 13-11 14-15 15-17 16-18 17-19 18-20 19-21 20-23 21-24 22-25 23-26 24-27 25-28 26-29
es001.s036	In patients who had not received chemotherapy in the past , the average survival time was 10.3 months in both groups .	En los pacientes que no habían recibido quimioterapia en el pasado, el tiempo de supervivencia promedio fue de 10,3 meses en ambos grupos.	0-0 1-2 2-3 3-5 4-4 5-6 6-7 7-8 8-9 9-10 10-11 11-12 12-16 13-15 14-13 15-17 16-19 17-20 18-21 19-22 20-23 21-24
es001.s037	However , in both studies , patients whose cancer was not affecting squamous cells had longer survival times if they received Alimta than if they received the comparator .	Sin embargo, en ambos estudios, los pacientes cuyo cáncer no afectaba a las células escamosas tuvieron tiempos de supervivencia más prolongados si recibieron Alimta que si recibieron el comparador.	0-1 1-2 2-3 3-4 4-5 5-6 6-8 7-9 8-10 9-12 10-11 11-12 11-13 12-16 13-15 13-16 14-17 15-21 16-20 17-18 18-23 19-24 20-24 21-25 22-26 23-27 24-28 25-28 26-29 27-30 28-31
es001.s038	In contrast , patients whose cancer was affecting squamous cells had shorter survival times if they received Alimta .	Por el contrario, los pacientes cuyo cáncer afectaba a las células escamosas tenían tiempos de supervivencia más cortos si recibían Alimta.	0-0 1-2 2-3 3-5 4-6 5-7 6-8 7-8 7-9 8-12 9-11 9-12 10-13 11-17 11-18 12-16 13-14 14-19 15-20 16-20 17-21 18-22
es002.s001	kalgebra is a mathematical calculator based on content markup MathML language .	Kalgebra es una calculadora matemática basada en el lenguaje de marcado de contenido MathML.	0-0 1-1 2-2 3-3 3-4 4-3 5-5 6-6 7-12 8-10 9-13 10-8 11-14
es002.s002	Nowadays it is capable to make simple MathML operations ( arithmetic and logical ) and to representate 2D and 3D graphs .	Hoy en día es capaz de realizar operaciones MathML simples (aritméticas y lógicas) y representar gráficos 2D y 3D.	0-0 0-2 2-3 3-4 4-5 5-6 6-9 7-8 8-7 8-11 9-10 10-11 11-12 12-13 13-14 14-15 16-16 17-18 18-19 19-20 20-17 21-20
es002.s003	It is actually not necessary to know MathML to use kalgebra .	En realidad, no es necesario saber MathML para usar kalgebra.	0-0 1-4 2-1 3-3 4-5 6-6 7-7 8-8 9-9 10-10 11-11
es002.s004	kalgebra is a MathML based graph calculator .	kalgebra es una calculadora gráfica basada en MathML.	0-0 1-1 2-2 3-7 4-5 5-3 5-4 6-3 7-8
es002.s005	Although it was initially MathML oriented it can now be used by everyone with little mathematical knowledge .	Aunque inicialmente estaba orientado a MathML, ahora puede ser utilizado por cualquiera con pocos conocimientos matemáticos.	0-0 1-4 2-2 3-1 4-5 5-3 6-6 7-8 8-7 9-9 10-10 11-11 12-12 13-13 14-14 15-16 16-15 17-17
es002.s006	Here 's a screenshot of kalgebra main window	Aquí hay una captura de pantalla de la ventana principal de Kalgebra.	0-0 1-1 2-2 3-3 4-6 5-11 6-9 7-8
es002.s007	kalgebra main window	ventana principal de calgebra	0-3 1-1 2-0
es002.s008	kalgebra main window consists in a Console tab , a 2D Graph tab , a 3D Graph tab and a Dictionary tab .	La ventana principal de Kalgebra consta de una pestaña Consola, una pestaña Gráfico 2D, una pestaña Gráfico 3D y una pestaña Diccionario.	0-4 1-2 2-1 3-3 3-5 4-6 5-7 6-9 7-8 8-10 9-11 10-14 11-13 12-12 13-15 14-16 15-19 16-18 17-17 18-20 19-21 20-23 21-22 22-24
es002.s009	Below these tabs you will find an input field to type your functions or do your calculations .	Debajo de estas pestañas encontrará un campo de entrada para escribir sus funciones o hacer sus cálculos.	0-0 1-2 2-3 5-4 6-5 7-8 8-6 9-9 10-10 11-11 12-12 12-16 13-13 14-14 15-15 16-16 17-17
es002.s010	If we want to understand how it works , the best thing we can do is to realize that our input is being converted into MathML although it is not necessary to know MathML .	Si queremos entender cómo funciona, lo mejor que podemos hacer es darnos cuenta de que nuestra entrada se está convirtiendo a MathML aunque no es necesario saber MathML.	0-0 1-12 2-1 4-2 5-3 7-4 8-5 9-6 10-7 11-8 12-9 14-10 15-11 17-12 18-15 19-16 20-17 21-19 22-20 23-20 24-21 25-22 26-23 28-25 29-24 30-26 32-27 33-28 34-29
es002.s011	I have based the syntax basically on common sense , it should not be hard for anyone .	La sintaxis la he basado básicamente en el sentido común, no debería ser difícil para nadie.	0-4 1-3 2-4 3-0 4-1 5-5 6-6 7-9 8-8 9-10 11-12 12-11 13-13 14-14 15-15 16-16 17-17
es002.s012	I ve looked closely to maxima and maple s syntax so they look very similar .	He observado de cerca la sintaxis de maxima y maple para que se vean muy similares.	0-0 2-1 3-2 3-3 4-6 5-7 6-8 7-9 9-5 10-10 11-13 12-13 13-14 14-15 15-16
es002.s013	+ - * / : Addition , subtraction , multiplication and division .	+-*/: Suma, resta, multiplicación y división.	0-0 1-1 2-1 3-1 4-2 5-3 6-4 7-5 7-9 8-6 9-7 10-8 11-9 12-10
es002.s014	^ , ** : Power , you can use them both .	^ , ** : Poder , puedes usarlos ambos .	0-0 1-1 2-2 3-4 4-5 5-6 6-3 7-7 8-8 9-8 10-9 11-10
es002.s015	Also it is possible to use the unicode ² characters .	También es posible utilizar los caracteres Unicode².	0-0 2-1 3-2 5-3 6-4 7-5 7-6 8-6 9-5 10-7
es002.s016	Powers are one way to make roots too .	Los poderes también son una manera de hacer raíces.	0-1 1-3 2-4 3-5 4-6 5-7 6-0 6-8 7-2 8-9
es002.s017	-gt : It s the way to specify the bounded variable in a function .	-gt: Es la forma de especificar la variable acotada en una función.	0-0 1-1 2-2 4-3 5-4 6-5 7-6 8-7 9-9 10-8 11-10 12-11 13-12 14-13
es002.s018	( ) : It is used to specify a higher priority .	( ): Se utiliza para especificar una prioridad más alta.	0-0 1-1 2-1 3-2 5-3 6-4 7-5 8-6 9-8 10-7 11-10
es002.s019	abc(params) : When the parser finds a function , it checks if abc is an operator .	abc(params): cuando el analizador encuentra una función, comprueba si abc es un operador.	0-0 0-1 1-1 2-2 3-3 4-4 5-5 5-9 6-6 7-7 8-8 10-9 11-10 12-11 13-12 14-13 15-14 16-15
es002.s020	If it is , it will be treated as an operator , if it is not , it will be treated as a user function .	Si lo es, será tratado como un operador; si no lo es, será tratado como una función de usuario.	0-0 1-1 2-2 3-3 5-4 7-5 8-6 9-7 10-8 11-9 11-22 12-10 13-12 14-13 15-11 16-14 18-15 19-20 20-16 21-17 22-18 23-21 24-19 25-22
es002.s021	: = : It is used to define a variable value .	:=: Se utiliza para definir un valor de variable.	0-0 1-1 2-2 3-9 4-3 5-4 6-5 7-6 8-7 9-10 10-8 11-11
es002.s022	? : Piecewise condition definition .	? : Definición de condición por partes .	0-0 1-1 2-2 3-4 4-2 5-7
es002.s023	Piecewise is the way we can define conditional operations in kalgebra .	Por partes es la forma en que podemos definir operaciones condicionales en kalgebra.	0-0 0-1 1-2 2-3 3-4 4-6 5-7 6-8 7-10 8-9 8-10 9-11 10-12 11-13
es002.s024	If we introduce the condition before the ? it will use this condition only if it is true , if it finds a ? without any condition , it will enter in the last instance .	Si introducimos la condición antes del ? utilizará esta condición sólo si es verdadera, si encuentra un? sin condición alguna, entrará en última instancia.	0-0 1-1 2-1 3-2 4-3 5-4 6-5 7-6 9-7 10-7 11-8 12-9 13-10 14-11 16-12 17-13 18-14 19-15 21-16 22-17 23-18 24-19 25-21 26-20 27-22 29-23 30-23 31-24 33-25 34-26 35-27
es002.s025	{ } : MathML container .	{ } : contenedor MathML.	0-0 1-1 2-2 3-4 4-3 5-5
es002.s026	It can be used to define a container .	Se puede utilizar para definir un contenedor.	0-0 1-1 2-6 3-2 4-3 5-4 6-5 7-6 8-7
es002.s027	Mainly useful for working with piecewise .	Principalmente útil para trabajar con archivos .	0-0 1-1 2-2 3-3 4-4 5-5 6-6
es002.s028	Now you could ask me , why should the user mind about MathML ?	Ahora podrías preguntarme, ¿por qué al usuario debería importarle MathML?	0-0 1-1 2-1 3-2 4-2 5-3 6-6 7-9 8-7 9-8 11-10 12-11 13-12
es002.s029	That s easy . With this , we can operate with functions like cos() , sin() , any other trigonometric functions , sum() or product() .	Eso es fácil . Con esto, podemos operar con funciones como cos(), sin(), cualquier otra función trigonométrica, sum() o product().	0-0 1-1 2-2 3-3 4-4 5-5 6-6 8-7 9-8 10-9 11-8 11-10 12-11 13-12 13-13 13-14 14-15 15-16 15-17 15-18 16-19 17-20 18-21 19-23 20-22 21-24 22-25 22-26 22-27 23-28 24-29 24-30 24-31 25-32
es002.s030	It does not matter what kind it is .	No importa de qué tipo sea.	0-2 2-0 3-1 4-3 5-4 7-5 8-6
es002.s031	We can use plus() , times() and everything which has its operator .	Podemos usar plus(), times() y todo lo que tenga su operador.	0-11 1-0 2-1 3-2 3-3 3-4 4-5 5-6 5-7 5-8 6-9 7-10 8-12 9-13 10-14 11-15 12-16
es002.s032	kalgebra 's console is useful as a calculator .	La consola de Kalgebra es útil como calculadora.	0-3 1-2 2-1 3-4 4-5 5-6 6-0 7-7 8-8
es002.s033	There you have a list of the declared variables .	Ahí tienes una lista de las variables declaradas.	0-0 1-0 2-1 3-2 4-3 5-4 6-5 7-7 8-6 9-8
es002.s034	By double clicking on them you will see a dialog that lets you change their values ( just a way to trick the log ) .	Al hacer doble clic en ellos, verá un cuadro de diálogo que le permitirá cambiar sus valores (sólo una forma de engañar al registro).	0-0 1-2 2-1 2-3 3-4 4-5 5-6 6-7 7-7 8-8 9-11 10-12 11-14 12-13 13-15 14-16 15-17 16-18 17-19 18-20 19-21 20-22 21-23 22-23 23-25 24-26 25-27
es002.s035	"Every time you enter an expression , the """""""" ans """""""" variable value will be changed to the last result ."	Cada vez que ingresa una expresión, el valor de la variable &quot;&quot;&quot;&quot; y &quot;&quot;&quot;&quot; se cambiará al último resultado.	0-0 1-1 2-2 3-3 4-4 5-5 6-6 7-7 8-13 8-17 9-15 10-13 10-17 10-18 11-11 12-8 13-20 14-19 15-20 16-21 17-10 18-22 19-23 20-24
es002.s036	Ctrl N New Window	Ctrl N Nueva ventana	0-0 1-1 2-2 3-3
es002.s037	Flushes the log .	Limpia el registro.	0-0 1-1 2-2 3-3
es002.s038	Ctrl L Load Script	Ctrl L Cargar secuencia de comandos	0-0 1-1 2-2 3-3
es002.s039	Executes the instructions in a file sequentially .	Ejecuta las instrucciones de un archivo de forma secuencial.	0-0 1-1 2-2 3-3 4-4 5-5 6-8 7-9
es002.s040	Nice if you want to define some libraries or resume some previous work .	Es bueno si desea definir algunas bibliotecas o reanudar algún trabajo anterior.	0-1 1-2 2-0 3-3 4-8 5-4 6-5 7-6 8-7 9-8 10-9 11-11 12-10 13-12
es002.s041	Ctrl G Save Script	Ctrl G Guardar secuencia de comandos	0-0 1-1 2-2 3-3
es002.s042	Saves the instructions you have typed since the session began to be able to reuse .	Guarda las instrucciones que has escrito desde que comenzó la sesión para poder reutilizarlas.	0-0 1-1 2-2 3-3 4-4 5-5 5-7 6-6 7-9 8-10 9-8 10-11 11-13 12-12 13-13 14-13 15-14
es002.s043	Generates text files so it should be easy to fix using any text editor , like Kate .	Genera archivos de texto por lo que debería ser fácil de arreglar usando cualquier editor de texto, como Kate.	0-0 0-1 1-3 2-1 3-5 4-6 5-7 6-8 7-9 8-10 9-11 10-12 11-13 12-16 13-14 14-17 15-18 16-19 17-20
es002.s044	Ctrl S Save Log	Ctrl S Guardar registro	0-0 1-1 2-2 3-3
es002.s045	Saves the log with all results into an HTML file to be able to print or publish .	Guarda el registro con todos los resultados en un archivo HTML para poder imprimirlo o publicarlo.	0-0 1-1 2-2 3-3 4-4 5-6 6-7 7-8 8-10 9-9 10-11 12-12 13-9 14-13 15-14 16-15 17-16
es002.s046	Ctrl Q Quit	Ctrl Q Salir	0-0 1-1 2-2
es002.s047	Shuts the program down .	Cierra el programa.	0-0 1-1 2-2 4-3
es002.s048	To add a new 2D graph on kalgebra , what you have to do is to go to the 2D Graph tab and click in the Add tab to add the new function .	Para agregar un nuevo gráfico 2D en kalgebra, lo que tienes que hacer es ir a la pestaña Gráfico 2D y hacer clic en la pestaña Agregar para agregar la nueva función.	0-0 1-1 2-2 3-3 4-5 5-1 5-4 6-6 7-7 8-8 9-9 10-11 11-10 12-12 13-13 14-14 15-22 16-15 17-16 18-17 19-20 20-19 21-18 22-21 23-23 24-24 25-25 26-27 27-26 28-28 29-29 30-30 31-31 32-32 33-33
es002.s049	Then your focus will go to an input text box where you can type your function .	Luego su atención irá a un cuadro de texto de entrada donde podrá escribir su función.	0-0 1-1 2-2 4-3 5-4 6-5 7-10 8-8 9-6 10-11 11-9 12-12 13-13 14-14 15-15 16-16
es002.s050	If you want to use a typical f(x) function it is not necessary to specify it .	Si desea utilizar una función f(x) típica, no es necesario especificarla.	0-0 2-1 4-2 5-3 6-7 7-5 7-6 8-4 9-8 10-10 11-9 12-11 14-12 15-12 16-13
es002.s051	If you have entered the function click on the OK button to display the graph in the main window .	Si ha ingresado a la función haga clic en el botón Aceptar para mostrar el gráfico en la ventana principal.	0-0 1-3 2-1 3-2 4-4 5-5 6-6 7-8 8-9 9-11 10-10 11-12 12-13 13-14 14-15 15-16 16-17 17-19 18-18 19-20
es002.s052	You can set several graphs on the same view .	Puede configurar varios gráficos en la misma vista.	1-0 2-1 3-2 4-3 5-4 6-5 7-6 8-7 9-8
es002.s053	Just use the Add button when you are in List mode .	Simplemente use el botón Agregar cuando esté en el modo Lista.	0-0 1-1 2-2 3-4 4-3 5-5 6-4 7-6 8-7 9-10 10-9 11-11
es002.s054	You can set each graph its own color .	Puede configurar cada gráfico con su propio color.	0-4 1-0 2-1 3-2 4-3 5-5 6-6 7-7 8-8
es003.s002	The Foundation has recently been involved in organising a conference which dealt with this critical challenge .	La Fundación participó recientemente en la organización de una conferencia que abordó este desafío crítico.	0-0 1-1 2-2 3-3 4-3 5-2 6-4 7-6 8-8 9-9 10-10 11-11 13-12 14-14 15-13 16-15
es003.s003	Over 100 participants from the main interest groups attended and debated issues such as the role of key actors including public authorities , social partners , voluntary and community organisations as well as service users .	Más de 100 participantes de los principales grupos de interés asistieron y debatieron cuestiones como el papel de los actores clave, incluidas las autoridades públicas, los interlocutores sociales, las organizaciones voluntarias y comunitarias, así como los usuarios de los servicios.	0-0 0-1 1-2 2-3 3-4 4-5 5-6 6-9 7-7 8-10 9-11 10-12 11-13 13-14 14-15 15-16 16-17 17-20 18-19 18-28 19-22 20-25 21-24 22-21 22-26 23-29 24-28 25-26 25-30 26-33 27-34 28-35 29-32 30-37 32-38 33-43 34-40 35-44
es003.s004	There were relatively few cases reported of attempts to involve users in service planning but their involvement in service provision was found to be more common .	Se informaron relativamente pocos casos de intentos de involucrar a los usuarios en la planificación de servicios, pero se encontró que su participación en la prestación de servicios era más común.	0-0 1-1 2-2 3-3 4-4 5-1 6-5 7-6 8-7 9-8 10-11 11-12 12-28 13-14 14-18 15-22 16-23 17-24 18-16 19-26 20-29 21-20 24-30 25-31 26-32
es003.s005	Note was also taken of the variety of different roles played by public welfare	También se tomó nota de la variedad de funciones que desempeñan los servicios de bienestar público.	0-3 1-2 2-0 3-2 4-4 5-5 6-6 7-7 9-8 9-10 10-10 12-15 13-12 13-14
es003.s006	The Foundation organised , together with the European Commission , the Spanish Ministry of Social Affairs and the Galician regional government , a European conference on social exclusion : a major challenge for public welfare services .	La Fundación organizó, junto con la Comisión Europea, el Ministerio de Asuntos Sociales de España y la Xunta de Galicia, una conferencia europea sobre la exclusión social: un gran reto para los servicios públicos de bienestar.	0-0 1-1 2-2 3-3 4-4 5-5 6-6 7-8 8-7 9-9 10-10 11-16 12-11 13-12 14-14 15-13 16-17 17-18 18-14 18-21 20-19 21-22 22-23 23-25 24-24 25-26 26-29 27-27 27-28 28-30 29-31 30-32 31-33 32-34 33-37 34-39 35-36 36-40
es003.s007	The Foundation recently published a comparative study as part of the EPOC project which assesses the extent to which direct participation can humanise work while increasing profitability .	La Fundación ha publicado recientemente un estudio comparativo en el marco del proyecto EPOC que evalúa en qué medida la participación directa puede humanizar el trabajo aumentando al mismo tiempo la rentabilidad.	0-0 1-1 2-4 3-3 4-5 5-7 6-6 7-8 8-10 9-9 10-11 11-13 12-12 13-14 14-15 15-30 16-18 17-16 18-17 19-21 20-20 21-22 22-23 23-25 24-29 25-26 26-31 27-32
es003.s008	The study is based on 195 personal interviews with senior officials of the social partners as representatives of national level peak organisations in fifteen European countries .	El estudio se basa en 195 entrevistas personales con altos funcionarios de los interlocutores sociales como representantes de organizaciones de nivel nacional en quince países europeos.	0-0 1-1 2-2 3-3 4-4 5-5 6-7 7-6 8-8 9-9 10-10 11-11 12-12 13-14 14-13 15-15 16-13 16-16 17-17 18-21 19-20 21-18 22-22 23-23 24-25 25-24 26-26
es003.s009	As important industrial sectors , the metal industry and the banking sector were also included .	Como sectores industriales importantes, también se incluyeron la industria del metal y el sector bancario.	0-0 1-3 2-2 3-1 3-2 4-4 5-8 6-11 7-9 8-12 9-13 10-10 10-15 11-14 12-7 13-5 14-7 15-16
es003.s010	Key speakers at the social exclusion conference were ( left to right ) Cristina Louro , Employment , Industrial Relations and Social Affairs Directorate , European Commission Fernando Gomes , a high degree of Committee of the Regions Barbara Weiler , Member of the European Parliament José Maria Gil-Robles , Vice-President , European Parliament and John Carroll , Economic and Social Committee .	Los oradores principales en la conferencia sobre exclusión social fueron ( de izquierda a derecha ) Cristina Louro , Dirección de Empleo , Relaciones Industriales y Asuntos Sociales de la Comisión Europea Fernando Gomes , un alto grado del Comité de las Regiones Barbara Weiler , Miembro del Parlamento Europeo José Maria Gil- Robles, Vicepresidente del Parlamento Europeo y John Carroll, Comité Económico y Social.	0-2 1-1 2-3 3-4 4-8 5-6 5-7 6-5 7-9 8-10 9-12 10-13 11-14 12-15 13-16 14-17 15-18 16-21 17-22 18-24 19-23 19-24 20-25 21-27 22-26 23-19 24-22 25-31 26-30 27-32 28-33 29-34 30-35 31-36 32-37 34-39 35-40 36-41 37-42 38-43 39-44 40-45 41-46 42-38 43-47 44-49 45-48 46-50 47-51 48-52 48-53 49-54 50-55 51-54 52-58 53-57 54-59 55-60 56-61 57-62 58-64 59-65 60-66 61-63 62-67
es003.s011	Case Studies Each national report contains a portfolio of between 25 and 30 initiatives which best present policies and practices to improve the recruitment , training and development of ageing workers in both the work place and the community .	Estudios de caso Cada informe nacional contiene una cartera de entre 25 y 30 iniciativas que presentan mejor las políticas y prácticas para mejorar la contratación, la formación y el desarrollo de los trabajadores de edad avanzada tanto en el lugar de trabajo como en la comunidad.	0-0 1-0 2-3 3-5 4-4 5-6 6-7 7-8 8-9 9-10 10-11 11-12 12-13 13-14 14-15 15-17 16-16 17-19 18-20 19-18 19-21 20-22 21-23 22-24 23-25 24-26 25-28 26-29 27-31 28-32 29-36 29-37 30-34 31-39 32-38 33-40 34-43 35-41 36-44 37-46 38-47 39-48
es003.s012	For each country , two or three initiatives have been selected for further in depth case study .	Para cada país, se han seleccionado dos o tres iniciativas para realizar estudios de caso más detallados.	0-0 1-1 2-2 3-3 4-7 5-8 6-9 7-10 8-5 9-4 10-6 11-11 12-12 14-17 15-15 16-13 17-18
es003.s013	These case studies analysed the background of the initiatives , their impact on employment patterns and work organisations and assessed the benefits and problems of the initiative .	Estos estudios de caso analizaron los antecedentes de las iniciativas, su impacto en los patrones de empleo y las organizaciones laborales y evaluaron los beneficios y problemas de la iniciativa.	0-0 1-3 2-1 3-4 4-5 5-6 6-7 7-8 8-6 8-9 9-10 10-11 11-12 12-13 13-17 14-15 15-18 16-21 17-20 18-22 19-23 20-24 21-25 22-26 23-27 24-28 25-29 26-30 27-31
es003.s014	Visits and interviews with key personnel were also undertaken .	También se realizaron visitas y entrevistas con personal clave.	0-3 1-4 2-5 3-6 4-8 5-7 6-2 7-0 8-2 9-9
es003.s015	These national studies will form the basis of a European report which synthesises overall practices .	Estos estudios nacionales constituirán la base de un informe europeo que sintetizará las prácticas generales.	0-0 1-2 2-1 3-3 4-3 5-4 6-5 7-6 8-7 9-9 10-8 11-10 12-11 13-14 14-13 14-14 15-15
es003.s016	The report and a case book of initiatives will be published in 1996 and provide the backdrop for a conference to be staged in Autumn , 1996 .	El informe y un libro de casos de iniciativas se publicarán en 1996 y servirán de telón de fondo para una conferencia que se celebrará en otoño de 1996 .	0-0 1-1 2-2 3-3 4-6 5-4 6-7 7-8 8-10 9-9 10-10 11-11 12-12 13-13 14-14 15-16 16-16 16-18 17-19 18-20 19-21 21-23 22-22 22-24 23-25 24-26 25-27 25-29 26-28 27-29
es003.s017	The Foundation aims to document the characteristics of age barriers in job recruitment and training and to analyse their causes .	La Fundación tiene como objetivo documentar las características de las barreras de edad en la contratación y formación laboral y analizar sus causas.	0-0 1-1 2-2 3-4 4-5 5-6 6-7 6-9 7-8 8-12 9-10 10-13 11-18 12-15 13-16 14-17 15-19 17-20 18-21 19-22 20-23
es003.s018	The perspectives of the social partners is also being examined , with particular attention paid to proposals for removing age barriers .	También se examinan las perspectivas de los interlocutores sociales, prestando especial atención a las propuestas para eliminar las barreras de edad.	0-3 1-4 2-5 3-6 4-8 5-7 6-1 7-0 9-2 10-9 11-10 12-11 13-12 14-10 15-13 16-15 17-16 18-17 18-18 19-21 20-19 21-22
es003.s019	Thirdly , the project documents and assesses initiatives , in both the public and private sectors which combat age barriers , especially for older workers .	En tercer lugar, el proyecto documenta y evalúa iniciativas, tanto en el sector público como en el privado, que combaten las barreras de edad, especialmente para los trabajadores de mayor edad.	0-1 0-2 1-3 2-4 3-5 4-6 5-7 6-8 7-6 7-9 8-10 9-12 10-11 11-13 12-15 13-16 14-19 15-14 15-17 16-21 17-22 18-26 19-24 20-27 21-28 22-29 23-33 24-31 25-35
es003.s020	Seeking alternatives to early retirement and redundancy , the project is primarily concerned with the retention , reintegration and retraining of older workers .	Buscando alternativas a la jubilación anticipada y el despido, el proyecto se ocupa principalmente de la retención, reintegración y reciclaje de los trabajadores de mayor edad.	0-0 1-1 2-2 3-5 4-4 5-6 6-8 6-21 7-9 8-10 9-11 10-12 11-14 12-13 13-15 14-16 15-17 16-18 17-19 18-20 20-22 21-26 22-24 23-28
es003.s021	The gender and ethnic backgrounds of workers and how these relate to age discrimination are examined .	Se examinan el género y el origen étnico de los trabajadores y cómo se relacionan con la discriminación por edad.	0-2 1-3 2-4 3-7 4-6 4-7 5-8 6-10 7-11 8-12 10-14 11-15 12-19 13-17 14-0 15-1 16-20
es003.s022	The project also considers initiatives to combat age discrimination in rural areas and in small and medium sized enterprises .	El proyecto también considera iniciativas para combatir la discriminación por edad en las zonas rurales y en las pequeñas y medianas empresas.	0-0 1-1 2-2 3-3 4-4 4-6 5-5 6-6 7-10 8-8 9-11 10-14 11-13 12-15 13-16 14-18 15-19 16-20 17-20 18-14 18-21 19-22
es003.s023	Seven member states are covered by the project : Belgium , France , Germany , Greece , Italy , the Netherlands and the United Kingdom .	El proyecto abarca siete Estados miembros: Bélgica, Francia, Alemania, Grecia, Italia, Países Bajos y Reino Unido.	0-3 1-5 2-4 3-2 4-2 6-0 7-1 8-6 9-7 10-8 11-9 12-10 13-11 14-12 15-13 16-14 17-15 18-16 19-18 20-17 21-19 22-17 23-20 24-21 25-22
es004.s001	This document is a summary of the European Public Assessment Report .	Este documento es un resumen del Informe Público Europeo de Evaluación.	0-0 1-1 2-2 3-3 4-4 5-5 6-6 7-8 8-7 9-10 10-6 11-11
es004.s002	It explains how the Committee for Medicinal Products for Veterinary Use ( CVMP ) assessed the studies performed , to reach their recommendations on how to use the medicine .	Explica cómo el Comité de Medicamentos de Uso Veterinario (CVMP) evaluó los estudios realizados para llegar a sus recomendaciones sobre cómo utilizar el medicamento.	1-0 2-1 3-2 4-3 5-4 6-5 6-25 7-5 8-6 9-8 10-7 11-9 12-10 13-11 14-12 15-13 16-14 17-15 19-16 20-17 21-19 22-20 23-21 24-22 26-23 27-24 28-25 29-26
es004.s003	What is Cerenia ?	¿Qué es Cerenia?	0-1 1-2 2-3 3-4
es004.s004	Cerenia contains the active substance maropitant and is available as tablet or as solution for injection .	Cerenia contiene el principio activo maropitant y está disponible en forma de comprimidos o solución inyectable.	0-0 1-1 2-2 3-4 4-3 5-5 6-6 7-7 8-8 9-10 10-12 11-13 13-14 15-15 16-16
es004.s005	The tablets are pale-orange and have a score line on both sides so that they can be halved .	Los comprimidos son de color naranja pálido y tienen una ranura en ambos lados para poder dividirlos por la mitad.	0-0 1-1 2-2 3-4 3-5 3-6 4-7 5-8 6-9 7-10 8-10 9-11 10-12 11-13 12-14 14-16 15-15 17-16 18-20
es004.s006	Each tablet is marked with the Pfizer logo on one side and with the letters MPT and the quantity of maropitant on the other side .	Cada comprimido está marcado con el logo de Pfizer en un lado y con las letras MPT y la cantidad de maropitant en el otro lado.	0-0 1-1 2-2 3-3 4-4 5-5 6-8 7-6 8-9 9-10 10-11 11-12 12-13 13-14 14-15 15-16 16-17 17-18 18-7 18-19 19-20 20-21 21-22 22-23 23-24 24-25 25-26
es004.s007	What is Cerenia used for ?	¿Para qué se utiliza Cerenia?	0-2 1-3 2-5 3-4 4-1 5-6
es004.s008	Cerenia is an anti-emetic , this means that it stops vomiting .	Cerenia es un antiemético, esto significa que detiene el vómito.	0-0 1-1 2-2 3-3 4-4 5-5 6-6 7-7 9-8 10-10 11-11
es004.s009	It is used in dogs to prevent vomiting such as vomiting caused by chemotherapy ( medicines used for the treatment of cancer , some of which are known to cause vomiting ) .	Se utiliza en perros para prevenir los vómitos, como los provocados por la quimioterapia (medicamentos utilizados para el tratamiento del cáncer, algunos de los cuales se sabe que provocan vómitos).	1-0 2-1 3-2 4-3 5-4 6-5 7-7 8-8 9-9 10-11 11-11 12-12 13-14 14-15 15-16 16-17 17-18 18-19 19-20 20-21 21-22 22-23 23-24 24-25 25-27 26-31 27-29 28-30 29-31 30-32 31-33 32-34
es004.s010	In combination with supportive measures such as other veterinary treatment or a special diet , Cerenia can also be used in the treatment of vomiting ( either as injection or as injection followed by tablets ) .	En combinación con medidas de apoyo, como otros tratamientos veterinarios o una dieta especial, Cerenia también se puede utilizar en el tratamiento de los vómitos (ya sea como inyección o como inyección seguida de comprimidos).	0-0 1-1 2-2 3-5 4-3 4-9 5-6 6-7 7-8 8-10 9-9 10-11 11-12 12-14 13-13 14-6 14-15 15-16 16-19 17-17 18-18 19-20 20-21 21-22 22-23 23-24 24-26 25-27 26-29 27-30 28-31 29-32 30-33 31-34 32-35 33-36 34-37 35-38 36-39
es004.s011	For these purposes , Cerenia can be given for up to five days	Para estos fines, Cerenia se puede administrar durante un máximo de cinco días.	0-0 1-1 2-2 2-14 3-3 4-4 5-6 6-7 7-7 8-8 9-9 9-10 10-12 11-13
es004.s012	How does Cerenia work ?	¿Cómo funciona Cerenia?	0-1 1-0 2-3 3-2 4-4
es004.s013	Cerenia blocks a neurokinin 1 ( NK1 ) receptor , which acts in the central nervous system .	Cerenia bloquea un receptor de neuroquinina 1 (NK1), que actúa en el sistema nervioso central.	0-0 1-1 2-2 3-5 4-6 5-7 6-8 7-9 8-3 9-10 10-11 11-12 12-13 13-14 14-17 15-16 16-15 17-18
es004.s014	How has Cerenia been studied ?	¿Cómo se ha estudiado Cerenia?	0-1 1-3 2-5 3-2 4-4 5-6
es004.s015	A large number of studies with Cerenia were carried out either in laboratory dogs or in animal patients at veterinary practises in several European countries and in the USA .	Se llevaron a cabo un gran número de estudios con Cerenia en perros de laboratorio o en pacientes animales en consultas veterinarias de varios países europeos y EE.UU.	0-4 1-5 2-6 3-7 4-8 5-9 6-10 7-1 8-1 9-3 11-11 12-14 13-12 14-15 15-16 16-18 17-17 19-21 20-20 21-19 22-23 23-25 24-24 25-26 26-22 27-25 28-27 29-27
es004.s016	What benefit has Cerenia shown during the studies ?	¿Qué beneficio ha demostrado Cerenia durante los estudios?	0-1 1-2 2-3 3-5 4-4 5-6 6-7 7-8 8-9
es004.s017	The results of the studies showed that Cerenia was more effective than the placebo : less vomiting was seen in dogs that received the medicine than in dogs that received a placebo , both in the treatment or in the prevention of vomiting .	Los resultados de los estudios demostraron que Cerenia fue más eficaz que el placebo: se observaron menos vómitos en los perros que recibieron el medicamento que en los perros que recibieron un placebo, tanto en el tratamiento como en la prevención de los vómitos.	0-0 1-1 2-2 3-3 4-4 5-5 6-6 7-7 8-8 9-9 10-10 11-11 12-12 13-13 14-14 15-17 16-18 17-16 18-16 19-19 20-21 21-22 22-23 23-24 24-25 25-26 26-27 27-29 28-30 29-31 30-32 31-33 32-34 33-35 34-36 35-37 36-38 37-39 38-40 39-41 40-42 41-43 42-45 43-46
es004.s018	The treatment of a vomiting dog should be started with the injection , since vomiting animals might not be able to keep a tablet down ( as they might throw the intact tablet up again ) .	El tratamiento de un perro que vomita debe iniciarse con la inyección, ya que los animales que vomitan podrían no ser capaces de retener una tableta (ya que podrían arrojar la tableta intacta nuevamente).	0-0 1-1 2-2 3-3 4-6 5-4 6-7 7-8 8-8 9-9 10-10 11-11 12-12 13-13 14-18 15-16 16-19 17-20 18-21 19-22 20-23 21-24 22-25 23-26 25-27 26-28 27-15 28-30 29-31 30-32 31-34 32-33 34-35 35-36 36-37
es004.s019	For follow-up treatment , the animal owner can administer the tablets to the dog .	Para el tratamiento posterior, el dueño del animal puede administrar los comprimidos al perro.	0-0 1-3 2-2 3-4 4-5 5-8 6-6 7-9 8-10 9-11 10-12 11-13 12-7 13-14 14-15
es004.s020	Also , the treatment of vomiting should only be together with other supportive measure or other veterinary therapy while addressing the underlying causes of the vomiting .	Además, el tratamiento de los vómitos sólo debe realizarse junto con otras medidas de apoyo u otra terapia veterinaria mientras se abordan las causas subyacentes de los vómitos.	0-0 1-1 2-2 3-3 4-4 5-6 6-8 7-7 8-9 9-10 10-11 11-12 12-15 13-13 14-16 15-17 16-19 17-18 18-20 19-22 20-23 21-25 22-24 23-26 24-27 25-28 26-29
es004.s021	What is the risk associated with Cerenia ?	¿Cuál es el riesgo asociado con Cerenia?	0-1 1-2 2-3 3-4 4-5 5-6 6-7 7-8
es004.s022	Cerenia was generally well tolerated when administered daily at dosages up to 5 times the recommended doses for an extended period of time ( up to 3 times the recommended maximum duration of treatment ) .	Cerenia fue generalmente bien tolerada cuando se administró diariamente en dosis de hasta 5 veces las dosis recomendadas durante un período prolongado (hasta 3 veces la duración máxima recomendada del tratamiento).	0-0 1-1 2-2 3-3 4-4 5-5 6-6 6-7 7-8 8-9 9-10 11-12 12-13 13-14 14-15 15-17 16-16 16-17 17-18 18-19 19-21 20-20 21-11 23-22 24-23 26-24 27-25 28-26 29-29 30-28 31-27 32-30 33-31 34-32 35-33
es004.s023	What are the precautions for the person who gives the medicine or comes into contact with the animal ?	¿Cuáles son las precauciones para la persona que administra el medicamento o entra en contacto con el animal?	0-1 1-2 2-3 3-4 4-5 5-6 6-7 7-8 8-9 9-10 10-11 11-12 12-13 13-14 14-15 15-16 16-17 17-18 18-19
es004.s024	Cerenia does not represent a particular risk for people .	Cerenia no representa un riesgo particular para las personas.	0-0 1-1 2-1 3-2 4-3 5-5 6-4 7-6 8-8 9-9
