Token ID	Token	Lemma	POS
es001.s001.t001	Este	este	DET
es001.s001.t002	documento	documento	NOUN
es001.s001.t003	es	ser	AUX
es001.s001.t004	un	uno	DET
es001.s001.t005	resumen	resumen	NOUN
es001.s001.t006	del	del	ADP
es001.s001.t007	Informe	Informe	PROPN
es001.s001.t008	Público	Público	PROPN
es001.s001.t009	Europeo	Europeo	PROPN
es001.s001.t010	de	de	ADP
es001.s001.t011	Evaluación	Evaluación	PROPN
es001.s001.t012	(	(	PUNCT
es001.s001.t013	EPAR	EPAR	PROPN
es001.s001.t014	)	)	PUNCT
es001.s001.t015	.	.	PUNCT
es001.s002.t001	Explica	explicar	VERB
es001.s002.t002	cómo	cómo	PRON
es001.s002.t003	el	el	DET
es001.s002.t004	Comité	Comité	PROPN
es001.s002.t005	de	de	ADP
es001.s002.t006	Medicamentos	Medicamentos	PROPN
es001.s002.t007	de	de	ADP
es001.s002.t008	Uso	Uso	PROPN
es001.s002.t009	Humano	Humano	PROPN
es001.s002.t010	(	(	PUNCT
es001.s002.t011	CHMP	CHMP	PROPN
es001.s002.t012	)	)	PUNCT
es001.s002.t013	evaluó	evaluó	VERB
es001.s002.t014	los	el	DET
es001.s002.t015	estudios	estudio	NOUN
es001.s002.t016	realizados	realizado	ADJ
es001.s002.t017	para	para	ADP
es001.s002.t018	llegar	llegar	VERB
es001.s002.t019	a	a	ADP
es001.s002.t020	sus	su	DET
es001.s002.t021	recomendaciones	recomendación	NOUN
es001.s002.t022	sobre	sobre	ADP
es001.s002.t023	cómo	cómo	PRON
es001.s002.t024	utilizar	utilizar	VERB
es001.s002.t025	el	el	DET
es001.s002.t026	medicamento	medicamento	NOUN
es001.s002.t027	.	.	PUNCT
es001.s003.t001	Si	si	SCONJ
es001.s003.t002	necesita	necesitar	VERB
es001.s003.t003	más	más	ADV
es001.s003.t004	información	información	NOUN
es001.s003.t005	sobre	sobre	ADP
es001.s003.t006	su	su	DET
es001.s003.t007	condición	condición	NOUN
es001.s003.t008	médica	médico	ADJ
es001.s003.t009	o	o	CCONJ
es001.s003.t010	su	su	DET
es001.s003.t011	tratamiento	tratamiento	NOUN
es001.s003.t012	,	,	PUNCT
es001.s003.t013	lea	lea	VERB
es001.s003.t014	el	el	DET
es001.s003.t015	prospecto	prospecto	NOUN
es001.s003.t016	(	(	PUNCT
es001.s003.t017	también	también	ADV
es001.s003.t018	parte	parte	NOUN
es001.s003.t019	del	del	ADP
es001.s003.t020	EPAR	EPAR	PROPN
es001.s003.t021	)	)	PUNCT
es001.s003.t022	o	o	CCONJ
es001.s003.t023	comuníquese	comuníquese	VERB
es001.s003.t024	con	con	ADP
es001.s003.t025	su	su	DET
es001.s003.t026	médico	médico	NOUN
es001.s003.t027	o	o	CCONJ
es001.s003.t028	farmacéutico	farmacéutico	ADJ
es001.s003.t029	.	.	PUNCT
es001.s004.t001	Si	si	SCONJ
es001.s004.t002	desea	desear	VERB
es001.s004.t003	obtener	obtener	VERB
es001.s004.t004	más	más	ADV
es001.s004.t005	información	información	NOUN
es001.s004.t006	sobre	sobre	ADP
es001.s004.t007	la	el	DET
es001.s004.t008	base	base	NOUN
es001.s004.t009	de	de	ADP
es001.s004.t010	las	el	DET
es001.s004.t011	recomendaciones	recomendación	NOUN
es001.s004.t012	del	del	ADP
es001.s004.t013	CHMP	CHMP	PROPN
es001.s004.t014	,	,	PUNCT
es001.s004.t015	lea	lea	VERB
es001.s004.t016	el	el	DET
es001.s004.t017	debate	debate	NOUN
es001.s004.t018	científico	científico	ADJ
es001.s004.t019	(	(	PUNCT
es001.s004.t020	también	también	ADV
es001.s004.t021	parte	parte	NOUN
es001.s004.t022	del	del	ADP
es001.s004.t023	EPAR	EPAR	PROPN
es001.s004.t024	)	)	PUNCT
es001.s004.t025	.	.	PUNCT
es001.s005.t001	¿	¿	PUNCT
es001.s005.t002	Qué	qué	PRON
es001.s005.t003	es	ser	AUX
es001.s005.t004	Alimta	Alimta	PROPN
es001.s005.t005	?	?	PUNCT
es001.s006.t001	Alimta	Alimta	PROPN
es001.s006.t002	es	ser	AUX
es001.s006.t003	un	uno	DET
es001.s006.t004	polvo	polvo	NOUN
es001.s006.t005	que	que	PRON
es001.s006.t006	se	él	PRON
es001.s006.t007	convierte	convertir	VERB
es001.s006.t008	en	en	ADP
es001.s006.t009	una	uno	DET
es001.s006.t010	solución	solución	NOUN
es001.s006.t011	para	para	ADP
es001.s006.t012	perfusión	perfusión	NOUN
es001.s006.t013	(	(	PUNCT
es001.s006.t014	goteo	goteo	NOUN
es001.s006.t015	en	en	ADP
es001.s006.t016	una	uno	DET
es001.s006.t017	vena	vena	NOUN
es001.s006.t018	)	)	PUNCT
es001.s006.t019	.	.	PUNCT
es001.s007.t001	Contiene	contener	VERB
es001.s007.t002	el	el	DET
es001.s007.t003	principio	principio	NOUN
es001.s007.t004	activo	activo	ADJ
es001.s007.t005	pemetrexed	pemetrexed	ADJ
es001.s007.t006	.	.	PUNCT
es001.s008.t001	¿	¿	PUNCT
es001.s008.t002	Para	Para	ADP
es001.s008.t003	qué	qué	PRON
es001.s008.t004	se	él	PRON
es001.s008.t005	utiliza	utilizar	VERB
es001.s008.t006	Alimta	Alimta	PROPN
es001.s008.t007	?	?	PUNCT
es001.s009.t001	Alimta	Alimta	PROPN
es001.s009.t002	se	él	PRON
es001.s009.t003	utiliza	utilizar	VERB
es001.s009.t004	para	para	ADP
es001.s009.t005	tratar	tratar	VERB
es001.s009.t006	dos	dos	NUM
es001.s009.t007	tipos	tipo	NOUN
es001.s009.t008	de	de	ADP
es001.s009.t009	cáncer	cáncer	NOUN
es001.s009.t010	:	:	PUNCT
es001.s009.t011	mesotelioma	mesotelioma	NOUN
es001.s009.t012	pleural	pleural	ADJ
es001.s009.t013	(	(	PUNCT
es001.s009.t014	cáncer	cáncer	NOUN
es001.s009.t015	del	del	ADP
es001.s009.t016	revestimiento	revestimiento	NOUN
es001.s009.t017	de	de	ADP
es001.s009.t018	los	el	DET
es001.s009.t019	pulmones	pulmón	NOUN
es001.s009.t020	que	que	PRON
es001.s009.t021	generalmente	generalmente	ADV
es001.s009.t022	es	ser	AUX
es001.s009.t023	causado	causar	VERB
es001.s009.t024	por	por	ADP
es001.s009.t025	la	el	DET
es001.s009.t026	exposición	exposición	NOUN
es001.s009.t027	al	al	ADP
es001.s009.t028	asbesto	asbesto	NOUN
es001.s009.t029	)	)	PUNCT
es001.s009.t030	.	.	PUNCT
es001.s010.t001	Alimta	Alimta	PROPN
es001.s010.t002	se	él	PRON
es001.s010.t003	utiliza	utilizar	VERB
es001.s010.t004	junto	junto	ADJ
es001.s010.t005	con	con	ADP
es001.s010.t006	cisplatino	cisplatino	NOUN
es001.s010.t007	(	(	PUNCT
es001.s010.t008	otro	otro	DET
es001.s010.t009	medicamento	medicamento	NOUN
es001.s010.t010	anticancerígeno	anticancerígeno	ADJ
es001.s010.t011	)	)	PUNCT
es001.s010.t012	cuando	cuando	SCONJ
es001.s010.t013	el	el	DET
es001.s010.t014	cáncer	cáncer	NOUN
es001.s010.t015	es	ser	AUX
es001.s010.t016	irresecable	irresecable	ADJ
es001.s010.t017	(	(	PUNCT
es001.s010.t018	no	no	ADV
es001.s010.t019	puede	poder	AUX
es001.s010.t020	extirparse	extirpar él	VERB
es001.s010.t021	únicamente	únicamente	ADV
es001.s010.t022	mediante	mediante	ADP
es001.s010.t023	cirugía	cirugía	NOUN
es001.s010.t024	)	)	PUNCT
es001.s010.t025	y	y	CCONJ
es001.s010.t026	maligno	maligno	ADJ
es001.s010.t027	(	(	PUNCT
es001.s010.t028	se	él	PRON
es001.s010.t029	ha	haber	AUX
es001.s010.t030	extendido	extender	VERB
es001.s010.t031	o	o	CCONJ
es001.s010.t032	es	ser	AUX
es001.s010.t033	probable	probable	ADJ
es001.s010.t034	que	que	SCONJ
es001.s010.t035	se	él	PRON
es001.s010.t036	extienda	extiendar	VERB
es001.s010.t037	fácilmente	fácilmente	ADV
es001.s010.t038	a	a	ADP
es001.s010.t039	otras	otro	DET
es001.s010.t040	partes	parte	NOUN
es001.s010.t041	del	del	ADP
es001.s010.t042	cuerpo	cuerpo	NOUN
es001.s010.t043	)	)	PUNCT
es001.s010.t044	,	,	PUNCT
es001.s010.t045	en	en	ADP
es001.s010.t046	pacientes	paciente	NOUN
es001.s010.t047	que	que	PRON
es001.s010.t048	no	no	ADV
es001.s010.t049	recibió	recibir	VERB
es001.s010.t050	quimioterapia	quimioterapia	NOUN
es001.s010.t051	(	(	PUNCT
es001.s010.t052	medicamentos	medicamento	NOUN
es001.s010.t053	para	para	ADP
es001.s010.t054	el	el	DET
es001.s010.t055	cáncer	cáncer	NOUN
es001.s010.t056	)	)	PUNCT
es001.s010.t057	antes	antes	ADV
es001.s010.t058	de	de	ADP
es001.s010.t059	un	uno	DET
es001.s010.t060	cáncer	cáncer	NOUN
es001.s010.t061	de	de	ADP
es001.s010.t062	pulmón	pulmón	NOUN
es001.s010.t063	de	de	ADP
es001.s010.t064	células	célula	NOUN
es001.s010.t065	no	no	ADV
es001.s010.t066	pequeñas	pequeño	ADJ
es001.s010.t067	avanzado	avanzado	ADJ
es001.s010.t068	o	o	CCONJ
es001.s010.t069	metastásico	metastásico	ADJ
es001.s010.t070	que	que	PRON
es001.s010.t071	no	no	ADV
es001.s010.t072	afecta	afectar	VERB
es001.s010.t073	a	a	ADP
es001.s010.t074	las	el	DET
es001.s010.t075	células	célula	NOUN
es001.s010.t076	escamosas	escamosa	ADJ
es001.s010.t077	.	.	PUNCT
es001.s011.t001	Alimta	Alimta	PROPN
es001.s011.t002	se	él	PRON
es001.s011.t003	utiliza	utilizar	VERB
es001.s011.t004	en	en	ADP
es001.s011.t005	combinación	combinación	NOUN
es001.s011.t006	con	con	ADP
es001.s011.t007	cisplatino	cisplatino	NOUN
es001.s011.t008	en	en	ADP
es001.s011.t009	pacientes	paciente	NOUN
es001.s011.t010	que	que	PRON
es001.s011.t011	no	no	ADV
es001.s011.t012	han	haber	AUX
es001.s011.t013	sido	ser	AUX
es001.s011.t014	tratados	tratar	VERB
es001.s011.t015	antes	antes	ADV
es001.s011.t016	,	,	PUNCT
es001.s011.t017	y	y	CCONJ
es001.s011.t018	solo	solo	NOUN
es001.s011.t019	en	en	ADP
es001.s011.t020	pacientes	paciente	NOUN
es001.s011.t021	que	que	PRON
es001.s011.t022	han	haber	AUX
es001.s011.t023	recibido	recibir	VERB
es001.s011.t024	otro	otro	DET
es001.s011.t025	tipo	tipo	NOUN
es001.s011.t026	de	de	ADP
es001.s011.t027	quimioterapia	quimioterapia	NOUN
es001.s011.t028	en	en	ADP
es001.s011.t029	el	el	DET
es001.s011.t030	pasado	pasado	NOUN
es001.s011.t031	.	.	PUNCT
es001.s012.t001	El	el	DET
es001.s012.t002	medicamento	medicamento	NOUN
es001.s012.t003	sólo	sólo	ADV
es001.s012.t004	podrá	poder	AUX
es001.s012.t005	dispensarse	dispensar él	VERB
es001.s012.t006	con	con	ADP
es001.s012.t007	receta	receta	NOUN
es001.s012.t008	médica	médico	ADJ
es001.s012.t009	.	.	PUNCT
es001.s013.t001	¿	¿	PUNCT
es001.s013.t002	Cómo	cómo	PRON
es001.s013.t003	se	él	PRON
es001.s013.t004	utiliza	utilizar	VERB
es001.s013.t005	Alimta	Alimta	PROPN
es001.s013.t006	?	?	PUNCT
es001.s014.t001	Alimta	Alimta	PROPN
es001.s014.t002	sólo	sólo	ADV
es001.s014.t003	debe	deber	AUX
es001.s014.t004	administrarse	administrar él	VERB
es001.s014.t005	bajo	bajo	ADP
es001.s014.t006	la	el	DET
es001.s014.t007	supervisión	supervisión	NOUN
es001.s014.t008	de	de	ADP
es001.s014.t009	un	uno	DET
es001.s014.t010	médico	médico	NOUN
es001.s014.t011	cualificado	cualificado	ADJ
es001.s014.t012	en	en	ADP
es001.s014.t013	el	el	DET
es001.s014.t014	uso	uso	NOUN
es001.s014.t015	de	de	ADP
es001.s014.t016	quimioterapia	quimioterapia	NOUN
es001.s014.t017	anticancerígena	anticancerígén	ADJ
es001.s014.t018	.	.	PUNCT
es001.s015.t001	La	el	DET
es001.s015.t002	dosis	dosis	NOUN
es001.s015.t003	recomendada	recomendado	ADJ
es001.s015.t004	de	de	ADP
es001.s015.t005	Alimta	Alimta	PROPN
es001.s015.t006	es	ser	AUX
es001.s015.t007	de	de	ADP
es001.s015.t008	500	500	NUM
es001.s015.t009	mg	mg	NUM
es001.s015.t010	por	por	ADP
es001.s015.t011	metro	metro	NOUN
es001.s015.t012	cuadrado	cuadrado	NOUN
es001.s015.t013	de	de	ADP
es001.s015.t014	superficie	superficie	NOUN
es001.s015.t015	corporal	corporal	ADJ
es001.s015.t016	(	(	PUNCT
es001.s015.t017	calculada	calculado	ADJ
es001.s015.t018	utilizando	utilizar	VERB
es001.s015.t019	la	el	DET
es001.s015.t020	altura	altura	NOUN
es001.s015.t021	y	y	CCONJ
es001.s015.t022	el	el	DET
es001.s015.t023	peso	peso	NOUN
es001.s015.t024	del	del	ADP
es001.s015.t025	paciente	paciente	NOUN
es001.s015.t026	)	)	PUNCT
es001.s015.t027	.	.	PUNCT
es001.s016.t001	Se	él	PRON
es001.s016.t002	administra	administrar	VERB
es001.s016.t003	una	uno	DET
es001.s016.t004	vez	vez	NOUN
es001.s016.t005	cada	cada	DET
es001.s016.t006	tres	tres	NUM
es001.s016.t007	semanas	semana	NOUN
es001.s016.t008	en	en	ADP
es001.s016.t009	forma	forma	NOUN
es001.s016.t010	de	de	ADP
es001.s016.t011	infusión	infusión	NOUN
es001.s016.t012	intravenosa	intravenoso	ADJ
es001.s016.t013	que	que	PRON
es001.s016.t014	dura	durar	VERB
es001.s016.t015	10	10	NUM
es001.s016.t016	minutos	minuto	NOUN
es001.s016.t017	.	.	PUNCT
es001.s017.t001	Para	para	ADP
es001.s017.t002	reducir	reducir	VERB
es001.s017.t003	los	el	DET
es001.s017.t004	efectos	efecto	NOUN
es001.s017.t005	secundarios	secundario	ADJ
es001.s017.t006	,	,	PUNCT
es001.s017.t007	los	el	DET
es001.s017.t008	pacientes	paciente	NOUN
es001.s017.t009	deben	deber	AUX
es001.s017.t010	tomar	tomar	VERB
es001.s017.t011	un	uno	DET
es001.s017.t012	corticosteroide	corticosteroide	NOUN
es001.s017.t013	y	y	CCONJ
es001.s017.t014	ácido	ácido	NOUN
es001.s017.t015	fólico	fólico	ADJ
es001.s017.t016	(	(	PUNCT
es001.s017.t017	un	uno	DET
es001.s017.t018	tipo	tipo	NOUN
es001.s017.t019	de	de	ADP
es001.s017.t020	vitamina	vitamina	NOUN
es001.s017.t021	)	)	PUNCT
es001.s017.t022	y	y	CCONJ
es001.s017.t023	recibir	recibir	VERB
es001.s017.t024	inyecciones	inyección	NOUN
es001.s017.t025	de	de	ADP
es001.s017.t026	vitamina	vitamina	NOUN
es001.s017.t027	B12	B12	PROPN
es001.s017.t028	durante	durante	ADP
es001.s017.t029	el	el	DET
es001.s017.t030	tratamiento	tratamiento	NOUN
es001.s017.t031	con	con	ADP
es001.s017.t032	Alimta	Alimta	PROPN
es001.s017.t033	.	.	PUNCT
es001.s018.t001	Cuando	cuando	SCONJ
es001.s018.t002	Alimta	Alimta	PROPN
es001.s018.t003	se	él	PRON
es001.s018.t004	administra	administrar	VERB
es001.s018.t005	con	con	ADP
es001.s018.t006	cisplatino	cisplatino	NOUN
es001.s018.t007	,	,	PUNCT
es001.s018.t008	también	también	ADV
es001.s018.t009	se	él	PRON
es001.s018.t010	debe	deber	AUX
es001.s018.t011	administrar	administrar	VERB
es001.s018.t012	un	uno	DET
es001.s018.t013	medicamento	medicamento	NOUN
es001.s018.t014	antiemético	antiemético	ADJ
es001.s018.t015	(	(	PUNCT
es001.s018.t016	para	para	ADP
es001.s018.t017	prevenir	prevenir	VERB
es001.s018.t018	los	el	DET
es001.s018.t019	vómitos	vómito	NOUN
es001.s018.t020	)	)	PUNCT
es001.s018.t021	y	y	CCONJ
es001.s018.t022	líquidos	líquido	NOUN
es001.s018.t023	(	(	PUNCT
es001.s018.t024	para	para	ADP
es001.s018.t025	prevenir	prevenir	VERB
es001.s018.t026	la	el	DET
es001.s018.t027	deshidratación	deshidratación	NOUN
es001.s018.t028	)	)	PUNCT
es001.s018.t029	antes	antes	ADV
es001.s018.t030	o	o	CCONJ
es001.s018.t031	después	después	ADV
es001.s018.t032	de	de	ADP
es001.s018.t033	la	el	DET
es001.s018.t034	dosis	dosis	NOUN
es001.s018.t035	de	de	ADP
es001.s018.t036	cisplatino	cisplatino	NOUN
es001.s018.t037	.	.	PUNCT
es001.s019.t001	El	el	DET
es001.s019.t002	tratamiento	tratamiento	NOUN
es001.s019.t003	debe	deber	AUX
es001.s019.t004	retrasarse	retrasar él	VERB
es001.s019.t005	o	o	CCONJ
es001.s019.t006	suspenderse	suspender él	VERB
es001.s019.t007	,	,	PUNCT
es001.s019.t008	o	o	CCONJ
es001.s019.t009	reducirse	reducir él	VERB
es001.s019.t010	la	el	DET
es001.s019.t011	dosis	dosis	NOUN
es001.s019.t012	,	,	PUNCT
es001.s019.t013	en	en	ADP
es001.s019.t014	pacientes	paciente	NOUN
es001.s019.t015	cuyos	cuyo	PRON
es001.s019.t016	recuentos	recuento	NOUN
es001.s019.t017	sanguíneos	sanguíneo	ADJ
es001.s019.t018	son	ser	AUX
es001.s019.t019	anormales	anormal	ADJ
es001.s019.t020	o	o	CCONJ
es001.s019.t021	que	que	PRON
es001.s019.t022	tienen	tener	VERB
es001.s019.t023	otros	otro	DET
es001.s019.t024	efectos	efecto	NOUN
es001.s019.t025	secundarios	secundario	ADJ
es001.s019.t026	.	.	PUNCT
es001.s020.t001	No	no	ADV
es001.s020.t002	se	él	PRON
es001.s020.t003	recomienda	recomendar	VERB
es001.s020.t004	el	el	DET
es001.s020.t005	uso	uso	NOUN
es001.s020.t006	de	de	ADP
es001.s020.t007	Alimta	Alimta	PROPN
es001.s020.t008	en	en	ADP
es001.s020.t009	pacientes	paciente	NOUN
es001.s020.t010	con	con	ADP
es001.s020.t011	problemas	problema	NOUN
es001.s020.t012	renales	renal	ADJ
es001.s020.t013	moderados	moderado	ADJ
es001.s020.t014	o	o	CCONJ
es001.s020.t015	graves	grave	ADJ
es001.s020.t016	.	.	PUNCT
es001.s021.t001	Para	para	ADP
es001.s021.t002	obtener	obtener	VERB
es001.s021.t003	más	más	ADV
es001.s021.t004	información	información	NOUN
es001.s021.t005	,	,	PUNCT
es001.s021.t006	consulte	consulte	VERB
es001.s021.t007	el	el	DET
es001.s021.t008	Resumen	Resumen	PROPN
es001.s021.t009	de	de	ADP
es001.s021.t010	las	el	DET
es001.s021.t011	características	característica	NOUN
es001.s021.t012	del	del	ADP
es001.s021.t013	producto	producto	NOUN
es001.s021.t014	(	(	PUNCT
es001.s021.t015	también	también	ADV
es001.s021.t016	parte	parte	NOUN
es001.s021.t017	del	del	ADP
es001.s021.t018	EPAR	EPAR	PROPN
es001.s021.t019	)	)	PUNCT
es001.s021.t020	.	.	PUNCT
es001.s022.t001	¿	¿	PUNCT
es001.s022.t002	Cómo	cómo	PRON
es001.s022.t003	funciona	funcionar	VERB
es001.s022.t004	Alimta	Alimta	PROPN
es001.s022.t005	?	?	PUNCT
es001.s023.t001	El	el	DET
es001.s023.t002	principio	principio	NOUN
es001.s023.t003	activo	activo	ADJ
es001.s023.t004	de	de	ADP
es001.s023.t005	Alimta	Alimta	PROPN
es001.s023.t006	,	,	PUNCT
es001.s023.t007	pemetrexed	pemetrexed	NOUN
es001.s023.t008	,	,	PUNCT
es001.s023.t009	es	ser	AUX
es001.s023.t010	un	uno	DET
es001.s023.t011	medicamento	medicamento	NOUN
es001.s023.t012	citotóxico	citotóxico	ADJ
es001.s023.t013	(	(	PUNCT
es001.s023.t014	un	uno	DET
es001.s023.t015	medicamento	medicamento	NOUN
es001.s023.t016	que	que	PRON
es001.s023.t017	mata	matar	VERB
es001.s023.t018	las	el	DET
es001.s023.t019	células	célula	NOUN
es001.s023.t020	que	que	PRON
es001.s023.t021	se	él	PRON
es001.s023.t022	están	estar	AUX
es001.s023.t023	dividiendo	dividir	VERB
es001.s023.t024	,	,	PUNCT
es001.s023.t025	como	como	SCONJ
es001.s023.t026	las	el	DET
es001.s023.t027	células	célula	NOUN
es001.s023.t028	cancerosas	canceroso	ADJ
es001.s023.t029	)	)	PUNCT
es001.s023.t030	,	,	PUNCT
es001.s023.t031	que	que	PRON
es001.s023.t032	pertenece	pertenecer	VERB
es001.s023.t033	al	al	ADP
es001.s023.t034	grupo	grupo	NOUN
es001.s023.t035	de	de	ADP
es001.s023.t036	los	el	DET
es001.s023.t037	antimetabolitos	antimetabolito	NOUN
es001.s023.t038	.	.	PUNCT
es001.s024.t001	En	en	ADP
es001.s024.t002	el	el	DET
es001.s024.t003	cuerpo	cuerpo	NOUN
es001.s024.t004	,	,	PUNCT
es001.s024.t005	el	el	DET
es001.s024.t006	pemetrexed	pemetrexed	NOUN
es001.s024.t007	se	él	PRON
es001.s024.t008	convierte	convertir	VERB
es001.s024.t009	en	en	ADP
es001.s024.t010	una	uno	DET
es001.s024.t011	forma	forma	NOUN
es001.s024.t012	activa	activo	ADJ
es001.s024.t013	que	que	PRON
es001.s024.t014	bloquea	bloquear	VERB
es001.s024.t015	la	el	DET
es001.s024.t016	actividad	actividad	NOUN
es001.s024.t017	de	de	ADP
es001.s024.t018	las	el	DET
es001.s024.t019	enzimas	enzima	NOUN
es001.s024.t020	que	que	PRON
es001.s024.t021	participan	participar	VERB
es001.s024.t022	en	en	ADP
es001.s024.t023	la	el	DET
es001.s024.t024	producción	producción	NOUN
es001.s024.t025	de	de	ADP
es001.s024.t026	nucleótidos	nucleótido	NOUN
es001.s024.t027	(	(	PUNCT
es001.s024.t028	los	el	DET
es001.s024.t029	componentes	componente	NOUN
es001.s024.t030	básicos	básico	ADJ
es001.s024.t031	del	del	ADP
es001.s024.t032	ADN	ADN	PROPN
es001.s024.t033	y	y	CCONJ
es001.s024.t034	el	el	DET
es001.s024.t035	ARN	ARN	PROPN
es001.s024.t036	,	,	PUNCT
es001.s024.t037	el	el	DET
es001.s024.t038	material	material	NOUN
es001.s024.t039	genético	genético	ADJ
es001.s024.t040	de	de	ADP
es001.s024.t041	las	el	DET
es001.s024.t042	células	célula	NOUN
es001.s024.t043	)	)	PUNCT
es001.s024.t044	.	.	PUNCT
es001.s025.t001	¿	¿	PUNCT
es001.s025.t002	Cómo	cómo	PRON
es001.s025.t003	se	él	PRON
es001.s025.t004	ha	haber	AUX
es001.s025.t005	estudiado	estudiar	VERB
es001.s025.t006	Alimta	Alimta	PROPN
es001.s025.t007	?	?	PUNCT
es001.s026.t001	Para	para	ADP
es001.s026.t002	el	el	DET
es001.s026.t003	tratamiento	tratamiento	NOUN
es001.s026.t004	del	del	ADP
es001.s026.t005	mesotelioma	mesotelioma	NOUN
es001.s026.t006	pleural	pleural	ADJ
es001.s026.t007	maligno	maligno	ADJ
es001.s026.t008	,	,	PUNCT
es001.s026.t009	Alimta	Alimta	PROPN
es001.s026.t010	se	él	PRON
es001.s026.t011	ha	haber	AUX
es001.s026.t012	estudiado	estudiar	VERB
es001.s026.t013	en	en	ADP
es001.s026.t014	un	uno	DET
es001.s026.t015	estudio	estudio	NOUN
es001.s026.t016	principal	principal	ADJ
es001.s026.t017	en	en	ADP
es001.s026.t018	456	456	NUM
es001.s026.t019	pacientes	paciente	NOUN
es001.s026.t020	que	que	PRON
es001.s026.t021	no	no	ADV
es001.s026.t022	habían	haber	AUX
es001.s026.t023	recibido	recibir	VERB
es001.s026.t024	quimioterapia	quimioterapia	NOUN
es001.s026.t025	para	para	ADP
es001.s026.t026	su	su	DET
es001.s026.t027	enfermedad	enfermedad	NOUN
es001.s026.t028	antes	antes	ADV
es001.s026.t029	.	.	PUNCT
es001.s027.t001	Se	él	PRON
es001.s027.t002	compararon	comparar	VERB
es001.s027.t003	los	el	DET
es001.s027.t004	efectos	efecto	NOUN
es001.s027.t005	de	de	ADP
es001.s027.t006	Alimta	Alimta	PROPN
es001.s027.t007	en	en	ADP
es001.s027.t008	combinación	combinación	NOUN
es001.s027.t009	con	con	ADP
es001.s027.t010	cisplatino	cisplatino	NOUN
es001.s027.t011	con	con	ADP
es001.s027.t012	los	el	DET
es001.s027.t013	de	de	ADP
es001.s027.t014	cisplatino	cisplatino	NOUN
es001.s027.t015	solo	solo	ADJ
es001.s027.t016	.	.	PUNCT
es001.s028.t001	Para	para	ADP
es001.s028.t002	el	el	DET
es001.s028.t003	tratamiento	tratamiento	NOUN
es001.s028.t004	del	del	ADP
es001.s028.t005	cáncer	cáncer	NOUN
es001.s028.t006	de	de	ADP
es001.s028.t007	pulmón	pulmón	NOUN
es001.s028.t008	de	de	ADP
es001.s028.t009	células	célula	NOUN
es001.s028.t010	no	no	ADV
es001.s028.t011	pequeñas	pequeño	ADJ
es001.s028.t012	,	,	PUNCT
es001.s028.t013	los	el	DET
es001.s028.t014	efectos	efecto	NOUN
es001.s028.t015	de	de	ADP
es001.s028.t016	Alimta	Alimta	PROPN
es001.s028.t017	se	él	PRON
es001.s028.t018	compararon	comparar	VERB
es001.s028.t019	con	con	ADP
es001.s028.t020	los	el	DET
es001.s028.t021	de	de	ADP
es001.s028.t022	docetaxel	docetaxel	PROPN
es001.s028.t023	(	(	PUNCT
es001.s028.t024	otro	otro	DET
es001.s028.t025	medicamento	medicamento	NOUN
es001.s028.t026	contra	contra	ADP
es001.s028.t027	el	el	DET
es001.s028.t028	cáncer	cáncer	NOUN
es001.s028.t029	)	)	PUNCT
es001.s028.t030	en	en	ADP
es001.s028.t031	un	uno	DET
es001.s028.t032	estudio	estudio	NOUN
es001.s028.t033	en	en	ADP
es001.s028.t034	el	el	DET
es001.s028.t035	que	que	PRON
es001.s028.t036	participaron	participar	VERB
es001.s028.t037	571	571	NUM
es001.s028.t038	pacientes	paciente	NOUN
es001.s028.t039	con	con	ADP
es001.s028.t040	enfermedad	enfermedad	NOUN
es001.s028.t041	localmente	localmente	ADV
es001.s028.t042	avanzada	avanzado	ADJ
es001.s028.t043	o	o	CCONJ
es001.s028.t044	metastásica	metastásica	NOUN
es001.s028.t045	que	que	PRON
es001.s028.t046	habían	haber	AUX
es001.s028.t047	recibido	recibir	VERB
es001.s028.t048	quimioterapia	quimioterapia	NOUN
es001.s028.t049	en	en	ADP
es001.s028.t050	el	el	DET
es001.s028.t051	pasado	pasado	NOUN
es001.s028.t052	.	.	PUNCT
es001.s029.t001	Alimta	Alimta	PROPN
es001.s029.t002	también	también	ADV
es001.s029.t003	se	él	PRON
es001.s029.t004	comparó	comparar	VERB
es001.s029.t005	con	con	ADP
es001.s029.t006	gemcitabina	gemcitabina	NOUN
es001.s029.t007	(	(	PUNCT
es001.s029.t008	otro	otro	DET
es001.s029.t009	medicamento	medicamento	NOUN
es001.s029.t010	contra	contra	ADP
es001.s029.t011	el	el	DET
es001.s029.t012	cáncer	cáncer	NOUN
es001.s029.t013	)	)	PUNCT
es001.s029.t014	,	,	PUNCT
es001.s029.t015	ambos	ambos	NUM
es001.s029.t016	en	en	ADP
es001.s029.t017	combinación	combinación	NOUN
es001.s029.t018	con	con	ADP
es001.s029.t019	cisplatino	cisplatino	NOUN
es001.s029.t020	,	,	PUNCT
es001.s029.t021	en	en	ADP
es001.s029.t022	un	uno	DET
es001.s029.t023	estudio	estudio	NOUN
es001.s029.t024	en	en	ADP
es001.s029.t025	el	el	DET
es001.s029.t026	que	que	PRON
es001.s029.t027	participaron	participar	VERB
es001.s029.t028	1.725	1725	NUM
es001.s029.t029	pacientes	paciente	NOUN
es001.s029.t030	que	que	PRON
es001.s029.t031	no	no	ADV
es001.s029.t032	habían	haber	AUX
es001.s029.t033	recibido	recibir	VERB
es001.s029.t034	quimioterapia	quimioterapia	NOUN
es001.s029.t035	para	para	ADP
es001.s029.t036	el	el	DET
es001.s029.t037	cáncer	cáncer	NOUN
es001.s029.t038	de	de	ADP
es001.s029.t039	pulmón	pulmón	NOUN
es001.s029.t040	en	en	ADP
es001.s029.t041	el	el	DET
es001.s029.t042	pasado	pasado	NOUN
es001.s029.t043	.	.	PUNCT
es001.s030.t001	En	en	ADP
es001.s030.t002	los	el	DET
es001.s030.t003	tres	tres	NUM
es001.s030.t004	estudios	estudio	NOUN
es001.s030.t005	,	,	PUNCT
es001.s030.t006	la	el	DET
es001.s030.t007	principal	principal	ADJ
es001.s030.t008	medida	medida	NOUN
es001.s030.t009	de	de	ADP
es001.s030.t010	eficacia	eficacia	NOUN
es001.s030.t011	fue	ser	AUX
es001.s030.t012	cuánto	cuánto	ADV
es001.s030.t013	tiempo	tiempo	NOUN
es001.s030.t014	sobrevivieron	sobrevivir	VERB
es001.s030.t015	los	el	DET
es001.s030.t016	pacientes	paciente	NOUN
es001.s030.t017	.	.	PUNCT
es001.s031.t001	¿	¿	PUNCT
es001.s031.t002	Qué	qué	DET
es001.s031.t003	beneficio	beneficio	NOUN
es001.s031.t004	ha	haber	AUX
es001.s031.t005	demostrado	demostrar	VERB
es001.s031.t006	Alimta	Alimta	PROPN
es001.s031.t007	durante	durante	ADP
es001.s031.t008	los	el	DET
es001.s031.t009	estudios	estudio	NOUN
es001.s031.t010	?	?	PUNCT
es001.s032.t001	Alimta	Alimta	PROPN
es001.s032.t002	aumentó	aumentar	VERB
es001.s032.t003	el	el	DET
es001.s032.t004	tiempo	tiempo	NOUN
es001.s032.t005	de	de	ADP
es001.s032.t006	supervivencia	supervivencia	NOUN
es001.s032.t007	de	de	ADP
es001.s032.t008	los	el	DET
es001.s032.t009	pacientes	paciente	NOUN
es001.s032.t010	con	con	ADP
es001.s032.t011	mesotelioma	mesotelioma	NOUN
es001.s032.t012	pleural	pleural	ADJ
es001.s032.t013	maligno	maligno	ADJ
es001.s032.t014	.	.	PUNCT
es001.s033.t001	Los	el	DET
es001.s033.t002	pacientes	paciente	NOUN
es001.s033.t003	que	que	PRON
es001.s033.t004	recibieron	recibir	VERB
es001.s033.t005	Alimta	Alimta	PROPN
es001.s033.t006	y	y	CCONJ
es001.s033.t007	cisplatino	cisplatino	ADJ
es001.s033.t008	sobrevivieron	sobrevivir	VERB
es001.s033.t009	un	uno	DET
es001.s033.t010	promedio	promedio	NOUN
es001.s033.t011	de	de	ADP
es001.s033.t012	12,1	12.1	NUM
es001.s033.t013	meses	mes	NOUN
es001.s033.t014	,	,	PUNCT
es001.s033.t015	en	en	ADP
es001.s033.t016	comparación	comparación	NOUN
es001.s033.t017	con	con	ADP
es001.s033.t018	9,3	9.3	NUM
es001.s033.t019	meses	mes	NOUN
es001.s033.t020	en	en	ADP
es001.s033.t021	los	el	DET
es001.s033.t022	que	que	PRON
es001.s033.t023	recibieron	recibir	VERB
es001.s033.t024	cisplatino	cisplatino	NOUN
es001.s033.t025	solo	solo	ADJ
es001.s033.t026	.	.	PUNCT
es001.s034.t001	En	en	ADP
es001.s034.t002	el	el	DET
es001.s034.t003	tratamiento	tratamiento	NOUN
es001.s034.t004	de	de	ADP
es001.s034.t005	pacientes	paciente	NOUN
es001.s034.t006	con	con	ADP
es001.s034.t007	cáncer	cáncer	NOUN
es001.s034.t008	de	de	ADP
es001.s034.t009	pulmón	pulmón	NOUN
es001.s034.t010	de	de	ADP
es001.s034.t011	células	célula	NOUN
es001.s034.t012	no	no	ADV
es001.s034.t013	pequeñas	pequeño	ADJ
es001.s034.t014	,	,	PUNCT
es001.s034.t015	Alimta	Alimta	PROPN
es001.s034.t016	fue	ser	AUX
es001.s034.t017	tan	tanto	ADV
es001.s034.t018	eficaz	eficaz	ADJ
es001.s034.t019	como	como	SCONJ
es001.s034.t020	los	el	DET
es001.s034.t021	comparadores	comparador	NOUN
es001.s034.t022	.	.	PUNCT
es001.s035.t001	En	en	ADP
es001.s035.t002	pacientes	paciente	NOUN
es001.s035.t003	que	que	PRON
es001.s035.t004	habían	haber	AUX
es001.s035.t005	recibido	recibir	VERB
es001.s035.t006	quimioterapia	quimioterapia	NOUN
es001.s035.t007	en	en	ADP
es001.s035.t008	el	el	DET
es001.s035.t009	pasado	pasado	NOUN
es001.s035.t010	,	,	PUNCT
es001.s035.t011	el	el	DET
es001.s035.t012	tiempo	tiempo	NOUN
es001.s035.t013	de	de	ADP
es001.s035.t014	supervivencia	supervivencia	NOUN
es001.s035.t015	promedio	promedio	NOUN
es001.s035.t016	fue	ser	AUX
es001.s035.t017	de	de	ADP
es001.s035.t018	8,3	8.3	NUM
es001.s035.t019	meses	mes	NOUN
es001.s035.t020	con	con	ADP
es001.s035.t021	Alimta	Alimta	PROPN
es001.s035.t022	,	,	PUNCT
es001.s035.t023	en	en	ADP
es001.s035.t024	comparación	comparación	NOUN
es001.s035.t025	con	con	ADP
es001.s035.t026	7,9	7.9	NUM
es001.s035.t027	meses	mes	NOUN
es001.s035.t028	con	con	ADP
es001.s035.t029	docetaxel	docetaxel	PROPN
es001.s035.t030	.	.	PUNCT
es001.s036.t001	En	en	ADP
es001.s036.t002	los	el	DET
es001.s036.t003	pacientes	paciente	NOUN
es001.s036.t004	que	que	PRON
es001.s036.t005	no	no	ADV
es001.s036.t006	habían	haber	AUX
es001.s036.t007	recibido	recibir	VERB
es001.s036.t008	quimioterapia	quimioterapia	NOUN
es001.s036.t009	en	en	ADP
es001.s036.t010	el	el	DET
es001.s036.t011	pasado	pasado	NOUN
es001.s036.t012	,	,	PUNCT
es001.s036.t013	el	el	DET
es001.s036.t014	tiempo	tiempo	NOUN
es001.s036.t015	de	de	ADP
es001.s036.t016	supervivencia	supervivencia	NOUN
es001.s036.t017	promedio	promedio	NOUN
es001.s036.t018	fue	ser	AUX
es001.s036.t019	de	de	ADP
es001.s036.t020	10,3	10.3	NUM
es001.s036.t021	meses	mes	NOUN
es001.s036.t022	en	en	ADP
es001.s036.t023	ambos	ambos	NUM
es001.s036.t024	grupos	grupo	NOUN
es001.s036.t025	.	.	PUNCT
es001.s037.t001	Sin	sin	ADP
es001.s037.t002	embargo	embargo	NOUN
es001.s037.t003	,	,	PUNCT
es001.s037.t004	en	en	ADP
es001.s037.t005	ambos	ambos	NUM
es001.s037.t006	estudios	estudio	NOUN
es001.s037.t007	,	,	PUNCT
es001.s037.t008	los	el	DET
es001.s037.t009	pacientes	paciente	NOUN
es001.s037.t010	cuyo	cuyo	PRON
es001.s037.t011	cáncer	cáncer	NOUN
es001.s037.t012	no	no	ADV
es001.s037.t013	afectaba	afectar	VERB
es001.s037.t014	a	a	ADP
es001.s037.t015	las	el	DET
es001.s037.t016	células	célula	NOUN
es001.s037.t017	escamosas	escamosa	ADJ
es001.s037.t018	tuvieron	tener	VERB
es001.s037.t019	tiempos	tiempo	NOUN
es001.s037.t020	de	de	ADP
es001.s037.t021	supervivencia	supervivencia	NOUN
es001.s037.t022	más	más	ADV
es001.s037.t023	prolongados	prolongado	ADJ
es001.s037.t024	si	si	SCONJ
es001.s037.t025	recibieron	recibir	VERB
es001.s037.t026	Alimta	Alimta	PROPN
es001.s037.t027	que	que	PRON
es001.s037.t028	si	si	SCONJ
es001.s037.t029	recibieron	recibir	VERB
es001.s037.t030	el	el	DET
es001.s037.t031	comparador	comparador	NOUN
es001.s037.t032	.	.	PUNCT
es001.s038.t001	Por	por	ADP
es001.s038.t002	el	el	DET
es001.s038.t003	contrario	contrario	NOUN
es001.s038.t004	,	,	PUNCT
es001.s038.t005	los	el	DET
es001.s038.t006	pacientes	paciente	NOUN
es001.s038.t007	cuyo	cuyo	PRON
es001.s038.t008	cáncer	cáncer	NOUN
es001.s038.t009	afectaba	afectar	VERB
es001.s038.t010	a	a	ADP
es001.s038.t011	las	el	DET
es001.s038.t012	células	célula	NOUN
es001.s038.t013	escamosas	escamosa	ADJ
es001.s038.t014	tenían	tener	VERB
es001.s038.t015	tiempos	tiempo	NOUN
es001.s038.t016	de	de	ADP
es001.s038.t017	supervivencia	supervivencia	NOUN
es001.s038.t018	más	más	ADV
es001.s038.t019	cortos	corto	ADJ
es001.s038.t020	si	si	SCONJ
es001.s038.t021	recibían	recibir	VERB
es001.s038.t022	Alimta	Alimta	PROPN
es001.s038.t023	.	.	PUNCT
es002.s001.t001	Kalgebra	Kalgebra	PROPN
es002.s001.t002	es	ser	AUX
es002.s001.t003	una	uno	DET
es002.s001.t004	calculadora	calculadora	NOUN
es002.s001.t005	matemática	matemático	ADJ
es002.s001.t006	basada	basado	ADJ
es002.s001.t007	en	en	ADP
es002.s001.t008	el	el	DET
es002.s001.t009	lenguaje	lenguaje	NOUN
es002.s001.t010	de	de	ADP
es002.s001.t011	marcado	marcado	ADJ
es002.s001.t012	de	de	ADP
es002.s001.t013	contenido	contenido	NOUN
es002.s001.t014	MathML	MathML	PROPN
es002.s001.t015	.	.	PUNCT
es002.s002.t001	Hoy	hoy	NOUN
es002.s002.t002	en	en	ADP
es002.s002.t003	día	día	NOUN
es002.s002.t004	es	ser	AUX
es002.s002.t005	capaz	capaz	ADJ
es002.s002.t006	de	de	ADP
es002.s002.t007	realizar	realizar	VERB
es002.s002.t008	operaciones	operación	NOUN
es002.s002.t009	MathML	mathml	NOUN
es002.s002.t010	simples	simple	ADJ
es002.s002.t011	(	(	PUNCT
es002.s002.t012	aritméticas	aritmética	ADJ
es002.s002.t013	y	y	CCONJ
es002.s002.t014	lógicas	lógico	ADJ
es002.s002.t015	)	)	PUNCT
es002.s002.t016	y	y	CCONJ
es002.s002.t017	representar	representar	VERB
es002.s002.t018	gráficos	gráfico	ADJ
es002.s002.t019	2D	2d	NUM
es002.s002.t020	y	y	CCONJ
es002.s002.t021	3D.	3d.	NOUN
es002.s003.t001	En	en	ADP
es002.s003.t002	realidad	realidad	NOUN
es002.s003.t003	,	,	PUNCT
es002.s003.t004	no	no	ADV
es002.s003.t005	es	ser	AUX
es002.s003.t006	necesario	necesario	ADJ
es002.s003.t007	saber	saber	AUX
es002.s003.t008	MathML	mathml	NOUN
es002.s003.t009	para	para	ADP
es002.s003.t010	usar	usar	VERB
es002.s003.t011	kalgebra	kalgebra	PROPN
es002.s003.t012	.	.	PUNCT
es002.s004.t001	kalgebra	kalgebra	PROPN
es002.s004.t002	es	ser	AUX
es002.s004.t003	una	uno	DET
es002.s004.t004	calculadora	calculadora	NOUN
es002.s004.t005	gráfica	gráfico	ADJ
es002.s004.t006	basada	basado	ADJ
es002.s004.t007	en	en	ADP
es002.s004.t008	MathML	mathml	NOUN
es002.s004.t009	.	.	PUNCT
es002.s005.t001	Aunque	aunque	SCONJ
es002.s005.t002	inicialmente	inicialmente	ADV
es002.s005.t003	estaba	estar	AUX
es002.s005.t004	orientado	orientado	ADJ
es002.s005.t005	a	a	ADP
es002.s005.t006	MathML	MathML	PROPN
es002.s005.t007	,	,	PUNCT
es002.s005.t008	ahora	ahora	ADV
es002.s005.t009	puede	poder	AUX
es002.s005.t010	ser	ser	AUX
es002.s005.t011	utilizado	utilizar	VERB
es002.s005.t012	por	por	ADP
es002.s005.t013	cualquiera	cualquiera	PRON
es002.s005.t014	con	con	ADP
es002.s005.t015	pocos	poco	DET
es002.s005.t016	conocimientos	conocimiento	NOUN
es002.s005.t017	matemáticos	matemático	ADJ
es002.s005.t018	.	.	PUNCT
es002.s006.t001	Aquí	aquí	ADV
es002.s006.t002	hay	haber	AUX
es002.s006.t003	una	uno	DET
es002.s006.t004	captura	captura	NOUN
es002.s006.t005	de	de	ADP
es002.s006.t006	pantalla	pantalla	NOUN
es002.s006.t007	de	de	ADP
es002.s006.t008	la	el	DET
es002.s006.t009	ventana	ventana	NOUN
es002.s006.t010	principal	principal	ADJ
es002.s006.t011	de	de	ADP
es002.s006.t012	Kalgebra	Kalgebra	PROPN
es002.s006.t013	.	.	PUNCT
es002.s007.t001	ventana	ventana	NOUN
es002.s007.t002	principal	principal	ADJ
es002.s007.t003	de	de	ADP
es002.s007.t004	calgebra	calgebra	PROPN
es002.s008.t001	La	el	DET
es002.s008.t002	ventana	ventana	NOUN
es002.s008.t003	principal	principal	ADJ
es002.s008.t004	de	de	ADP
es002.s008.t005	Kalgebra	Kalgebra	PROPN
es002.s008.t006	consta	constar	VERB
es002.s008.t007	de	de	ADP
es002.s008.t008	una	uno	DET
es002.s008.t009	pestaña	pestaña	NOUN
es002.s008.t010	Consola	Consola	PROPN
es002.s008.t011	,	,	PUNCT
es002.s008.t012	una	uno	DET
es002.s008.t013	pestaña	pestaña	NOUN
es002.s008.t014	Gráfico	Gráfico	PROPN
es002.s008.t015	2D	2d	NUM
es002.s008.t016	,	,	PUNCT
es002.s008.t017	una	uno	DET
es002.s008.t018	pestaña	pestaña	NOUN
es002.s008.t019	Gráfico	Gráfico	PROPN
es002.s008.t020	3D	3d	NUM
es002.s008.t021	y	y	CCONJ
es002.s008.t022	una	uno	DET
es002.s008.t023	pestaña	pestaña	NOUN
es002.s008.t024	Diccionario	Diccionario	PROPN
es002.s008.t025	.	.	PUNCT
es002.s009.t001	Debajo	debajo	ADV
es002.s009.t002	de	de	ADP
es002.s009.t003	estas	este	DET
es002.s009.t004	pestañas	pestaña	NOUN
es002.s009.t005	encontrará	encontrar	VERB
es002.s009.t006	un	uno	DET
es002.s009.t007	campo	campo	NOUN
es002.s009.t008	de	de	ADP
es002.s009.t009	entrada	entrada	NOUN
es002.s009.t010	para	para	ADP
es002.s009.t011	escribir	escribir	VERB
es002.s009.t012	sus	su	DET
es002.s009.t013	funciones	función	NOUN
es002.s009.t014	o	o	CCONJ
es002.s009.t015	hacer	hacer	VERB
es002.s009.t016	sus	su	DET
es002.s009.t017	cálculos	cálculo	NOUN
es002.s009.t018	.	.	PUNCT
es002.s010.t001	Si	si	SCONJ
es002.s010.t002	queremos	querer	VERB
es002.s010.t003	entender	entender	VERB
es002.s010.t004	cómo	cómo	PRON
es002.s010.t005	funciona	funcionar	VERB
es002.s010.t006	,	,	PUNCT
es002.s010.t007	lo	él	PRON
es002.s010.t008	mejor	mejor	ADJ
es002.s010.t009	que	que	PRON
es002.s010.t010	podemos	poder	AUX
es002.s010.t011	hacer	hacer	VERB
es002.s010.t012	es	ser	AUX
es002.s010.t013	darnos	dar yo	VERB
es002.s010.t014	cuenta	cuenta	NOUN
es002.s010.t015	de	de	ADP
es002.s010.t016	que	que	SCONJ
es002.s010.t017	nuestra	nuestro	DET
es002.s010.t018	entrada	entrada	NOUN
es002.s010.t019	se	él	PRON
es002.s010.t020	está	estar	AUX
es002.s010.t021	convirtiendo	convertir	VERB
es002.s010.t022	a	a	ADP
es002.s010.t023	MathML	MathML	PROPN
es002.s010.t024	aunque	aunque	SCONJ
es002.s010.t025	no	no	ADV
es002.s010.t026	es	ser	AUX
es002.s010.t027	necesario	necesario	ADJ
es002.s010.t028	saber	saber	AUX
es002.s010.t029	MathML	mathml	NOUN
es002.s010.t030	.	.	PUNCT
es002.s011.t001	La	el	DET
es002.s011.t002	sintaxis	sintaxis	NOUN
es002.s011.t003	la	él	PRON
es002.s011.t004	he	haber	AUX
es002.s011.t005	basado	basar	VERB
es002.s011.t006	básicamente	básicamente	ADV
es002.s011.t007	en	en	ADP
es002.s011.t008	el	el	DET
es002.s011.t009	sentido	sentido	NOUN
es002.s011.t010	común	común	ADJ
es002.s011.t011	,	,	PUNCT
es002.s011.t012	no	no	ADV
es002.s011.t013	debería	deber	AUX
es002.s011.t014	ser	ser	AUX
es002.s011.t015	difícil	difícil	ADJ
es002.s011.t016	para	para	ADP
es002.s011.t017	nadie	nadie	PRON
es002.s011.t018	.	.	PUNCT
es002.s012.t001	He	haber	AUX
es002.s012.t002	observado	observar	VERB
es002.s012.t003	de	de	ADP
es002.s012.t004	cerca	cerca	ADV
es002.s012.t005	la	el	DET
es002.s012.t006	sintaxis	sintaxis	NOUN
es002.s012.t007	de	de	ADP
es002.s012.t008	maxima	maximo	ADJ
es002.s012.t009	y	y	CCONJ
es002.s012.t010	maple	maple	ADJ
es002.s012.t011	para	para	ADP
es002.s012.t012	que	que	SCONJ
es002.s012.t013	se	él	PRON
es002.s012.t014	vean	ver	VERB
es002.s012.t015	muy	mucho	ADV
es002.s012.t016	similares	similar	ADJ
es002.s012.t017	.	.	PUNCT
es002.s013.t001	+	+	PROPN
es002.s013.t002	-*/	-*/	NUM
es002.s013.t003	:	:	PUNCT
es002.s013.t004	Suma	Suma	PROPN
es002.s013.t005	,	,	PUNCT
es002.s013.t006	resta	resta	NOUN
es002.s013.t007	,	,	PUNCT
es002.s013.t008	multiplicación	multiplicación	NOUN
es002.s013.t009	y	y	CCONJ
es002.s013.t010	división	división	NOUN
es002.s013.t011	.	.	PUNCT
es002.s014.t001	^	^	PROPN
es002.s014.t002	,	,	PUNCT
es002.s014.t003	*	*	NOUN
es002.s014.t004	*	*	SYM
es002.s014.t005	:	:	PUNCT
es002.s014.t006	Poder	Poder	PROPN
es002.s014.t007	,	,	PUNCT
es002.s014.t008	puedes	poder	AUX
es002.s014.t009	usarlos	usar él	VERB
es002.s014.t010	ambos	ambos	NUM
es002.s014.t011	.	.	PUNCT
es002.s015.t001	También	también	ADV
es002.s015.t002	es	ser	AUX
es002.s015.t003	posible	posible	ADJ
es002.s015.t004	utilizar	utilizar	VERB
es002.s015.t005	los	el	DET
es002.s015.t006	caracteres	caracter	NOUN
es002.s015.t007	Unicode²	Unicode²	PROPN
es002.s015.t008	.	.	PUNCT
es002.s016.t001	Los	el	DET
es002.s016.t002	poderes	poder	NOUN
es002.s016.t003	también	también	ADV
es002.s016.t004	son	ser	AUX
es002.s016.t005	una	uno	DET
es002.s016.t006	manera	manera	NOUN
es002.s016.t007	de	de	ADP
es002.s016.t008	hacer	hacer	VERB
es002.s016.t009	raíces	raíz	NOUN
es002.s016.t010	.	.	PUNCT
es002.s017.t001	-gt	-gt	PUNCT
es002.s017.t002	:	:	PUNCT
es002.s017.t003	Es	ser	AUX
es002.s017.t004	la	el	DET
es002.s017.t005	forma	forma	NOUN
es002.s017.t006	de	de	ADP
es002.s017.t007	especificar	especificar	VERB
es002.s017.t008	la	el	DET
es002.s017.t009	variable	variable	ADJ
es002.s017.t010	acotada	acotado	ADJ
es002.s017.t011	en	en	ADP
es002.s017.t012	una	uno	DET
es002.s017.t013	función	función	NOUN
es002.s017.t014	.	.	PUNCT
es002.s018.t001	(	(	PUNCT
es002.s018.t002	):	):	PUNCT
es002.s018.t003	Se	él	PRON
es002.s018.t004	utiliza	utilizar	VERB
es002.s018.t005	para	para	ADP
es002.s018.t006	especificar	especificar	VERB
es002.s018.t007	una	uno	DET
es002.s018.t008	prioridad	prioridad	NOUN
es002.s018.t009	más	más	ADV
es002.s018.t010	alta	alto	ADJ
es002.s018.t011	.	.	PUNCT
es002.s019.t001	abc(params	abc(params	NOUN
es002.s019.t002	):	):	PUNCT
es002.s019.t003	cuando	cuando	SCONJ
es002.s019.t004	el	el	DET
es002.s019.t005	analizador	analizador	NOUN
es002.s019.t006	encuentra	encontrar	VERB
es002.s019.t007	una	uno	DET
es002.s019.t008	función	función	NOUN
es002.s019.t009	,	,	PUNCT
es002.s019.t010	comprueba	comprobar	VERB
es002.s019.t011	si	si	SCONJ
es002.s019.t012	abc	abc	PROPN
es002.s019.t013	es	ser	AUX
es002.s019.t014	un	uno	DET
es002.s019.t015	operador	operador	NOUN
es002.s019.t016	.	.	PUNCT
es002.s020.t001	Si	si	SCONJ
es002.s020.t002	lo	él	PRON
es002.s020.t003	es	es	NOUN
es002.s020.t004	,	,	PUNCT
es002.s020.t005	será	ser	AUX
es002.s020.t006	tratado	tratar	VERB
es002.s020.t007	como	como	SCONJ
es002.s020.t008	un	uno	DET
es002.s020.t009	operador	operador	NOUN
es002.s020.t010	;	;	PUNCT
es002.s020.t011	si	si	SCONJ
es002.s020.t012	no	no	ADV
es002.s020.t013	lo	él	PRON
es002.s020.t014	es	es	NOUN
es002.s020.t015	,	,	PUNCT
es002.s020.t016	será	ser	AUX
es002.s020.t017	tratado	tratar	VERB
es002.s020.t018	como	como	SCONJ
es002.s020.t019	una	uno	DET
es002.s020.t020	función	función	NOUN
es002.s020.t021	de	de	ADP
es002.s020.t022	usuario	usuario	NOUN
es002.s020.t023	.	.	PUNCT
es002.s021.t001	:	:	PUNCT
es002.s021.t002	=	=	SYM
es002.s021.t003	:	:	PUNCT
es002.s021.t004	Se	él	PRON
es002.s021.t005	utiliza	utilizar	VERB
es002.s021.t006	para	para	ADP
es002.s021.t007	definir	definir	VERB
es002.s021.t008	un	uno	DET
es002.s021.t009	valor	valor	NOUN
es002.s021.t010	de	de	ADP
es002.s021.t011	variable	variable	ADJ
es002.s021.t012	.	.	PUNCT
es002.s022.t001	?	?	PUNCT
es002.s022.t002	:	:	PUNCT
es002.s022.t003	Definición	Definición	PROPN
es002.s022.t004	de	de	ADP
es002.s022.t005	condición	condición	NOUN
es002.s022.t006	por	por	ADP
es002.s022.t007	partes	parte	NOUN
es002.s022.t008	.	.	PUNCT
es002.s023.t001	Por	por	ADP
es002.s023.t002	partes	parte	NOUN
es002.s023.t003	es	ser	AUX
es002.s023.t004	la	el	DET
es002.s023.t005	forma	forma	NOUN
es002.s023.t006	en	en	ADP
es002.s023.t007	que	que	PRON
es002.s023.t008	podemos	poder	AUX
es002.s023.t009	definir	definir	VERB
es002.s023.t010	operaciones	operación	NOUN
es002.s023.t011	condicionales	condicional	ADJ
es002.s023.t012	en	en	ADP
es002.s023.t013	kalgebra	kalgebra	PROPN
es002.s023.t014	.	.	PUNCT
es002.s024.t001	Si	si	SCONJ
es002.s024.t002	introducimos	introducir	VERB
es002.s024.t003	la	el	DET
es002.s024.t004	condición	condición	NOUN
es002.s024.t005	antes	antes	ADV
es002.s024.t006	del	del	ADP
es002.s024.t007	?	?	PUNCT
es002.s024.t008	utilizará	utilizar	VERB
es002.s024.t009	esta	este	DET
es002.s024.t010	condición	condición	NOUN
es002.s024.t011	sólo	sólo	ADV
es002.s024.t012	si	si	SCONJ
es002.s024.t013	es	ser	AUX
es002.s024.t014	verdadera	verdadero	ADJ
es002.s024.t015	,	,	PUNCT
es002.s024.t016	si	si	SCONJ
es002.s024.t017	encuentra	encontrar	VERB
es002.s024.t018	un	uno	DET
es002.s024.t019	?	?	PUNCT
es002.s024.t020	sin	sin	ADP
es002.s024.t021	condición	condición	NOUN
es002.s024.t022	alguna	alguno	DET
es002.s024.t023	,	,	PUNCT
es002.s024.t024	entrará	entrar	VERB
es002.s024.t025	en	en	ADP
es002.s024.t026	última	último	ADJ
es002.s024.t027	instancia	instancia	NOUN
es002.s024.t028	.	.	PUNCT
es002.s025.t001	{	{	NOUN
es002.s025.t002	}	}	NOUN
es002.s025.t003	:	:	PUNCT
es002.s025.t004	contenedor	contenedor	NOUN
es002.s025.t005	MathML	MathML	PROPN
es002.s025.t006	.	.	PUNCT
es002.s026.t001	Se	él	PRON
es002.s026.t002	puede	poder	AUX
es002.s026.t003	utilizar	utilizar	VERB
es002.s026.t004	para	para	ADP
es002.s026.t005	definir	definir	VERB
es002.s026.t006	un	uno	DET
es002.s026.t007	contenedor	contenedor	NOUN
es002.s026.t008	.	.	PUNCT
es002.s027.t001	Principalmente	principalmente	ADV
es002.s027.t002	útil	útil	ADJ
es002.s027.t003	para	para	ADP
es002.s027.t004	trabajar	trabajar	VERB
es002.s027.t005	con	con	ADP
es002.s027.t006	archivos	archivo	NOUN
es002.s027.t007	.	.	PUNCT
es002.s028.t001	Ahora	ahora	ADV
es002.s028.t002	podrías	podriar	AUX
es002.s028.t003	preguntarme	preguntar yo	VERB
es002.s028.t004	,	,	PUNCT
es002.s028.t005	¿	¿	PUNCT
es002.s028.t006	por	por	ADP
es002.s028.t007	qué	qué	PRON
es002.s028.t008	al	al	ADP
es002.s028.t009	usuario	usuario	NOUN
es002.s028.t010	debería	deber	AUX
es002.s028.t011	importarle	importar él	VERB
es002.s028.t012	MathML	mathml	NOUN
es002.s028.t013	?	?	PUNCT
es002.s029.t001	Eso	ese	PRON
es002.s029.t002	es	ser	AUX
es002.s029.t003	fácil	fácil	ADJ
es002.s029.t004	.	.	PUNCT
es002.s029.t005	Con	con	ADP
es002.s029.t006	esto	este	PRON
es002.s029.t007	,	,	PUNCT
es002.s029.t008	podemos	poder	AUX
es002.s029.t009	operar	operar	VERB
es002.s029.t010	con	con	ADP
es002.s029.t011	funciones	función	NOUN
es002.s029.t012	como	como	SCONJ
es002.s029.t013	cos	cos	PROPN
es002.s029.t014	(	(	PUNCT
es002.s029.t015	)	)	PUNCT
es002.s029.t016	,	,	PUNCT
es002.s029.t017	sin	sin	ADP
es002.s029.t018	(	(	PUNCT
es002.s029.t019	)	)	PUNCT
es002.s029.t020	,	,	PUNCT
es002.s029.t021	cualquier	cualquiera	DET
es002.s029.t022	otra	otro	DET
es002.s029.t023	función	función	NOUN
es002.s029.t024	trigonométrica	trigonométrico	ADJ
es002.s029.t025	,	,	PUNCT
es002.s029.t026	sum	sum	NOUN
es002.s029.t027	(	(	PUNCT
es002.s029.t028	)	)	PUNCT
es002.s029.t029	o	o	CCONJ
es002.s029.t030	product	product	NOUN
es002.s029.t031	(	(	PUNCT
es002.s029.t032	)	)	PUNCT
es002.s029.t033	.	.	PUNCT
es002.s030.t001	No	no	ADV
es002.s030.t002	importa	importar	VERB
es002.s030.t003	de	de	ADP
es002.s030.t004	qué	qué	DET
es002.s030.t005	tipo	tipo	NOUN
es002.s030.t006	sea	ser	AUX
es002.s030.t007	.	.	PUNCT
es002.s031.t001	Podemos	poder	AUX
es002.s031.t002	usar	usar	VERB
es002.s031.t003	plus	plus	NOUN
es002.s031.t004	(	(	PUNCT
es002.s031.t005	)	)	PUNCT
es002.s031.t006	,	,	PUNCT
es002.s031.t007	times	times	PROPN
es002.s031.t008	(	(	PUNCT
es002.s031.t009	)	)	PUNCT
es002.s031.t010	y	y	CCONJ
es002.s031.t011	todo	todo	DET
es002.s031.t012	lo	él	PRON
es002.s031.t013	que	que	PRON
es002.s031.t014	tenga	tener	VERB
es002.s031.t015	su	su	DET
es002.s031.t016	operador	operador	NOUN
es002.s031.t017	.	.	PUNCT
es002.s032.t001	La	el	DET
es002.s032.t002	consola	consola	NOUN
es002.s032.t003	de	de	ADP
es002.s032.t004	Kalgebra	Kalgebra	PROPN
es002.s032.t005	es	ser	AUX
es002.s032.t006	útil	útil	ADJ
es002.s032.t007	como	como	SCONJ
es002.s032.t008	calculadora	calculadora	NOUN
es002.s032.t009	.	.	PUNCT
es002.s033.t001	Ahí	ahí	ADV
es002.s033.t002	tienes	tener	VERB
es002.s033.t003	una	uno	DET
es002.s033.t004	lista	lista	NOUN
es002.s033.t005	de	de	ADP
es002.s033.t006	las	el	DET
es002.s033.t007	variables	variable	NOUN
es002.s033.t008	declaradas	declarado	ADJ
es002.s033.t009	.	.	PUNCT
es002.s034.t001	Al	al	ADP
es002.s034.t002	hacer	hacer	VERB
es002.s034.t003	doble	doble	ADJ
es002.s034.t004	clic	clic	NOUN
es002.s034.t005	en	en	ADP
es002.s034.t006	ellos	él	PRON
es002.s034.t007	,	,	PUNCT
es002.s034.t008	verá	ver	VERB
es002.s034.t009	un	uno	DET
es002.s034.t010	cuadro	cuadro	NOUN
es002.s034.t011	de	de	ADP
es002.s034.t012	diálogo	diálogo	NOUN
es002.s034.t013	que	que	PRON
es002.s034.t014	le	él	PRON
es002.s034.t015	permitirá	permitir	VERB
es002.s034.t016	cambiar	cambiar	VERB
es002.s034.t017	sus	su	DET
es002.s034.t018	valores	valor	NOUN
es002.s034.t019	(	(	PUNCT
es002.s034.t020	sólo	sólo	ADV
es002.s034.t021	una	uno	DET
es002.s034.t022	forma	forma	NOUN
es002.s034.t023	de	de	ADP
es002.s034.t024	engañar	engañar	VERB
es002.s034.t025	al	al	ADP
es002.s034.t026	registro	registro	NOUN
es002.s034.t027	)	)	PUNCT
es002.s034.t028	.	.	PUNCT
es002.s035.t001	Cada	cada	DET
es002.s035.t002	vez	vez	NOUN
es002.s035.t003	que	que	PRON
es002.s035.t004	ingresa	ingresar	VERB
es002.s035.t005	una	uno	DET
es002.s035.t006	expresión	expresión	NOUN
es002.s035.t007	,	,	PUNCT
es002.s035.t008	el	el	DET
es002.s035.t009	valor	valor	NOUN
es002.s035.t010	de	de	ADP
es002.s035.t011	la	el	DET
es002.s035.t012	variable	variable	ADJ
es002.s035.t013	&	&	PROPN
es002.s035.t014	quot;&quot;&quot;&quot	quot;&quot;&quot;&quot	PROPN
es002.s035.t015	;	;	PUNCT
es002.s035.t016	y	y	CCONJ
es002.s035.t017	&	&	PROPN
es002.s035.t018	quot;&quot;&quot;&quot	quot;&quot;&quot;&quot	PROPN
es002.s035.t019	;	;	PUNCT
es002.s035.t020	se	él	PRON
es002.s035.t021	cambiará	cambiar	VERB
es002.s035.t022	al	al	ADP
es002.s035.t023	último	último	ADJ
es002.s035.t024	resultado	resultado	NOUN
es002.s035.t025	.	.	PUNCT
es002.s036.t001	Ctrl	ctrl	NOUN
es002.s036.t002	N	N	PROPN
es002.s036.t003	Nueva	Nueva	PROPN
es002.s036.t004	ventana	ventana	PROPN
es002.s037.t001	Limpia	Limpia	PROPN
es002.s037.t002	el	el	DET
es002.s037.t003	registro	registro	NOUN
es002.s037.t004	.	.	PUNCT
es002.s038.t001	Ctrl	ctrl	NOUN
es002.s038.t002	L	L	PROPN
es002.s038.t003	Cargar	cargar	VERB
es002.s038.t004	secuencia	secuencia	NOUN
es002.s038.t005	de	de	ADP
es002.s038.t006	comandos	comando	NOUN
es002.s039.t001	Ejecuta	ejecutar	VERB
es002.s039.t002	las	el	DET
es002.s039.t003	instrucciones	instrucción	NOUN
es002.s039.t004	de	de	ADP
es002.s039.t005	un	uno	DET
es002.s039.t006	archivo	archivo	NOUN
es002.s039.t007	de	de	ADP
es002.s039.t008	forma	forma	NOUN
es002.s039.t009	secuencial	secuencial	ADJ
es002.s039.t010	.	.	PUNCT
es002.s040.t001	Es	ser	AUX
es002.s040.t002	bueno	bueno	ADJ
es002.s040.t003	si	si	SCONJ
es002.s040.t004	desea	desear	VERB
es002.s040.t005	definir	definir	VERB
es002.s040.t006	algunas	alguno	DET
es002.s040.t007	bibliotecas	biblioteca	NOUN
es002.s040.t008	o	o	CCONJ
es002.s040.t009	reanudar	reanudar	VERB
es002.s040.t010	algún	alguno	DET
es002.s040.t011	trabajo	trabajo	NOUN
es002.s040.t012	anterior	anterior	ADJ
es002.s040.t013	.	.	PUNCT
es002.s041.t001	Ctrl	ctrl	NOUN
es002.s041.t002	G	G	PROPN
es002.s041.t003	Guardar	guardar	VERB
es002.s041.t004	secuencia	secuencia	NOUN
es002.s041.t005	de	de	ADP
es002.s041.t006	comandos	comando	NOUN
es002.s042.t001	Guarda	guardar	VERB
es002.s042.t002	las	el	DET
es002.s042.t003	instrucciones	instrucción	NOUN
es002.s042.t004	que	que	PRON
es002.s042.t005	has	haber	AUX
es002.s042.t006	escrito	escribir	VERB
es002.s042.t007	desde	desde	ADP
es002.s042.t008	que	que	SCONJ
es002.s042.t009	comenzó	comenzar	VERB
es002.s042.t010	la	el	DET
es002.s042.t011	sesión	sesión	NOUN
es002.s042.t012	para	para	ADP
es002.s042.t013	poder	poder	AUX
es002.s042.t014	reutilizarlas	reutilizar él	VERB
es002.s042.t015	.	.	PUNCT
es002.s043.t001	Genera	Genera	PROPN
es002.s043.t002	archivos	archivo	NOUN
es002.s043.t003	de	de	ADP
es002.s043.t004	texto	texto	NOUN
es002.s043.t005	por	por	ADP
es002.s043.t006	lo	él	PRON
es002.s043.t007	que	que	PRON
es002.s043.t008	debería	deber	AUX
es002.s043.t009	ser	ser	AUX
es002.s043.t010	fácil	fácil	ADJ
es002.s043.t011	de	de	ADP
es002.s043.t012	arreglar	arreglar	VERB
es002.s043.t013	usando	usar	VERB
es002.s043.t014	cualquier	cualquiera	DET
es002.s043.t015	editor	editor	NOUN
es002.s043.t016	de	de	ADP
es002.s043.t017	texto	texto	NOUN
es002.s043.t018	,	,	PUNCT
es002.s043.t019	como	como	SCONJ
es002.s043.t020	Kate	Kate	PROPN
es002.s043.t021	.	.	PUNCT
es002.s044.t001	Ctrl	ctrl	NOUN
es002.s044.t002	S	S	PROPN
es002.s044.t003	Guardar	guardar	VERB
es002.s044.t004	registro	registro	NOUN
es002.s045.t001	Guarda	guardar	VERB
es002.s045.t002	el	el	DET
es002.s045.t003	registro	registro	NOUN
es002.s045.t004	con	con	ADP
es002.s045.t005	todos	todo	DET
es002.s045.t006	los	el	DET
es002.s045.t007	resultados	resultado	NOUN
es002.s045.t008	en	en	ADP
es002.s045.t009	un	uno	DET
es002.s045.t010	archivo	archivo	NOUN
es002.s045.t011	HTML	HTML	PROPN
es002.s045.t012	para	para	ADP
es002.s045.t013	poder	poder	AUX
es002.s045.t014	imprimirlo	imprimir él	VERB
es002.s045.t015	o	o	CCONJ
es002.s045.t016	publicarlo	publicar él	VERB
es002.s045.t017	.	.	PUNCT
es002.s046.t001	Ctrl	ctrl	NOUN
es002.s046.t002	Q	Q	PROPN
es002.s046.t003	Salir	salir	VERB
es002.s047.t001	Cierra	cerrar	VERB
es002.s047.t002	el	el	DET
es002.s047.t003	programa	programa	NOUN
es002.s047.t004	.	.	PUNCT
es002.s048.t001	Para	para	ADP
es002.s048.t002	agregar	agregar	VERB
es002.s048.t003	un	uno	DET
es002.s048.t004	nuevo	nuevo	ADJ
es002.s048.t005	gráfico	gráfico	NOUN
es002.s048.t006	2D	2d	NUM
es002.s048.t007	en	en	ADP
es002.s048.t008	kalgebra	kalgebra	PROPN
es002.s048.t009	,	,	PUNCT
es002.s048.t010	lo	él	PRON
es002.s048.t011	que	que	PRON
es002.s048.t012	tienes	tener	VERB
es002.s048.t013	que	que	SCONJ
es002.s048.t014	hacer	hacer	VERB
es002.s048.t015	es	ser	AUX
es002.s048.t016	ir	ir	VERB
es002.s048.t017	a	a	ADP
es002.s048.t018	la	el	DET
es002.s048.t019	pestaña	pestaña	NOUN
es002.s048.t020	Gráfico	Gráfico	PROPN
es002.s048.t021	2D	2d	NUM
es002.s048.t022	y	y	CCONJ
es002.s048.t023	hacer	hacer	VERB
es002.s048.t024	clic	clic	NOUN
es002.s048.t025	en	en	ADP
es002.s048.t026	la	el	DET
es002.s048.t027	pestaña	pestaña	NOUN
es002.s048.t028	Agregar	agregar	VERB
es002.s048.t029	para	para	ADP
es002.s048.t030	agregar	agregar	VERB
es002.s048.t031	la	el	DET
es002.s048.t032	nueva	nuevo	ADJ
es002.s048.t033	función	función	NOUN
es002.s048.t034	.	.	PUNCT
es002.s049.t001	Luego	luego	ADV
es002.s049.t002	su	su	DET
es002.s049.t003	atención	atención	NOUN
es002.s049.t004	irá	ir	VERB
es002.s049.t005	a	a	ADP
es002.s049.t006	un	uno	DET
es002.s049.t007	cuadro	cuadro	NOUN
es002.s049.t008	de	de	ADP
es002.s049.t009	texto	texto	NOUN
es002.s049.t010	de	de	ADP
es002.s049.t011	entrada	entrada	NOUN
es002.s049.t012	donde	donde	PRON
es002.s049.t013	podrá	poder	AUX
es002.s049.t014	escribir	escribir	VERB
es002.s049.t015	su	su	DET
es002.s049.t016	función	función	NOUN
es002.s049.t017	.	.	PUNCT
es002.s050.t001	Si	si	SCONJ
es002.s050.t002	desea	desear	VERB
es002.s050.t003	utilizar	utilizar	VERB
es002.s050.t004	una	uno	DET
es002.s050.t005	función	función	NOUN
es002.s050.t006	f(x	f(x	PROPN
es002.s050.t007	)	)	PUNCT
es002.s050.t008	típica	típico	ADJ
es002.s050.t009	,	,	PUNCT
es002.s050.t010	no	no	ADV
es002.s050.t011	es	ser	AUX
es002.s050.t012	necesario	necesario	ADJ
es002.s050.t013	especificarla	especificar él	VERB
es002.s050.t014	.	.	PUNCT
es002.s051.t001	Si	si	SCONJ
es002.s051.t002	ha	haber	AUX
es002.s051.t003	ingresado	ingresar	VERB
es002.s051.t004	a	a	ADP
es002.s051.t005	la	el	DET
es002.s051.t006	función	función	NOUN
es002.s051.t007	haga	hacer	VERB
es002.s051.t008	clic	clic	NOUN
es002.s051.t009	en	en	ADP
es002.s051.t010	el	el	DET
es002.s051.t011	botón	botón	NOUN
es002.s051.t012	Aceptar	aceptar	VERB
es002.s051.t013	para	para	ADP
es002.s051.t014	mostrar	mostrar	VERB
es002.s051.t015	el	el	DET
es002.s051.t016	gráfico	gráfico	NOUN
es002.s051.t017	en	en	ADP
es002.s051.t018	la	el	DET
es002.s051.t019	ventana	ventana	NOUN
es002.s051.t020	principal	principal	ADJ
es002.s051.t021	.	.	PUNCT
es002.s052.t001	Puede	poder	AUX
es002.s052.t002	configurar	configurar	VERB
es002.s052.t003	varios	varios	DET
es002.s052.t004	gráficos	gráfico	NOUN
es002.s052.t005	en	en	ADP
es002.s052.t006	la	el	DET
es002.s052.t007	misma	mismo	DET
es002.s052.t008	vista	vista	NOUN
es002.s052.t009	.	.	PUNCT
es002.s053.t001	Simplemente	simplemente	ADV
es002.s053.t002	use	usar	VERB
es002.s053.t003	el	el	DET
es002.s053.t004	botón	botón	NOUN
es002.s053.t005	Agregar	agregar	VERB
es002.s053.t006	cuando	cuando	SCONJ
es002.s053.t007	esté	estar	VERB
es002.s053.t008	en	en	ADP
es002.s053.t009	el	el	DET
es002.s053.t010	modo	modo	NOUN
es002.s053.t011	Lista	Lista	PROPN
es002.s053.t012	.	.	PUNCT
es002.s054.t001	Puede	poder	AUX
es002.s054.t002	configurar	configurar	VERB
es002.s054.t003	cada	cada	DET
es002.s054.t004	gráfico	gráfico	NOUN
es002.s054.t005	con	con	ADP
es002.s054.t006	su	su	DET
es002.s054.t007	propio	propio	DET
es002.s054.t008	color	color	NOUN
es002.s054.t009	.	.	PUNCT
es003.s002.t001	La	el	DET
es003.s002.t002	Fundación	Fundación	PROPN
es003.s002.t003	participó	participar	VERB
es003.s002.t004	recientemente	recientemente	ADV
es003.s002.t005	en	en	ADP
es003.s002.t006	la	el	DET
es003.s002.t007	organización	organización	NOUN
es003.s002.t008	de	de	ADP
es003.s002.t009	una	uno	DET
es003.s002.t010	conferencia	conferencia	NOUN
es003.s002.t011	que	que	PRON
es003.s002.t012	abordó	abordar	VERB
es003.s002.t013	este	este	DET
es003.s002.t014	desafío	desafío	NOUN
es003.s002.t015	crítico	crítico	ADJ
es003.s002.t016	.	.	PUNCT
es003.s003.t001	Más	más	ADV
es003.s003.t002	de	de	ADP
es003.s003.t003	100	100	NUM
es003.s003.t004	participantes	participante	NOUN
es003.s003.t005	de	de	ADP
es003.s003.t006	los	el	DET
es003.s003.t007	principales	principal	ADJ
es003.s003.t008	grupos	grupo	NOUN
es003.s003.t009	de	de	ADP
es003.s003.t010	interés	interés	NOUN
es003.s003.t011	asistieron	asistir	VERB
es003.s003.t012	y	y	CCONJ
es003.s003.t013	debatieron	debatir	VERB
es003.s003.t014	cuestiones	cuestión	NOUN
es003.s003.t015	como	como	SCONJ
es003.s003.t016	el	el	DET
es003.s003.t017	papel	papel	NOUN
es003.s003.t018	de	de	ADP
es003.s003.t019	los	el	DET
es003.s003.t020	actores	actor	NOUN
es003.s003.t021	clave	clave	NOUN
es003.s003.t022	,	,	PUNCT
es003.s003.t023	incluidas	incluir	VERB
es003.s003.t024	las	el	DET
es003.s003.t025	autoridades	autoridad	NOUN
es003.s003.t026	públicas	público	ADJ
es003.s003.t027	,	,	PUNCT
es003.s003.t028	los	el	DET
es003.s003.t029	interlocutores	interlocutor	NOUN
es003.s003.t030	sociales	social	ADJ
es003.s003.t031	,	,	PUNCT
es003.s003.t032	las	el	DET
es003.s003.t033	organizaciones	organización	NOUN
es003.s003.t034	voluntarias	voluntario	ADJ
es003.s003.t035	y	y	CCONJ
es003.s003.t036	comunitarias	comunitario	ADJ
es003.s003.t037	,	,	PUNCT
es003.s003.t038	así	así	ADV
es003.s003.t039	como	como	SCONJ
es003.s003.t040	los	el	DET
es003.s003.t041	usuarios	usuario	NOUN
es003.s003.t042	de	de	ADP
es003.s003.t043	los	el	DET
es003.s003.t044	servicios	servicio	NOUN
es003.s003.t045	.	.	PUNCT
es003.s004.t001	Se	él	PRON
es003.s004.t002	informaron	informar	VERB
es003.s004.t003	relativamente	relativamente	ADV
es003.s004.t004	pocos	poco	DET
es003.s004.t005	casos	caso	NOUN
es003.s004.t006	de	de	ADP
es003.s004.t007	intentos	intento	NOUN
es003.s004.t008	de	de	ADP
es003.s004.t009	involucrar	involucrar	VERB
es003.s004.t010	a	a	ADP
es003.s004.t011	los	el	DET
es003.s004.t012	usuarios	usuario	NOUN
es003.s004.t013	en	en	ADP
es003.s004.t014	la	el	DET
es003.s004.t015	planificación	planificación	NOUN
es003.s004.t016	de	de	ADP
es003.s004.t017	servicios	servicio	NOUN
es003.s004.t018	,	,	PUNCT
es003.s004.t019	pero	pero	CCONJ
es003.s004.t020	se	él	PRON
es003.s004.t021	encontró	encontrar	VERB
es003.s004.t022	que	que	SCONJ
es003.s004.t023	su	su	DET
es003.s004.t024	participación	participación	NOUN
es003.s004.t025	en	en	ADP
es003.s004.t026	la	el	DET
es003.s004.t027	prestación	prestación	NOUN
es003.s004.t028	de	de	ADP
es003.s004.t029	servicios	servicio	NOUN
es003.s004.t030	era	ser	AUX
es003.s004.t031	más	más	ADV
es003.s004.t032	común	común	ADJ
es003.s004.t033	.	.	PUNCT
es003.s005.t001	También	también	ADV
es003.s005.t002	se	él	PRON
es003.s005.t003	tomó	tomar	VERB
es003.s005.t004	nota	nota	NOUN
es003.s005.t005	de	de	ADP
es003.s005.t006	la	el	DET
es003.s005.t007	variedad	variedad	NOUN
es003.s005.t008	de	de	ADP
es003.s005.t009	funciones	función	NOUN
es003.s005.t010	que	que	PRON
es003.s005.t011	desempeñan	desempeñar	VERB
es003.s005.t012	los	el	DET
es003.s005.t013	servicios	servicio	NOUN
es003.s005.t014	de	de	ADP
es003.s005.t015	bienestar	bienestar	NOUN
es003.s005.t016	público	público	ADJ
es003.s005.t017	.	.	PUNCT
es003.s006.t001	La	el	DET
es003.s006.t002	Fundación	Fundación	PROPN
es003.s006.t003	organizó	organizar	VERB
es003.s006.t004	,	,	PUNCT
es003.s006.t005	junto	junto	ADJ
es003.s006.t006	con	con	ADP
es003.s006.t007	la	el	DET
es003.s006.t008	Comisión	Comisión	PROPN
es003.s006.t009	Europea	Europea	PROPN
es003.s006.t010	,	,	PUNCT
es003.s006.t011	el	el	DET
es003.s006.t012	Ministerio	Ministerio	PROPN
es003.s006.t013	de	de	ADP
es003.s006.t014	Asuntos	Asuntos	PROPN
es003.s006.t015	Sociales	Sociales	PROPN
es003.s006.t016	de	de	ADP
es003.s006.t017	España	España	PROPN
es003.s006.t018	y	y	CCONJ
es003.s006.t019	la	el	DET
es003.s006.t020	Xunta	Xunta	PROPN
es003.s006.t021	de	de	ADP
es003.s006.t022	Galicia	Galicia	PROPN
es003.s006.t023	,	,	PUNCT
es003.s006.t024	una	uno	DET
es003.s006.t025	conferencia	conferencia	PROPN
es003.s006.t026	europea	europea	PROPN
es003.s006.t027	sobre	sobre	ADP
es003.s006.t028	la	el	DET
es003.s006.t029	exclusión	exclusión	NOUN
es003.s006.t030	social	social	ADJ
es003.s006.t031	:	:	PUNCT
es003.s006.t032	un	uno	DET
es003.s006.t033	gran	gran	ADJ
es003.s006.t034	reto	reto	NOUN
es003.s006.t035	para	para	ADP
es003.s006.t036	los	el	DET
es003.s006.t037	servicios	servicio	NOUN
es003.s006.t038	públicos	público	ADJ
es003.s006.t039	de	de	ADP
es003.s006.t040	bienestar	bienestar	NOUN
es003.s006.t041	.	.	PUNCT
es003.s007.t001	La	el	DET
es003.s007.t002	Fundación	Fundación	PROPN
es003.s007.t003	ha	haber	AUX
es003.s007.t004	publicado	publicar	VERB
es003.s007.t005	recientemente	recientemente	ADV
es003.s007.t006	un	uno	DET
es003.s007.t007	estudio	estudio	NOUN
es003.s007.t008	comparativo	comparativo	ADJ
es003.s007.t009	en	en	ADP
es003.s007.t010	el	el	DET
es003.s007.t011	marco	marco	NOUN
es003.s007.t012	del	del	ADP
es003.s007.t013	proyecto	proyecto	NOUN
es003.s007.t014	EPOC	EPOC	PROPN
es003.s007.t015	que	que	PRON
es003.s007.t016	evalúa	evalúa	VERB
es003.s007.t017	en	en	ADP
es003.s007.t018	qué	qué	DET
es003.s007.t019	medida	medidar	VERB
es003.s007.t020	la	el	DET
es003.s007.t021	participación	participación	NOUN
es003.s007.t022	directa	directo	ADJ
es003.s007.t023	puede	poder	AUX
es003.s007.t024	humanizar	humanizar	VERB
es003.s007.t025	el	el	DET
es003.s007.t026	trabajo	trabajo	NOUN
es003.s007.t027	aumentando	aumentar	VERB
es003.s007.t028	al	al	ADP
es003.s007.t029	mismo	mismo	ADJ
es003.s007.t030	tiempo	tiempo	NOUN
es003.s007.t031	la	el	DET
es003.s007.t032	rentabilidad	rentabilidad	NOUN
es003.s007.t033	.	.	PUNCT
es003.s008.t001	El	el	DET
es003.s008.t002	estudio	estudio	NOUN
es003.s008.t003	se	él	PRON
es003.s008.t004	basa	basar	VERB
es003.s008.t005	en	en	ADP
es003.s008.t006	195	195	NUM
es003.s008.t007	entrevistas	entrevista	NOUN
es003.s008.t008	personales	personal	ADJ
es003.s008.t009	con	con	ADP
es003.s008.t010	altos	alto	ADJ
es003.s008.t011	funcionarios	funcionario	NOUN
es003.s008.t012	de	de	ADP
es003.s008.t013	los	el	DET
es003.s008.t014	interlocutores	interlocutor	NOUN
es003.s008.t015	sociales	social	ADJ
es003.s008.t016	como	como	SCONJ
es003.s008.t017	representantes	representante	NOUN
es003.s008.t018	de	de	ADP
es003.s008.t019	organizaciones	organización	NOUN
es003.s008.t020	de	de	ADP
es003.s008.t021	nivel	nivel	NOUN
es003.s008.t022	nacional	nacional	ADJ
es003.s008.t023	en	en	ADP
es003.s008.t024	quince	quince	NUM
es003.s008.t025	países	país	NOUN
es003.s008.t026	europeos	europeo	ADJ
es003.s008.t027	.	.	PUNCT
es003.s009.t001	Como	como	SCONJ
es003.s009.t002	sectores	sector	NOUN
es003.s009.t003	industriales	industrial	ADJ
es003.s009.t004	importantes	importante	ADJ
es003.s009.t005	,	,	PUNCT
es003.s009.t006	también	también	ADV
es003.s009.t007	se	él	PRON
es003.s009.t008	incluyeron	incluir	VERB
es003.s009.t009	la	el	DET
es003.s009.t010	industria	industria	NOUN
es003.s009.t011	del	del	ADP
es003.s009.t012	metal	metal	NOUN
es003.s009.t013	y	y	CCONJ
es003.s009.t014	el	el	DET
es003.s009.t015	sector	sector	NOUN
es003.s009.t016	bancario	bancario	ADJ
es003.s009.t017	.	.	PUNCT
es003.s010.t001	Los	el	DET
es003.s010.t002	oradores	orador	NOUN
es003.s010.t003	principales	principal	ADJ
es003.s010.t004	en	en	ADP
es003.s010.t005	la	el	DET
es003.s010.t006	conferencia	conferencia	NOUN
es003.s010.t007	sobre	sobre	ADP
es003.s010.t008	exclusión	exclusión	NOUN
es003.s010.t009	social	social	ADJ
es003.s010.t010	fueron	ser	AUX
es003.s010.t011	(	(	PUNCT
es003.s010.t012	de	de	ADP
es003.s010.t013	izquierda	izquierda	NOUN
es003.s010.t014	a	a	ADP
es003.s010.t015	derecha	derecha	NOUN
es003.s010.t016	)	)	PUNCT
es003.s010.t017	Cristina	Cristina	PROPN
es003.s010.t018	Louro	Louro	PROPN
es003.s010.t019	,	,	PUNCT
es003.s010.t020	Dirección	Dirección	PROPN
es003.s010.t021	de	de	ADP
es003.s010.t022	Empleo	Empleo	PROPN
es003.s010.t023	,	,	PUNCT
es003.s010.t024	Relaciones	Relaciones	PROPN
es003.s010.t025	Industriales	Industriales	PROPN
es003.s010.t026	y	y	CCONJ
es003.s010.t027	Asuntos	Asuntos	PROPN
es003.s010.t028	Sociales	Sociales	PROPN
es003.s010.t029	de	de	ADP
es003.s010.t030	la	el	DET
es003.s010.t031	Comisión	Comisión	PROPN
es003.s010.t032	Europea	Europea	PROPN
es003.s010.t033	Fernando	Fernando	PROPN
es003.s010.t034	Gomes	Gomes	PROPN
es003.s010.t035	,	,	PUNCT
es003.s010.t036	un	uno	DET
es003.s010.t037	alto	alto	ADJ
es003.s010.t038	grado	grado	NOUN
es003.s010.t039	del	del	ADP
es003.s010.t040	Comité	Comité	PROPN
es003.s010.t041	de	de	ADP
es003.s010.t042	las	el	DET
es003.s010.t043	Regiones	Regiones	PROPN
es003.s010.t044	Barbara	Barbara	PROPN
es003.s010.t045	Weiler	Weiler	PROPN
es003.s010.t046	,	,	PUNCT
es003.s010.t047	Miembro	miembro	NOUN
es003.s010.t048	del	del	ADP
es003.s010.t049	Parlamento	Parlamento	PROPN
es003.s010.t050	Europeo	Europeo	PROPN
es003.s010.t051	José	José	PROPN
es003.s010.t052	Maria	Maria	PROPN
es003.s010.t053	Gil-	Gil-	PROPN
es003.s010.t054	Robles	Robles	PROPN
es003.s010.t055	,	,	PUNCT
es003.s010.t056	Vicepresidente	Vicepresidente	PROPN
es003.s010.t057	del	del	ADP
es003.s010.t058	Parlamento	Parlamento	PROPN
es003.s010.t059	Europeo	Europeo	PROPN
es003.s010.t060	y	y	CCONJ
es003.s010.t061	John	John	PROPN
es003.s010.t062	Carroll	Carroll	PROPN
es003.s010.t063	,	,	PUNCT
es003.s010.t064	Comité	Comité	PROPN
es003.s010.t065	Económico	Económico	PROPN
es003.s010.t066	y	y	CCONJ
es003.s010.t067	Social	Social	PROPN
es003.s010.t068	.	.	PUNCT
es003.s011.t001	Estudios	Estudios	PROPN
es003.s011.t002	de	de	ADP
es003.s011.t003	caso	caso	NOUN
es003.s011.t004	Cada	cada	DET
es003.s011.t005	informe	informe	NOUN
es003.s011.t006	nacional	nacional	ADJ
es003.s011.t007	contiene	contener	VERB
es003.s011.t008	una	uno	DET
es003.s011.t009	cartera	cartera	NOUN
es003.s011.t010	de	de	ADP
es003.s011.t011	entre	entre	ADP
es003.s011.t012	25	25	NUM
es003.s011.t013	y	y	CCONJ
es003.s011.t014	30	30	NUM
es003.s011.t015	iniciativas	iniciativa	NOUN
es003.s011.t016	que	que	PRON
es003.s011.t017	presentan	presentar	VERB
es003.s011.t018	mejor	mejor	ADV
es003.s011.t019	las	el	DET
es003.s011.t020	políticas	política	NOUN
es003.s011.t021	y	y	CCONJ
es003.s011.t022	prácticas	práctica	NOUN
es003.s011.t023	para	para	ADP
es003.s011.t024	mejorar	mejorar	VERB
es003.s011.t025	la	el	DET
es003.s011.t026	contratación	contratación	NOUN
es003.s011.t027	,	,	PUNCT
es003.s011.t028	la	el	DET
es003.s011.t029	formación	formación	NOUN
es003.s011.t030	y	y	CCONJ
es003.s011.t031	el	el	DET
es003.s011.t032	desarrollo	desarrollo	NOUN
es003.s011.t033	de	de	ADP
es003.s011.t034	los	el	DET
es003.s011.t035	trabajadores	trabajador	NOUN
es003.s011.t036	de	de	ADP
es003.s011.t037	edad	edad	NOUN
es003.s011.t038	avanzada	avanzado	ADJ
es003.s011.t039	tanto	tanto	ADV
es003.s011.t040	en	en	ADP
es003.s011.t041	el	el	DET
es003.s011.t042	lugar	lugar	NOUN
es003.s011.t043	de	de	ADP
es003.s011.t044	trabajo	trabajo	NOUN
es003.s011.t045	como	como	SCONJ
es003.s011.t046	en	en	ADP
es003.s011.t047	la	el	DET
es003.s011.t048	comunidad	comunidad	NOUN
es003.s011.t049	.	.	PUNCT
es003.s012.t001	Para	para	ADP
es003.s012.t002	cada	cada	DET
es003.s012.t003	país	país	NOUN
es003.s012.t004	,	,	PUNCT
es003.s012.t005	se	él	PRON
es003.s012.t006	han	haber	AUX
es003.s012.t007	seleccionado	seleccionar	VERB
es003.s012.t008	dos	dos	NUM
es003.s012.t009	o	o	CCONJ
es003.s012.t010	tres	tres	NUM
es003.s012.t011	iniciativas	iniciativa	NOUN
es003.s012.t012	para	para	ADP
es003.s012.t013	realizar	realizar	VERB
es003.s012.t014	estudios	estudio	NOUN
es003.s012.t015	de	de	ADP
es003.s012.t016	caso	caso	NOUN
es003.s012.t017	más	más	ADV
es003.s012.t018	detallados	detallado	ADJ
es003.s012.t019	.	.	PUNCT
es003.s013.t001	Estos	este	DET
es003.s013.t002	estudios	estudio	NOUN
es003.s013.t003	de	de	ADP
es003.s013.t004	caso	caso	NOUN
es003.s013.t005	analizaron	analizar	VERB
es003.s013.t006	los	el	DET
es003.s013.t007	antecedentes	antecedente	NOUN
es003.s013.t008	de	de	ADP
es003.s013.t009	las	el	DET
es003.s013.t010	iniciativas	iniciativa	NOUN
es003.s013.t011	,	,	PUNCT
es003.s013.t012	su	su	DET
es003.s013.t013	impacto	impacto	NOUN
es003.s013.t014	en	en	ADP
es003.s013.t015	los	el	DET
es003.s013.t016	patrones	patrón	NOUN
es003.s013.t017	de	de	ADP
es003.s013.t018	empleo	empleo	NOUN
es003.s013.t019	y	y	CCONJ
es003.s013.t020	las	el	DET
es003.s013.t021	organizaciones	organización	NOUN
es003.s013.t022	laborales	laboral	ADJ
es003.s013.t023	y	y	CCONJ
es003.s013.t024	evaluaron	evaluar	VERB
es003.s013.t025	los	el	DET
es003.s013.t026	beneficios	beneficio	NOUN
es003.s013.t027	y	y	CCONJ
es003.s013.t028	problemas	problema	NOUN
es003.s013.t029	de	de	ADP
es003.s013.t030	la	el	DET
es003.s013.t031	iniciativa	iniciativa	NOUN
es003.s013.t032	.	.	PUNCT
es003.s014.t001	También	también	ADV
es003.s014.t002	se	él	PRON
es003.s014.t003	realizaron	realizar	VERB
es003.s014.t004	visitas	visita	NOUN
es003.s014.t005	y	y	CCONJ
es003.s014.t006	entrevistas	entrevista	NOUN
es003.s014.t007	con	con	ADP
es003.s014.t008	personal	personal	ADJ
es003.s014.t009	clave	clave	NOUN
es003.s014.t010	.	.	PUNCT
es003.s015.t001	Estos	este	DET
es003.s015.t002	estudios	estudio	NOUN
es003.s015.t003	nacionales	nacional	ADJ
es003.s015.t004	constituirán	constituir	VERB
es003.s015.t005	la	el	DET
es003.s015.t006	base	base	NOUN
es003.s015.t007	de	de	ADP
es003.s015.t008	un	uno	DET
es003.s015.t009	informe	informe	NOUN
es003.s015.t010	europeo	europeo	ADJ
es003.s015.t011	que	que	PRON
es003.s015.t012	sintetizará	sintetizar	VERB
es003.s015.t013	las	el	DET
es003.s015.t014	prácticas	práctica	NOUN
es003.s015.t015	generales	general	ADJ
es003.s015.t016	.	.	PUNCT
es003.s016.t001	El	el	DET
es003.s016.t002	informe	informe	NOUN
es003.s016.t003	y	y	CCONJ
es003.s016.t004	un	uno	DET
es003.s016.t005	libro	libro	NOUN
es003.s016.t006	de	de	ADP
es003.s016.t007	casos	caso	NOUN
es003.s016.t008	de	de	ADP
es003.s016.t009	iniciativas	iniciativa	NOUN
es003.s016.t010	se	él	PRON
es003.s016.t011	publicarán	publicar	VERB
es003.s016.t012	en	en	ADP
es003.s016.t013	1996	1996	NOUN
es003.s016.t014	y	y	CCONJ
es003.s016.t015	servirán	servir	VERB
es003.s016.t016	de	de	ADP
es003.s016.t017	telón	telón	NOUN
es003.s016.t018	de	de	ADP
es003.s016.t019	fondo	fondo	NOUN
es003.s016.t020	para	para	ADP
es003.s016.t021	una	uno	DET
es003.s016.t022	conferencia	conferencia	NOUN
es003.s016.t023	que	que	PRON
es003.s016.t024	se	él	PRON
es003.s016.t025	celebrará	celebrar	VERB
es003.s016.t026	en	en	ADP
es003.s016.t027	otoño	otoño	NOUN
es003.s016.t028	de	de	ADP
es003.s016.t029	1996	1996	NOUN
es003.s016.t030	.	.	PUNCT
es003.s017.t001	La	el	DET
es003.s017.t002	Fundación	Fundación	PROPN
es003.s017.t003	tiene	tener	VERB
es003.s017.t004	como	como	SCONJ
es003.s017.t005	objetivo	objetivo	NOUN
es003.s017.t006	documentar	documentar	VERB
es003.s017.t007	las	el	DET
es003.s017.t008	características	característica	NOUN
es003.s017.t009	de	de	ADP
es003.s017.t010	las	el	DET
es003.s017.t011	barreras	barrera	NOUN
es003.s017.t012	de	de	ADP
es003.s017.t013	edad	edad	NOUN
es003.s017.t014	en	en	ADP
es003.s017.t015	la	el	DET
es003.s017.t016	contratación	contratación	NOUN
es003.s017.t017	y	y	CCONJ
es003.s017.t018	formación	formación	NOUN
es003.s017.t019	laboral	laboral	ADJ
es003.s017.t020	y	y	CCONJ
es003.s017.t021	analizar	analizar	VERB
es003.s017.t022	sus	su	DET
es003.s017.t023	causas	causa	NOUN
es003.s017.t024	.	.	PUNCT
es003.s018.t001	También	también	ADV
es003.s018.t002	se	él	PRON
es003.s018.t003	examinan	examinar	VERB
es003.s018.t004	las	el	DET
es003.s018.t005	perspectivas	perspectiva	NOUN
es003.s018.t006	de	de	ADP
es003.s018.t007	los	el	DET
es003.s018.t008	interlocutores	interlocutor	NOUN
es003.s018.t009	sociales	social	ADJ
es003.s018.t010	,	,	PUNCT
es003.s018.t011	prestando	prestar	VERB
es003.s018.t012	especial	especial	ADJ
es003.s018.t013	atención	atención	NOUN
es003.s018.t014	a	a	ADP
es003.s018.t015	las	el	DET
es003.s018.t016	propuestas	propuesta	NOUN
es003.s018.t017	para	para	ADP
es003.s018.t018	eliminar	eliminar	VERB
es003.s018.t019	las	el	DET
es003.s018.t020	barreras	barrera	NOUN
es003.s018.t021	de	de	ADP
es003.s018.t022	edad	edad	NOUN
es003.s018.t023	.	.	PUNCT
es003.s019.t001	En	en	ADP
es003.s019.t002	tercer	tercer	ADJ
es003.s019.t003	lugar	lugar	NOUN
es003.s019.t004	,	,	PUNCT
es003.s019.t005	el	el	DET
es003.s019.t006	proyecto	proyecto	NOUN
es003.s019.t007	documenta	documenta	ADJ
es003.s019.t008	y	y	CCONJ
es003.s019.t009	evalúa	evalúa	VERB
es003.s019.t010	iniciativas	iniciativa	NOUN
es003.s019.t011	,	,	PUNCT
es003.s019.t012	tanto	tanto	ADV
es003.s019.t013	en	en	ADP
es003.s019.t014	el	el	DET
es003.s019.t015	sector	sector	NOUN
es003.s019.t016	público	público	ADJ
es003.s019.t017	como	como	SCONJ
es003.s019.t018	en	en	ADP
es003.s019.t019	el	el	DET
es003.s019.t020	privado	privado	NOUN
es003.s019.t021	,	,	PUNCT
es003.s019.t022	que	que	PRON
es003.s019.t023	combaten	combatir	VERB
es003.s019.t024	las	el	DET
es003.s019.t025	barreras	barrera	NOUN
es003.s019.t026	de	de	ADP
es003.s019.t027	edad	edad	NOUN
es003.s019.t028	,	,	PUNCT
es003.s019.t029	especialmente	especialmente	ADV
es003.s019.t030	para	para	ADP
es003.s019.t031	los	el	DET
es003.s019.t032	trabajadores	trabajador	NOUN
es003.s019.t033	de	de	ADP
es003.s019.t034	mayor	mayor	ADJ
es003.s019.t035	edad	edad	NOUN
es003.s019.t036	.	.	PUNCT
es003.s020.t001	Buscando	buscar	VERB
es003.s020.t002	alternativas	alternativa	NOUN
es003.s020.t003	a	a	ADP
es003.s020.t004	la	el	DET
es003.s020.t005	jubilación	jubilación	NOUN
es003.s020.t006	anticipada	anticipado	ADJ
es003.s020.t007	y	y	CCONJ
es003.s020.t008	el	el	DET
es003.s020.t009	despido	despido	NOUN
es003.s020.t010	,	,	PUNCT
es003.s020.t011	el	el	DET
es003.s020.t012	proyecto	proyecto	NOUN
es003.s020.t013	se	él	PRON
es003.s020.t014	ocupa	ocupar	VERB
es003.s020.t015	principalmente	principalmente	ADV
es003.s020.t016	de	de	ADP
es003.s020.t017	la	el	DET
es003.s020.t018	retención	retención	NOUN
es003.s020.t019	,	,	PUNCT
es003.s020.t020	reintegración	reintegración	NOUN
es003.s020.t021	y	y	CCONJ
es003.s020.t022	reciclaje	reciclaje	NOUN
es003.s020.t023	de	de	ADP
es003.s020.t024	los	el	DET
es003.s020.t025	trabajadores	trabajador	NOUN
es003.s020.t026	de	de	ADP
es003.s020.t027	mayor	mayor	ADJ
es003.s020.t028	edad	edad	NOUN
es003.s020.t029	.	.	PUNCT
es003.s021.t001	Se	él	PRON
es003.s021.t002	examinan	examinar	VERB
es003.s021.t003	el	el	DET
es003.s021.t004	género	género	NOUN
es003.s021.t005	y	y	CCONJ
es003.s021.t006	el	el	DET
es003.s021.t007	origen	origen	NOUN
es003.s021.t008	étnico	étnico	ADJ
es003.s021.t009	de	de	ADP
es003.s021.t010	los	el	DET
es003.s021.t011	trabajadores	trabajador	NOUN
es003.s021.t012	y	y	CCONJ
es003.s021.t013	cómo	cómo	PRON
es003.s021.t014	se	él	PRON
es003.s021.t015	relacionan	relacionar	VERB
es003.s021.t016	con	con	ADP
es003.s021.t017	la	el	DET
es003.s021.t018	discriminación	discriminación	NOUN
es003.s021.t019	por	por	ADP
es003.s021.t020	edad	edad	NOUN
es003.s021.t021	.	.	PUNCT
es003.s022.t001	El	el	DET
es003.s022.t002	proyecto	proyecto	NOUN
es003.s022.t003	también	también	ADV
es003.s022.t004	considera	considerar	VERB
es003.s022.t005	iniciativas	iniciativa	NOUN
es003.s022.t006	para	para	ADP
es003.s022.t007	combatir	combatir	VERB
es003.s022.t008	la	el	DET
es003.s022.t009	discriminación	discriminación	NOUN
es003.s022.t010	por	por	ADP
es003.s022.t011	edad	edad	NOUN
es003.s022.t012	en	en	ADP
es003.s022.t013	las	el	DET
es003.s022.t014	zonas	zona	NOUN
es003.s022.t015	rurales	rural	ADJ
es003.s022.t016	y	y	CCONJ
es003.s022.t017	en	en	ADP
es003.s022.t018	las	el	DET
es003.s022.t019	pequeñas	pequeño	ADJ
es003.s022.t020	y	y	CCONJ
es003.s022.t021	medianas	mediano	ADJ
es003.s022.t022	empresas	empresa	NOUN
es003.s022.t023	.	.	PUNCT
es003.s023.t001	El	el	DET
es003.s023.t002	proyecto	proyecto	NOUN
es003.s023.t003	abarca	abarcar	VERB
es003.s023.t004	siete	siete	NUM
es003.s023.t005	Estados	estado	NOUN
es003.s023.t006	miembros	miembro	NOUN
es003.s023.t007	:	:	PUNCT
es003.s023.t008	Bélgica	Bélgica	PROPN
es003.s023.t009	,	,	PUNCT
es003.s023.t010	Francia	Francia	PROPN
es003.s023.t011	,	,	PUNCT
es003.s023.t012	Alemania	Alemania	PROPN
es003.s023.t013	,	,	PUNCT
es003.s023.t014	Grecia	Grecia	PROPN
es003.s023.t015	,	,	PUNCT
es003.s023.t016	Italia	Italia	PROPN
es003.s023.t017	,	,	PUNCT
es003.s023.t018	Países	Países	PROPN
es003.s023.t019	Bajos	Bajos	PROPN
es003.s023.t020	y	y	CCONJ
es003.s023.t021	Reino	Reino	PROPN
es003.s023.t022	Unido	Unido	PROPN
es003.s023.t023	.	.	PUNCT
es004.s001.t001	Este	este	DET
es004.s001.t002	documento	documento	NOUN
es004.s001.t003	es	ser	AUX
es004.s001.t004	un	uno	DET
es004.s001.t005	resumen	resumen	NOUN
es004.s001.t006	del	del	ADP
es004.s001.t007	Informe	Informe	PROPN
es004.s001.t008	Público	Público	PROPN
es004.s001.t009	Europeo	Europeo	PROPN
es004.s001.t010	de	de	ADP
es004.s001.t011	Evaluación	Evaluación	PROPN
es004.s001.t012	.	.	PUNCT
es004.s002.t001	Explica	explicar	VERB
es004.s002.t002	cómo	cómo	PRON
es004.s002.t003	el	el	DET
es004.s002.t004	Comité	Comité	PROPN
es004.s002.t005	de	de	ADP
es004.s002.t006	Medicamentos	Medicamentos	PROPN
es004.s002.t007	de	de	ADP
es004.s002.t008	Uso	Uso	PROPN
es004.s002.t009	Veterinario	Veterinario	PROPN
es004.s002.t010	(	(	PUNCT
es004.s002.t011	CVMP	CVMP	PROPN
es004.s002.t012	)	)	PUNCT
es004.s002.t013	evaluó	evaluó	VERB
es004.s002.t014	los	el	DET
es004.s002.t015	estudios	estudio	NOUN
es004.s002.t016	realizados	realizado	ADJ
es004.s002.t017	para	para	ADP
es004.s002.t018	llegar	llegar	VERB
es004.s002.t019	a	a	ADP
es004.s002.t020	sus	su	DET
es004.s002.t021	recomendaciones	recomendación	NOUN
es004.s002.t022	sobre	sobre	ADP
es004.s002.t023	cómo	cómo	PRON
es004.s002.t024	utilizar	utilizar	VERB
es004.s002.t025	el	el	DET
es004.s002.t026	medicamento	medicamento	NOUN
es004.s002.t027	.	.	PUNCT
es004.s003.t001	¿	¿	PUNCT
es004.s003.t002	Qué	qué	PRON
es004.s003.t003	es	ser	AUX
es004.s003.t004	Cerenia	Cerenia	PROPN
es004.s003.t005	?	?	PUNCT
es004.s004.t001	Cerenia	Cerenia	PROPN
es004.s004.t002	contiene	contener	VERB
es004.s004.t003	el	el	DET
es004.s004.t004	principio	principio	NOUN
es004.s004.t005	activo	activo	ADJ
es004.s004.t006	maropitant	maropitant	PROPN
es004.s004.t007	y	y	CCONJ
es004.s004.t008	está	estar	AUX
es004.s004.t009	disponible	disponible	ADJ
es004.s004.t010	en	en	ADP
es004.s004.t011	forma	forma	NOUN
es004.s004.t012	de	de	ADP
es004.s004.t013	comprimidos	comprimido	NOUN
es004.s004.t014	o	o	CCONJ
es004.s004.t015	solución	solución	NOUN
es004.s004.t016	inyectable	inyectable	ADJ
es004.s004.t017	.	.	PUNCT
es004.s005.t001	Los	el	DET
es004.s005.t002	comprimidos	comprimido	NOUN
es004.s005.t003	son	ser	AUX
es004.s005.t004	de	de	ADP
es004.s005.t005	color	color	NOUN
es004.s005.t006	naranja	naranja	ADJ
es004.s005.t007	pálido	pálido	ADJ
es004.s005.t008	y	y	CCONJ
es004.s005.t009	tienen	tener	VERB
es004.s005.t010	una	uno	DET
es004.s005.t011	ranura	ranura	NOUN
es004.s005.t012	en	en	ADP
es004.s005.t013	ambos	ambos	NUM
es004.s005.t014	lados	lado	NOUN
es004.s005.t015	para	para	ADP
es004.s005.t016	poder	poder	AUX
es004.s005.t017	dividirlos	dividir él	VERB
es004.s005.t018	por	por	ADP
es004.s005.t019	la	el	DET
es004.s005.t020	mitad	mitad	NOUN
es004.s005.t021	.	.	PUNCT
es004.s006.t001	Cada	cada	DET
es004.s006.t002	comprimido	comprimido	NOUN
es004.s006.t003	está	estar	AUX
es004.s006.t004	marcado	marcado	ADJ
es004.s006.t005	con	con	ADP
es004.s006.t006	el	el	DET
es004.s006.t007	logo	logo	NOUN
es004.s006.t008	de	de	ADP
es004.s006.t009	Pfizer	Pfizer	PROPN
es004.s006.t010	en	en	ADP
es004.s006.t011	un	uno	DET
es004.s006.t012	lado	lado	NOUN
es004.s006.t013	y	y	CCONJ
es004.s006.t014	con	con	ADP
es004.s006.t015	las	el	DET
es004.s006.t016	letras	letra	NOUN
es004.s006.t017	MPT	MPT	PROPN
es004.s006.t018	y	y	CCONJ
es004.s006.t019	la	el	DET
es004.s006.t020	cantidad	cantidad	NOUN
es004.s006.t021	de	de	ADP
es004.s006.t022	maropitant	maropitant	PROPN
es004.s006.t023	en	en	ADP
es004.s006.t024	el	el	DET
es004.s006.t025	otro	otro	DET
es004.s006.t026	lado	lado	NOUN
es004.s006.t027	.	.	PUNCT
es004.s007.t001	¿	¿	PUNCT
es004.s007.t002	Para	Para	ADP
es004.s007.t003	qué	qué	PRON
es004.s007.t004	se	él	PRON
es004.s007.t005	utiliza	utilizar	VERB
es004.s007.t006	Cerenia	Cerenia	PROPN
es004.s007.t007	?	?	PUNCT
es004.s008.t001	Cerenia	Cerenia	PROPN
es004.s008.t002	es	ser	AUX
es004.s008.t003	un	uno	DET
es004.s008.t004	antiemético	antiemético	NOUN
es004.s008.t005	,	,	PUNCT
es004.s008.t006	esto	este	PRON
es004.s008.t007	significa	significar	VERB
es004.s008.t008	que	que	SCONJ
es004.s008.t009	detiene	detener	VERB
es004.s008.t010	el	el	DET
es004.s008.t011	vómito	vómito	NOUN
es004.s008.t012	.	.	PUNCT
es004.s009.t001	Se	él	PRON
es004.s009.t002	utiliza	utilizar	VERB
es004.s009.t003	en	en	ADP
es004.s009.t004	perros	perro	NOUN
es004.s009.t005	para	para	ADP
es004.s009.t006	prevenir	prevenir	VERB
es004.s009.t007	los	el	DET
es004.s009.t008	vómitos	vómito	NOUN
es004.s009.t009	,	,	PUNCT
es004.s009.t010	como	como	SCONJ
es004.s009.t011	los	el	DET
es004.s009.t012	provocados	provocado	ADJ
es004.s009.t013	por	por	ADP
es004.s009.t014	la	el	DET
es004.s009.t015	quimioterapia	quimioterapia	NOUN
es004.s009.t016	(	(	PUNCT
es004.s009.t017	medicamentos	medicamento	NOUN
es004.s009.t018	utilizados	utilizado	ADJ
es004.s009.t019	para	para	ADP
es004.s009.t020	el	el	DET
es004.s009.t021	tratamiento	tratamiento	NOUN
es004.s009.t022	del	del	ADP
es004.s009.t023	cáncer	cáncer	NOUN
es004.s009.t024	,	,	PUNCT
es004.s009.t025	algunos	alguno	PRON
es004.s009.t026	de	de	ADP
es004.s009.t027	los	el	DET
es004.s009.t028	cuales	cual	PRON
es004.s009.t029	se	él	PRON
es004.s009.t030	sabe	saber	VERB
es004.s009.t031	que	que	SCONJ
es004.s009.t032	provocan	provocar	VERB
es004.s009.t033	vómitos	vómito	NOUN
es004.s009.t034	)	)	PUNCT
es004.s009.t035	.	.	PUNCT
es004.s010.t001	En	en	ADP
es004.s010.t002	combinación	combinación	NOUN
es004.s010.t003	con	con	ADP
es004.s010.t004	medidas	medida	NOUN
es004.s010.t005	de	de	ADP
es004.s010.t006	apoyo	apoyo	NOUN
es004.s010.t007	,	,	PUNCT
es004.s010.t008	como	como	SCONJ
es004.s010.t009	otros	otro	DET
es004.s010.t010	tratamientos	tratamiento	NOUN
es004.s010.t011	veterinarios	veterinario	ADJ
es004.s010.t012	o	o	CCONJ
es004.s010.t013	una	uno	DET
es004.s010.t014	dieta	dieta	NOUN
es004.s010.t015	especial	especial	ADJ
es004.s010.t016	,	,	PUNCT
es004.s010.t017	Cerenia	Cerenia	PROPN
es004.s010.t018	también	también	ADV
es004.s010.t019	se	él	PRON
es004.s010.t020	puede	poder	AUX
es004.s010.t021	utilizar	utilizar	VERB
es004.s010.t022	en	en	ADP
es004.s010.t023	el	el	DET
es004.s010.t024	tratamiento	tratamiento	NOUN
es004.s010.t025	de	de	ADP
es004.s010.t026	los	el	DET
es004.s010.t027	vómitos	vómito	NOUN
es004.s010.t028	(	(	PUNCT
es004.s010.t029	ya	ya	ADV
es004.s010.t030	sea	ser	AUX
es004.s010.t031	como	como	SCONJ
es004.s010.t032	inyección	inyección	NOUN
es004.s010.t033	o	o	CCONJ
es004.s010.t034	como	como	SCONJ
es004.s010.t035	inyección	inyección	NOUN
es004.s010.t036	seguida	seguido	ADJ
es004.s010.t037	de	de	ADP
es004.s010.t038	comprimidos	comprimido	NOUN
es004.s010.t039	)	)	PUNCT
es004.s010.t040	.	.	PUNCT
es004.s011.t001	Para	para	ADP
es004.s011.t002	estos	este	DET
es004.s011.t003	fines	fin	NOUN
es004.s011.t004	,	,	PUNCT
es004.s011.t005	Cerenia	Cerenia	PROPN
es004.s011.t006	se	él	PRON
es004.s011.t007	puede	poder	AUX
es004.s011.t008	administrar	administrar	VERB
es004.s011.t009	durante	durante	ADP
es004.s011.t010	un	uno	DET
es004.s011.t011	máximo	máximo	ADJ
es004.s011.t012	de	de	ADP
es004.s011.t013	cinco	cinco	NUM
es004.s011.t014	días	día	NOUN
es004.s011.t015	.	.	PUNCT
es004.s012.t001	¿	¿	PUNCT
es004.s012.t002	Cómo	cómo	PRON
es004.s012.t003	funciona	funcionar	VERB
es004.s012.t004	Cerenia	Cerenia	PROPN
es004.s012.t005	?	?	PUNCT
es004.s013.t001	Cerenia	Cerenia	PROPN
es004.s013.t002	bloquea	bloquear	VERB
es004.s013.t003	un	uno	DET
es004.s013.t004	receptor	receptor	NOUN
es004.s013.t005	de	de	ADP
es004.s013.t006	neuroquinina	neuroquinina	PROPN
es004.s013.t007	1	1	NUM
es004.s013.t008	(	(	PUNCT
es004.s013.t009	NK1	NK1	PROPN
es004.s013.t010	)	)	PUNCT
es004.s013.t011	,	,	PUNCT
es004.s013.t012	que	que	PRON
es004.s013.t013	actúa	actuar	VERB
es004.s013.t014	en	en	ADP
es004.s013.t015	el	el	DET
es004.s013.t016	sistema	sistema	NOUN
es004.s013.t017	nervioso	nervioso	ADJ
es004.s013.t018	central	central	ADJ
es004.s013.t019	.	.	PUNCT
es004.s014.t001	¿	¿	PUNCT
es004.s014.t002	Cómo	cómo	PRON
es004.s014.t003	se	él	PRON
es004.s014.t004	ha	haber	AUX
es004.s014.t005	estudiado	estudiar	VERB
es004.s014.t006	Cerenia	Cerenia	PROPN
es004.s014.t007	?	?	PUNCT
es004.s015.t001	Se	él	PRON
es004.s015.t002	llevaron	llevar	VERB
es004.s015.t003	a	a	ADP
es004.s015.t004	cabo	cabo	NOUN
es004.s015.t005	un	uno	DET
es004.s015.t006	gran	gran	ADJ
es004.s015.t007	número	número	NOUN
es004.s015.t008	de	de	ADP
es004.s015.t009	estudios	estudio	NOUN
es004.s015.t010	con	con	ADP
es004.s015.t011	Cerenia	Cerenia	PROPN
es004.s015.t012	en	en	ADP
es004.s015.t013	perros	perro	NOUN
es004.s015.t014	de	de	ADP
es004.s015.t015	laboratorio	laboratorio	NOUN
es004.s015.t016	o	o	CCONJ
es004.s015.t017	en	en	ADP
es004.s015.t018	pacientes	paciente	NOUN
es004.s015.t019	animales	animal	ADJ
es004.s015.t020	en	en	ADP
es004.s015.t021	consultas	consulta	NOUN
es004.s015.t022	veterinarias	veterinario	ADJ
es004.s015.t023	de	de	ADP
es004.s015.t024	varios	varios	DET
es004.s015.t025	países	país	NOUN
es004.s015.t026	europeos	europeo	ADJ
es004.s015.t027	y	y	CCONJ
es004.s015.t028	EE.UU.	EE.UU.	PROPN
es004.s016.t001	¿	¿	PUNCT
es004.s016.t002	Qué	qué	DET
es004.s016.t003	beneficio	beneficio	NOUN
es004.s016.t004	ha	haber	AUX
es004.s016.t005	demostrado	demostrar	VERB
es004.s016.t006	Cerenia	Cerenia	PROPN
es004.s016.t007	durante	durante	ADP
es004.s016.t008	los	el	DET
es004.s016.t009	estudios	estudio	NOUN
es004.s016.t010	?	?	PUNCT
es004.s017.t001	Los	el	DET
es004.s017.t002	resultados	resultado	NOUN
es004.s017.t003	de	de	ADP
es004.s017.t004	los	el	DET
es004.s017.t005	estudios	estudio	NOUN
es004.s017.t006	demostraron	demostrar	VERB
es004.s017.t007	que	que	SCONJ
es004.s017.t008	Cerenia	Cerenia	PROPN
es004.s017.t009	fue	ser	AUX
es004.s017.t010	más	más	ADV
es004.s017.t011	eficaz	eficaz	ADJ
es004.s017.t012	que	que	SCONJ
es004.s017.t013	el	el	DET
es004.s017.t014	placebo	placebo	NOUN
es004.s017.t015	:	:	PUNCT
es004.s017.t016	se	él	PRON
es004.s017.t017	observaron	observar	VERB
es004.s017.t018	menos	menos	ADV
es004.s017.t019	vómitos	vómito	NOUN
es004.s017.t020	en	en	ADP
es004.s017.t021	los	el	DET
es004.s017.t022	perros	perro	NOUN
es004.s017.t023	que	que	PRON
es004.s017.t024	recibieron	recibir	VERB
es004.s017.t025	el	el	DET
es004.s017.t026	medicamento	medicamento	NOUN
es004.s017.t027	que	que	PRON
es004.s017.t028	en	en	ADP
es004.s017.t029	los	el	DET
es004.s017.t030	perros	perro	NOUN
es004.s017.t031	que	que	PRON
es004.s017.t032	recibieron	recibir	VERB
es004.s017.t033	un	uno	DET
es004.s017.t034	placebo	placebo	NOUN
es004.s017.t035	,	,	PUNCT
es004.s017.t036	tanto	tanto	ADV
es004.s017.t037	en	en	ADP
es004.s017.t038	el	el	DET
es004.s017.t039	tratamiento	tratamiento	NOUN
es004.s017.t040	como	como	SCONJ
es004.s017.t041	en	en	ADP
es004.s017.t042	la	el	DET
es004.s017.t043	prevención	prevención	NOUN
es004.s017.t044	de	de	ADP
es004.s017.t045	los	el	DET
es004.s017.t046	vómitos	vómito	NOUN
es004.s017.t047	.	.	PUNCT
es004.s018.t001	El	el	DET
es004.s018.t002	tratamiento	tratamiento	NOUN
es004.s018.t003	de	de	ADP
es004.s018.t004	un	uno	DET
es004.s018.t005	perro	perro	NOUN
es004.s018.t006	que	que	PRON
es004.s018.t007	vomita	vomitar	VERB
es004.s018.t008	debe	deber	AUX
es004.s018.t009	iniciarse	iniciar él	VERB
es004.s018.t010	con	con	ADP
es004.s018.t011	la	el	DET
es004.s018.t012	inyección	inyección	NOUN
es004.s018.t013	,	,	PUNCT
es004.s018.t014	ya	ya	ADV
es004.s018.t015	que	que	SCONJ
es004.s018.t016	los	el	DET
es004.s018.t017	animales	animal	NOUN
es004.s018.t018	que	que	PRON
es004.s018.t019	vomitan	vomitar	VERB
es004.s018.t020	podrían	poder	AUX
es004.s018.t021	no	no	ADV
es004.s018.t022	ser	ser	AUX
es004.s018.t023	capaces	capaz	ADJ
es004.s018.t024	de	de	ADP
es004.s018.t025	retener	retener	VERB
es004.s018.t026	una	uno	DET
es004.s018.t027	tableta	tableta	NOUN
es004.s018.t028	(	(	PUNCT
es004.s018.t029	ya	ya	ADV
es004.s018.t030	que	que	SCONJ
es004.s018.t031	podrían	poder	AUX
es004.s018.t032	arrojar	arrojar	VERB
es004.s018.t033	la	el	DET
es004.s018.t034	tableta	tableta	NOUN
es004.s018.t035	intacta	intacto	ADJ
es004.s018.t036	nuevamente	nuevamente	ADV
es004.s018.t037	)	)	PUNCT
es004.s018.t038	.	.	PUNCT
es004.s019.t001	Para	para	ADP
es004.s019.t002	el	el	DET
es004.s019.t003	tratamiento	tratamiento	NOUN
es004.s019.t004	posterior	posterior	ADJ
es004.s019.t005	,	,	PUNCT
es004.s019.t006	el	el	DET
es004.s019.t007	dueño	dueño	NOUN
es004.s019.t008	del	del	ADP
es004.s019.t009	animal	animal	NOUN
es004.s019.t010	puede	poder	AUX
es004.s019.t011	administrar	administrar	VERB
es004.s019.t012	los	el	DET
es004.s019.t013	comprimidos	comprimido	ADJ
es004.s019.t014	al	al	ADP
es004.s019.t015	perro	perro	NOUN
es004.s019.t016	.	.	PUNCT
es004.s020.t001	Además	además	ADV
es004.s020.t002	,	,	PUNCT
es004.s020.t003	el	el	DET
es004.s020.t004	tratamiento	tratamiento	NOUN
es004.s020.t005	de	de	ADP
es004.s020.t006	los	el	DET
es004.s020.t007	vómitos	vómito	NOUN
es004.s020.t008	sólo	sólo	ADV
es004.s020.t009	debe	deber	AUX
es004.s020.t010	realizarse	realizar él	VERB
es004.s020.t011	junto	junto	ADJ
es004.s020.t012	con	con	ADP
es004.s020.t013	otras	otro	DET
es004.s020.t014	medidas	medida	NOUN
es004.s020.t015	de	de	ADP
es004.s020.t016	apoyo	apoyo	NOUN
es004.s020.t017	u	u	CCONJ
es004.s020.t018	otra	otro	DET
es004.s020.t019	terapia	terapia	NOUN
es004.s020.t020	veterinaria	veterinario	ADJ
es004.s020.t021	mientras	mientras	SCONJ
es004.s020.t022	se	él	PRON
es004.s020.t023	abordan	abordar	VERB
es004.s020.t024	las	el	DET
es004.s020.t025	causas	causa	NOUN
es004.s020.t026	subyacentes	subyacente	ADJ
es004.s020.t027	de	de	ADP
es004.s020.t028	los	el	DET
es004.s020.t029	vómitos	vómito	NOUN
es004.s020.t030	.	.	PUNCT
es004.s021.t001	¿	¿	PUNCT
es004.s021.t002	Cuál	cuál	PRON
es004.s021.t003	es	ser	AUX
es004.s021.t004	el	el	DET
es004.s021.t005	riesgo	riesgo	NOUN
es004.s021.t006	asociado	asociado	ADJ
es004.s021.t007	con	con	ADP
es004.s021.t008	Cerenia	Cerenia	PROPN
es004.s021.t009	?	?	PUNCT
es004.s022.t001	Cerenia	Cerenia	PROPN
es004.s022.t002	fue	ser	AUX
es004.s022.t003	generalmente	generalmente	ADV
es004.s022.t004	bien	bien	ADV
es004.s022.t005	tolerada	tolerado	ADJ
es004.s022.t006	cuando	cuando	SCONJ
es004.s022.t007	se	él	PRON
es004.s022.t008	administró	administrar	VERB
es004.s022.t009	diariamente	diariamente	ADV
es004.s022.t010	en	en	ADP
es004.s022.t011	dosis	dosis	NOUN
es004.s022.t012	de	de	ADP
es004.s022.t013	hasta	hasta	ADV
es004.s022.t014	5	5	NUM
es004.s022.t015	veces	vez	NOUN
es004.s022.t016	las	el	DET
es004.s022.t017	dosis	dosis	NOUN
es004.s022.t018	recomendadas	recomendado	ADJ
es004.s022.t019	durante	durante	ADP
es004.s022.t020	un	uno	DET
es004.s022.t021	período	período	NOUN
es004.s022.t022	prolongado	prolongado	ADJ
es004.s022.t023	(	(	PUNCT
es004.s022.t024	hasta	hasta	ADP
es004.s022.t025	3	3	NUM
es004.s022.t026	veces	vez	NOUN
es004.s022.t027	la	el	DET
es004.s022.t028	duración	duración	NOUN
es004.s022.t029	máxima	máximo	ADJ
es004.s022.t030	recomendada	recomendado	ADJ
es004.s022.t031	del	del	ADP
es004.s022.t032	tratamiento	tratamiento	NOUN
es004.s022.t033	)	)	PUNCT
es004.s022.t034	.	.	PUNCT
es004.s023.t001	¿	¿	PUNCT
es004.s023.t002	Cuáles	cuál	PRON
es004.s023.t003	son	ser	AUX
es004.s023.t004	las	el	DET
es004.s023.t005	precauciones	precaución	NOUN
es004.s023.t006	para	para	ADP
es004.s023.t007	la	el	DET
es004.s023.t008	persona	persona	NOUN
es004.s023.t009	que	que	PRON
es004.s023.t010	administra	administrar	VERB
es004.s023.t011	el	el	DET
es004.s023.t012	medicamento	medicamento	NOUN
es004.s023.t013	o	o	CCONJ
es004.s023.t014	entra	entrar	VERB
es004.s023.t015	en	en	ADP
es004.s023.t016	contacto	contacto	NOUN
es004.s023.t017	con	con	ADP
es004.s023.t018	el	el	DET
es004.s023.t019	animal	animal	NOUN
es004.s023.t020	?	?	PUNCT
es004.s024.t001	Cerenia	Cerenia	PROPN
es004.s024.t002	no	no	ADV
es004.s024.t003	representa	representar	VERB
es004.s024.t004	un	uno	DET
es004.s024.t005	riesgo	riesgo	NOUN
es004.s024.t006	particular	particular	ADJ
es004.s024.t007	para	para	ADP
es004.s024.t008	las	el	DET
es004.s024.t009	personas	persona	NOUN
es004.s024.t010	.	.	PUNCT
