New ID	Token	Lemma	POS	Old ID
	This	this	DET	
d001.s001.t001	document	document	NOUN	d001.s001.t001
	is	be	VERB	
	a	a	DET	
d001.s001.t002	summary	summary	NOUN	d001.s001.t002
	of	of	ADP	
	the	the	DET	
d001.s001.t003	European	european	ADJ	d001.s001.t003
d001.s001.t004	Public	public	ADJ	d001.s001.t004
d001.s001.t005	Assessment	assessment	NOUN	d001.s001.t005
d001.s001.t006	Report	report	NOUN	d001.s001.t006
	(	(	.	
	EPAR	epar	NOUN	
	)	)	.	
	.	.	.	
	It	it	PRON	
d001.s002.t001	explains	explain	VERB	d001.s002.t001
	how	how	ADV	
	the	the	DET	
d001.s002.t002	Committee	committee	NOUN	d001.s002.t002
	for	for	ADP	
d001.s002.t003	Medicinal	medicinal	ADJ	d001.s002.t003
d001.s002.t004	Products	product	NOUN	d001.s002.t004
	for	for	ADP	
d001.s002.t005	Human	human	ADJ	d001.s002.t005
d001.s002.t006	Use	use	NOUN	d001.s002.t006
	(	(	.	
	CHMP	chmp	NOUN	
	)	)	.	
d001.s002.t007	assessed	assess	VERB	d001.s002.t007
	the	the	DET	
d001.s002.t008	studies	study	NOUN	d001.s002.t008
d001.s002.t009	performed	perform	VERB	d001.s002.t009
	,	,	.	
	to	to	PRT	
d001.s002.t010	reach	reach	VERB	d001.s002.t010
	their	they	PRON	
d001.s002.t011	recommendations	recommendation	NOUN	d001.s002.t011
	on	on	ADP	
	how	how	ADV	
	to	to	PRT	
d001.s002.t012	use	use	VERB	d001.s002.t012
	the	the	DET	
d001.s002.t013	medicine	medicine	NOUN	d001.s002.t013
	.	.	.	
	If	if	ADP	
	you	you	PRON	
d001.s003.t001	need	need	VERB	d001.s003.t001
d001.s003.t002	more	more	ADJ	d001.s003.t002
d001.s003.t003	information	information	NOUN	d001.s003.t003
	about	about	ADP	
	your	you	PRON	
d001.s003.t004	medical	medical	ADJ	d001.s003.t004
d001.s003.t005	condition	condition	NOUN	d001.s003.t005
	or	or	CONJ	
	your	you	PRON	
d001.s003.t006	treatment	treatment	NOUN	d001.s003.t006
	,	,	.	
d001.s003.t007	read	read	VERB	d001.s003.t007
	the	the	DET	
d001.s003.t008	Package	package	NOUN	d001.s003.t008
d001.s003.t009	Leaflet	leaflet	NOUN	d001.s003.t009
	(	(	.	
d001.s003.t010	also	also	ADV	d001.s003.t010
d001.s003.t011	part	part	NOUN	d001.s003.t011
	of	of	ADP	
	the	the	DET	
	EPAR	epar	NOUN	
	)	)	.	
	or	or	CONJ	
d001.s003.t012	contact	contact	VERB	d001.s003.t012
	your	you	PRON	
d001.s003.t013	doctor	doctor	NOUN	d001.s003.t013
	or	or	CONJ	
d001.s003.t014	pharmacist	pharmacist	NOUN	d001.s003.t014
	.	.	.	
	If	if	ADP	
	you	you	PRON	
d001.s004.t001	want	want	VERB	d001.s004.t001
d001.s004.t002	more	more	ADJ	d001.s004.t002
d001.s004.t003	information	information	NOUN	d001.s004.t003
	on	on	ADP	
	the	the	DET	
d001.s004.t004	basis	basis	NOUN	d001.s004.t004
	of	of	ADP	
	the	the	DET	
	CHMP	chmp	NOUN	
d001.s004.t005	recommendations	recommendation	NOUN	d001.s004.t005
	,	,	.	
d001.s004.t006	read	read	VERB	d001.s004.t006
	the	the	DET	
d001.s004.t007	Scientific	scientific	ADJ	d001.s004.t007
d001.s004.t008	Discussion	discussion	NOUN	d001.s004.t008
	(	(	.	
d001.s004.t009	also	also	ADV	d001.s004.t009
d001.s004.t010	part	part	NOUN	d001.s004.t010
	of	of	ADP	
	the	the	DET	
	EPAR	epar	NOUN	
	)	)	.	
	.	.	.	
	What	what	PRON	
	is	be	VERB	
	Alimta	alimta	NOUN	
	?	?	.	
	Alimta	alimta	NOUN	
	is	be	VERB	
	a	a	DET	
d001.s006.t001	powder	powder	NOUN	d001.s006.t001
	that	that	DET	
	is	be	VERB	
d001.s006.t002	made up	make_up	VERB	d001.s006.t002
	into	into	ADP	
	a	a	DET	
d001.s006.t003	solution	solution	NOUN	d001.s006.t003
	for	for	ADP	
d001.s006.t004	infusion	infusion	NOUN	d001.s006.t004
	(	(	.	
d001.s006.t005	drip	drip	VERB	d001.s006.t005
	into	into	ADP	
	a	a	DET	
d001.s006.t006	vein	vein	NOUN	d001.s006.t006
	)	)	.	
	.	.	.	
	It	it	PRON	
d001.s007.t001	contains	contain	VERB	d001.s007.t001
	the	the	DET	
d001.s007.t002	active	active	ADJ	d001.s007.t002
d001.s007.t003	substance	substance	NOUN	d001.s007.t003
	pemetrexed	pemetrex	VERB	
	.	.	.	
	What	what	PRON	
	is	be	VERB	
	Alimta	alimta	NOUN	
d001.s008.t001	used	use	VERB	d001.s008.t001
	for	for	ADP	
	?	?	.	
	Alimta	alimta	NOUN	
	is	be	VERB	
d001.s009.t001	used	use	VERB	d001.s009.t001
	to	to	PRT	
d001.s009.t002	treat	treat	VERB	d001.s009.t002
	two	two	NUM	
d001.s009.t003	types	type	NOUN	d001.s009.t003
	of	of	ADP	
d001.s009.t004	cancer	cancer	NOUN	d001.s009.t004
	:	:	.	
d001.s009.t005	pleural	pleural	ADJ	d001.s009.t005
d001.s009.t006	mesothelioma	mesothelioma	NOUN	d001.s009.t006
	(	(	.	
d001.s009.t007	cancer	cancer	NOUN	d001.s009.t007
	of	of	ADP	
	the	the	DET	
d001.s009.t008	lining	lining	NOUN	d001.s009.t008
	of	of	ADP	
	the	the	DET	
d001.s009.t009	lungs	lung	NOUN	d001.s009.t009
	that	that	DET	
	is	be	VERB	
d001.s009.t010	usually	usually	ADV	d001.s009.t010
d001.s009.t011	caused	cause	VERB	d001.s009.t011
	by	by	ADP	
d001.s009.t012	exposure	exposure	NOUN	d001.s009.t012
	to	to	PRT	
d001.s009.t013	asbestos	asbestos	NOUN	d001.s009.t013
	)	)	.	
	.	.	.	
	Alimta	alimta	NOUN	
	is	be	VERB	
d001.s010.t001	used	use	VERB	d001.s010.t001
d001.s010.t002	together with	together_with	ADV	d001.s010.t002
	cisplatin	cisplatin	X	
	(	(	.	
	another	another	DET	
d001.s010.t003	anticancer	anticancer	ADJ	d001.s010.t003
d001.s010.t004	medicine	medicine	NOUN	d001.s010.t004
	)	)	.	
	when	when	ADV	
	the	the	DET	
d001.s010.t005	cancer	cancer	NOUN	d001.s010.t005
	is	be	VERB	
	unresectable	unresectable	ADJ	
	(	(	.	
	cannot	cannot	X	
	be	be	VERB	
d001.s010.t006	removed	remove	VERB	d001.s010.t006
	by	by	ADP	
d001.s010.t007	surgery	surgery	NOUN	d001.s010.t007
d001.s010.t008	alone	alone	ADJ	d001.s010.t008
	)	)	.	
	and	and	CONJ	
d001.s010.t009	malignant	malignant	ADJ	d001.s010.t009
	(	(	.	
	has	have	VERB	
d001.s010.t010	spread	spread	VERB	d001.s010.t010
	,	,	.	
	or	or	CONJ	
	is	be	VERB	
d001.s010.t011	likely	likely	ADJ	d001.s010.t011
	to	to	PRT	
d001.s010.t012	spread	spread	VERB	d001.s010.t012
d001.s010.t013	easily	easily	ADV	d001.s010.t013
	,	,	.	
	to	to	PRT	
d001.s010.t014	other	other	ADJ	d001.s010.t014
d001.s010.t015	parts	part	NOUN	d001.s010.t015
	of	of	ADP	
	the	the	DET	
d001.s010.t016	body	body	NOUN	d001.s010.t016
	)	)	.	
	,	,	.	
	in	in	ADP	
d001.s010.t017	patients	patient	NOUN	d001.s010.t017
	who	who	PRON	
	have	have	VERB	
d001.s010.t018	not	not	ADV	d001.s010.t018
d001.s010.t019	received	receive	VERB	d001.s010.t019
d001.s010.t020	chemotherapy	chemotherapy	NOUN	d001.s010.t020
	(	(	.	
d001.s010.t021	medicines	medicine	NOUN	d001.s010.t021
	for	for	ADP	
d001.s010.t022	cancer	cancer	NOUN	d001.s010.t022
	)	)	.	
	before	before	ADP	
d001.s010.t023	advanced	advanced	ADJ	d001.s010.t023
	or	or	CONJ	
d001.s010.t024	metastatic	metastatic	ADJ	d001.s010.t024
	non-small	non-small	ADJ	
d001.s010.t025	cell	cell	NOUN	d001.s010.t025
d001.s010.t026	lung cancer	lung_cancer	NOUN	d001.s010.t026
	that	that	DET	
	is	be	VERB	
d001.s010.t027	not	not	ADV	d001.s010.t027
d001.s010.t028	affecting	affect	VERB	d001.s010.t028
	the	the	DET	
d001.s010.t029	squamous cells	squamous_cell	NOUN	d001.s010.t029
	.	.	.	
	Alimta	alimta	NOUN	
	is	be	VERB	
d001.s011.t001	used	use	VERB	d001.s011.t001
	in	in	ADP	
d001.s011.t002	combination	combination	NOUN	d001.s011.t002
	with	with	ADP	
	cisplatin	cisplatin	NOUN	
	in	in	ADP	
d001.s011.t003	patients	patient	NOUN	d001.s011.t003
	who	who	PRON	
	have	have	VERB	
d001.s011.t004	not	not	ADV	d001.s011.t004
	been	be	VERB	
d001.s011.t005	treated	treat	VERB	d001.s011.t005
	before	before	ADV	
	,	,	.	
	and	and	CONJ	
	on	on	ADP	
	its	its	PRON	
	own	own	ADJ	
	in	in	ADP	
d001.s011.t006	patients	patient	NOUN	d001.s011.t006
	who	who	PRON	
	have	have	VERB	
d001.s011.t007	received	receive	VERB	d001.s011.t007
	another	another	DET	
d001.s011.t008	type	type	NOUN	d001.s011.t008
	of	of	ADP	
d001.s011.t009	chemotherapy	chemotherapy	NOUN	d001.s011.t009
	in	in	ADP	
	the	the	DET	
d001.s011.t010	past	past	NOUN	d001.s011.t010
	.	.	.	
	The	the	DET	
d001.s012.t001	medicine	medicine	NOUN	d001.s012.t001
	can	can	VERB	
d001.s012.t002	only	only	ADV	d001.s012.t002
	be	be	VERB	
d001.s012.t003	obtained	obtain	VERB	d001.s012.t003
	with	with	ADP	
	a	a	DET	
d001.s012.t004	prescription	prescription	NOUN	d001.s012.t004
	.	.	.	
	How	how	ADV	
	is	be	VERB	
	Alimta	alimta	NOUN	
d001.s013.t001	used	use	VERB	d001.s013.t001
	?	?	.	
	Alimta	alimta	NOUN	
	should	should	VERB	
d001.s014.t001	only	only	ADV	d001.s014.t001
	be	be	VERB	
d001.s014.t002	given	give	VERB	d001.s014.t002
	under	under	ADP	
	the	the	DET	
d001.s014.t003	supervision	supervision	NOUN	d001.s014.t003
	of	of	ADP	
	a	a	DET	
d001.s014.t004	doctor	doctor	NOUN	d001.s014.t004
	who	who	PRON	
	is	be	VERB	
	qualified	qualify	VERB	
	in	in	ADP	
	the	the	DET	
d001.s014.t005	use	use	NOUN	d001.s014.t005
	of	of	ADP	
d001.s014.t006	anticancer	anticancer	ADJ	d001.s014.t006
d001.s014.t007	chemotherapy	chemotherapy	NOUN	d001.s014.t007
	.	.	.	
	The	the	DET	
	recommended	recommend	VERB	
d001.s015.t001	dose	dose	NOUN	d001.s015.t001
	of	of	ADP	
	Alimta	alimta	NOUN	
	is	be	VERB	
	500	500	NUM	
d001.s015.t002	mg	mg	NOUN	d001.s015.t002
	per	per	ADP	
d001.s015.t003	square metre	square_metre	NOUN	d001.s015.t003
	of	of	ADP	
d001.s015.t004	body	body	NOUN	d001.s015.t004
d001.s015.t005	surface area	surface_area	NOUN	d001.s015.t005
	(	(	.	
d001.s015.t006	calculated	calculate	VERB	d001.s015.t006
d001.s015.t007	using	use	VERB	d001.s015.t007
	the	the	DET	
d001.s015.t008	patient	patient	NOUN	d001.s015.t008
	s	s	NOUN	
d001.s015.t009	height	height	NOUN	d001.s015.t009
	and	and	CONJ	
d001.s015.t010	weight	weight	NOUN	d001.s015.t010
	)	)	.	
	.	.	.	
	It	it	PRON	
	is	be	VERB	
d001.s015.t011	given	give	VERB	d001.s016.t001
d001.s015.t012	once	once	ADV	d001.s016.t002
d001.s015.t013	every	every	ADJ	d001.s016.t003
	three	three	NUM	
d001.s015.t014	weeks	week	NOUN	d001.s016.t004
	as	as	ADP	
	an	a	DET	
d001.s015.t015	intravenous	intravenous	ADJ	d001.s016.t005
d001.s015.t016	infusion	infusion	NOUN	d001.s016.t006
d001.s015.t017	lasting	last	VERB	d001.s016.t007
	10	10	NUM	
d001.s015.t018	minutes	minute	NOUN	d001.s016.t008
	.	.	.	
	To	to	PRT	
d001.s016.t001	reduce	reduce	VERB	d001.s017.t001
d001.s016.t002	side effects	side_effect	NOUN	d001.s017.t002
	,	,	.	
d001.s016.t003	patients	patient	NOUN	d001.s017.t003
	should	should	VERB	
d001.s016.t004	take	take	VERB	d001.s017.t004
	a	a	DET	
d001.s016.t005	corticosteroid	corticosteroid	NOUN	d001.s017.t005
	and	and	CONJ	
d001.s016.t006	folic acid	folic_acid	NOUN	d001.s017.t006
	(	(	.	
	a	a	DET	
d001.s016.t007	type	type	NOUN	d001.s017.t007
	of	of	ADP	
d001.s016.t008	vitamin	vitamin	NOUN	d001.s017.t008
	)	)	.	
	,	,	.	
	and	and	CONJ	
	receive	receive	VERB	
d001.s016.t009	injections	injection	NOUN	d001.s017.t009
	of	of	ADP	
d001.s016.t010	vitamin B12	vitamin_b12	NOUN	d001.s017.t010
	during	during	ADP	
d001.s016.t011	treatment	treatment	NOUN	d001.s017.t011
	with	with	ADP	
	Alimta	alimta	NOUN	
	.	.	.	
	When	when	ADV	
	Alimta	alimta	NOUN	
	is	be	VERB	
d001.s017.t001	given	give	VERB	d001.s018.t001
	with	with	ADP	
	cisplatin	cisplatin	NOUN	
	,	,	.	
	an	a	DET	
	anti-emetic	anti-emetic	ADJ	
d001.s017.t002	medicine	medicine	NOUN	d001.s018.t002
	(	(	.	
	to	to	PRT	
d001.s017.t003	prevent	prevent	VERB	d001.s018.t003
d001.s017.t004	vomiting	vomit	VERB	d001.s018.t004
	)	)	.	
	and	and	CONJ	
d001.s017.t005	fluids	fluid	NOUN	d001.s018.t005
	(	(	.	
	to	to	PRT	
d001.s017.t006	prevent	prevent	VERB	d001.s018.t006
d001.s017.t007	dehydration	dehydration	NOUN	d001.s018.t007
	)	)	.	
	should	should	VERB	
d001.s017.t008	also	also	ADV	d001.s018.t008
	be	be	VERB	
d001.s017.t009	given	give	VERB	d001.s018.t009
d001.s017.t010	before	before	ADV	d001.s018.t010
	or	or	CONJ	
d001.s017.t011	after	after	ADV	d001.s018.t011
	the	the	DET	
	cisplatin	cisplatin	NOUN	
d001.s017.t012	dose	dose	NOUN	d001.s018.t012
	.	.	.	
d001.s018.t001	Treatment	treatment	NOUN	d001.s019.t001
	should	should	VERB	
	be	be	VERB	
d001.s018.t002	delayed	delay	VERB	d001.s019.t002
	or	or	CONJ	
d001.s018.t003	discontinued	discontinue	VERB	d001.s019.t003
	,	,	.	
	or	or	CONJ	
	the	the	DET	
d001.s018.t004	dose	dose	NOUN	d001.s019.t004
d001.s018.t005	reduced	reduce	VERB	d001.s019.t005
	,	,	.	
	in	in	ADP	
d001.s018.t006	patients	patient	NOUN	d001.s019.t006
	whose	whose	PRON	
d001.s018.t007	blood counts	blood_count	NOUN	d001.s019.t007
	are	be	VERB	
d001.s018.t008	abnormal	abnormal	ADJ	d001.s019.t008
	or	or	CONJ	
	who	who	PRON	
d001.s018.t009	have	have	VERB	d001.s019.t009
d001.s018.t010	certain	certain	ADJ	d001.s019.t010
d001.s018.t011	other	other	ADJ	d001.s019.t011
d001.s018.t012	side effects	side_effect	NOUN	d001.s019.t012
	.	.	.	
	Alimta	alimta	NOUN	
	is	be	VERB	
d001.s019.t001	not	not	ADV	d001.s020.t001
d001.s019.t002	recommended	recommend	VERB	d001.s020.t002
	for	for	ADP	
d001.s019.t003	use	use	NOUN	d001.s020.t003
	in	in	ADP	
d001.s019.t004	patients	patient	NOUN	d001.s020.t004
	with	with	ADP	
d001.s019.t005	moderate	moderate	ADJ	d001.s020.t005
	or	or	CONJ	
d001.s019.t006	severe	severe	ADJ	d001.s020.t006
d001.s019.t007	kidney	kidney	NOUN	d001.s020.t007
d001.s019.t008	problems	problem	NOUN	d001.s020.t008
	.	.	.	
	For	for	ADP	
d001.s020.t001	more	more	ADJ	d001.s021.t001
d001.s020.t002	information	information	NOUN	d001.s021.t002
	,	,	.	
d001.s020.t003	see	see	VERB	d001.s021.t003
	the	the	DET	
d001.s020.t004	Summary	summary	NOUN	d001.s021.t004
	of	of	ADP	
d001.s020.t005	Product	product	NOUN	d001.s021.t005
	Characteristics	characteristic	NOUN	
	(	(	.	
d001.s020.t006	also	also	ADV	d001.s021.t006
d001.s020.t007	part	part	NOUN	d001.s021.t007
	of	of	ADP	
	the	the	DET	
	EPAR	epar	NOUN	
	)	)	.	
	.	.	.	
	How	how	ADV	
	does	do	VERB	
	Alimta	alimta	NOUN	
	work	work	VERB	
	?	?	.	
	The	the	DET	
d001.s022.t001	active	active	ADJ	d001.s023.t001
d001.s022.t002	substance	substance	NOUN	d001.s023.t002
	in	in	ADP	
	Alimta	alimta	NOUN	
	,	,	.	
	pemetrexed	pemetrex	VERB	
	,	,	.	
	is	be	VERB	
	a	a	DET	
d001.s022.t003	cytotoxic	cytotoxic	ADJ	d001.s023.t003
d001.s022.t004	medicine	medicine	NOUN	d001.s023.t004
	(	(	.	
	a	a	DET	
d001.s022.t005	medicine	medicine	NOUN	d001.s023.t005
	that	that	DET	
d001.s022.t006	kills	kill	VERB	d001.s023.t006
d001.s022.t007	cells	cell	NOUN	d001.s023.t007
	that	that	DET	
	are	be	VERB	
d001.s022.t008	dividing	divide	VERB	d001.s023.t008
	,	,	.	
	such	such	ADJ	
	as	as	ADP	
d001.s022.t009	cancer cells	cancer_cell	NOUN	d001.s023.t009
	)	)	.	
	,	,	.	
	which	which	DET	
d001.s022.t010	belongs to	belong_to	VERB	d001.s023.t010
	the	the	DET	
d001.s022.t011	group	group	NOUN	d001.s023.t011
d001.s022.t012	antimetabolites	antimetabolite	NOUN	d001.s023.t012
	.	.	.	
	In	in	ADP	
	the	the	DET	
d001.s023.t001	body	body	NOUN	d001.s024.t001
	,	,	.	
	pemetrexed	pemetrex	VERB	
	is	be	VERB	
d001.s023.t002	converted	convert	VERB	d001.s024.t002
	into	into	ADP	
	an	a	DET	
d001.s023.t003	active	active	ADJ	d001.s024.t003
d001.s023.t004	form	form	NOUN	d001.s024.t004
	that	that	DET	
d001.s023.t005	blocks	block	VERB	d001.s024.t005
	the	the	DET	
d001.s023.t006	activity	activity	NOUN	d001.s024.t006
	of	of	ADP	
	the	the	DET	
d001.s023.t007	enzymes	enzyme	NOUN	d001.s024.t007
	that	that	DET	
	are	be	VERB	
d001.s023.t008	involved	involve	VERB	d001.s024.t008
	in	in	ADP	
d001.s023.t009	producing	produce	VERB	d001.s024.t009
d001.s023.t010	nucleotides	nucleotide	NOUN	d001.s024.t010
	(	(	.	
	the	the	DET	
d001.s023.t011	building blocks	building_block	NOUN	d001.s024.t011
	of	of	ADP	
d001.s023.t012	DNA	dna	NOUN	d001.s024.t012
	and	and	CONJ	
d001.s023.t013	RNA	rna	NOUN	d001.s024.t013
	,	,	.	
	the	the	DET	
d001.s023.t014	genetic	genetic	ADJ	d001.s024.t014
d001.s023.t015	material	material	NOUN	d001.s024.t015
	of	of	ADP	
d001.s023.t016	cells	cell	NOUN	d001.s024.t016
	)	)	.	
	.	.	.	
	How	how	ADV	
	has	have	VERB	
	Alimta	alimta	NOUN	
	been	be	VERB	
d001.s024.t001	studied	study	VERB	d001.s025.t001
	?	?	.	
	For	for	ADP	
	the	the	DET	
d001.s025.t001	treatment	treatment	NOUN	d001.s026.t001
	of	of	ADP	
d001.s025.t002	malignant	malignant	ADJ	d001.s026.t002
d001.s025.t003	pleural	pleural	ADJ	d001.s026.t003
d001.s025.t004	mesothelioma	mesothelioma	NOUN	d001.s026.t004
	,	,	.	
	Alimta	alimta	NOUN	
	has	have	VERB	
	been	be	VERB	
d001.s025.t005	studied	study	VERB	d001.s026.t005
	in	in	ADP	
	one	one	NUM	
d001.s025.t006	main	main	ADJ	d001.s026.t006
d001.s025.t007	study	study	NOUN	d001.s026.t007
	in	in	ADP	
	456	456	NUM	
d001.s025.t008	patients	patient	NOUN	d001.s026.t008
	who	who	PRON	
	had	have	VERB	
d001.s025.t009	not	not	ADV	d001.s026.t009
d001.s025.t010	received	receive	VERB	d001.s026.t010
d001.s025.t011	chemotherapy	chemotherapy	NOUN	d001.s026.t011
	for	for	ADP	
	their	they	PRON	
d001.s025.t012	disease	disease	NOUN	d001.s026.t012
d001.s025.t013	before	before	ADV	d001.s026.t013
	.	.	.	
	The	the	DET	
d001.s026.t001	effects	effect	NOUN	d001.s027.t001
	of	of	ADP	
	Alimta	alimta	X	
	in	in	X	
d001.s026.t002	combination	combination	NOUN	d001.s027.t002
	with	with	ADP	
	cisplatin	cisplatin	NOUN	
	were	be	VERB	
d001.s026.t003	compared	compare	VERB	d001.s027.t003
	with	with	ADP	
	those	those	DET	
	of	of	ADP	
	cisplatin	cisplatin	NOUN	
d001.s026.t004	alone	alone	ADV	d001.s027.t004
	.	.	.	
	For	for	ADP	
	the	the	DET	
d001.s027.t001	treatment	treatment	NOUN	d001.s028.t001
	of	of	ADP	
	non-small	non-small	ADJ	
d001.s027.t002	cell	cell	NOUN	d001.s028.t002
d001.s027.t003	lung cancer	lung_cancer	NOUN	d001.s028.t003
	,	,	.	
	the	the	DET	
d001.s027.t004	effects	effect	NOUN	d001.s028.t004
	of	of	ADP	
	Alimta	alimta	NOUN	
	were	be	VERB	
d001.s027.t005	compared	compare	VERB	d001.s028.t005
	with	with	ADP	
	those	those	DET	
	of	of	ADP	
	docetaxel	docetaxel	X	
	(	(	.	
	another	another	DET	
d001.s027.t006	anticancer	anticancer	ADJ	d001.s028.t006
d001.s027.t007	medicine	medicine	NOUN	d001.s028.t007
	)	)	.	
	in	in	ADP	
	one	one	NUM	
d001.s027.t008	study	study	NOUN	d001.s028.t008
d001.s027.t009	involving	involve	VERB	d001.s028.t009
	571	571	NUM	
d001.s027.t010	patients	patient	NOUN	d001.s028.t010
	with	with	ADP	
d001.s027.t011	locally	locally	ADV	d001.s028.t011
d001.s027.t012	advanced	advanced	ADJ	d001.s028.t012
	or	or	CONJ	
d001.s027.t013	metastatic	metastatic	ADJ	d001.s028.t013
d001.s027.t014	disease	disease	NOUN	d001.s028.t014
	who	who	PRON	
	had	have	VERB	
d001.s027.t015	received	receive	VERB	d001.s028.t015
d001.s027.t016	chemotherapy	chemotherapy	NOUN	d001.s028.t016
	in	in	ADP	
	the	the	DET	
d001.s027.t017	past	past	NOUN	d001.s028.t017
	.	.	.	
	Alimta	alimta	NOUN	
	was	be	VERB	
d001.s028.t001	also	also	ADV	d001.s029.t001
d001.s028.t002	compared	compare	VERB	d001.s029.t002
	with	with	ADP	
	gemcitabine	gemcitabine	X	
	(	(	.	
	another	another	DET	
d001.s028.t003	anticancer	anticancer	ADJ	d001.s029.t003
d001.s028.t004	medicine	medicine	NOUN	d001.s029.t004
	)	)	.	
	,	,	.	
	both	both	CONJ	
	in	in	ADP	
d001.s028.t005	combination	combination	NOUN	d001.s029.t005
	with	with	ADP	
	cisplatin	cisplatin	NOUN	
	,	,	.	
	in	in	ADP	
	a	a	DET	
d001.s028.t006	study	study	NOUN	d001.s029.t006
d001.s028.t007	involving	involve	VERB	d001.s029.t007
	1,725	1,725	NUM	
d001.s028.t008	patients	patient	NOUN	d001.s029.t008
	who	who	PRON	
	had	have	VERB	
d001.s028.t009	not	not	ADV	d001.s029.t009
d001.s028.t010	received	receive	VERB	d001.s029.t010
d001.s028.t011	chemotherapy	chemotherapy	NOUN	d001.s029.t011
	for	for	ADP	
d001.s028.t012	lung cancer	lung_cancer	NOUN	d001.s029.t012
	in	in	ADP	
	the	the	DET	
d001.s028.t013	past	past	NOUN	d001.s029.t013
	.	.	.	
	In	in	ADP	
	all	all	DET	
	three	three	NUM	
d001.s029.t001	studies	study	NOUN	d001.s030.t001
	,	,	.	
	the	the	DET	
d001.s029.t002	main	main	ADJ	d001.s030.t002
d001.s029.t003	measure	measure	NOUN	d001.s030.t003
	of	of	ADP	
d001.s029.t004	effectiveness	effectiveness	NOUN	d001.s030.t004
	was	be	VERB	
	how	how	ADV	
d001.s029.t005	long	long	ADV	d001.s030.t005
	the	the	DET	
d001.s029.t006	patients	patient	NOUN	d001.s030.t006
d001.s029.t007	survived	survive	VERB	d001.s030.t007
	.	.	.	
	What	what	DET	
d001.s030.t001	benefit	benefit	NOUN	d001.s031.t001
	has	have	VERB	
	Alimta	alimta	NOUN	
d001.s030.t002	shown	show	VERB	d001.s031.t002
	during	during	ADP	
	the	the	DET	
d001.s030.t003	studies	study	NOUN	d001.s031.t003
	?	?	.	
	Alimta	alimta	NOUN	
d001.s031.t001	increased	increase	VERB	d001.s032.t001
	the	the	DET	
d001.s031.t002	survival	survival	NOUN	d001.s032.t002
d001.s031.t003	time	time	NOUN	d001.s032.t003
	of	of	ADP	
d001.s031.t004	patients	patient	NOUN	d001.s032.t004
	with	with	ADP	
d001.s031.t005	malignant	malignant	ADJ	d001.s032.t005
d001.s031.t006	pleural	pleural	ADJ	d001.s032.t006
d001.s031.t007	mesothelioma	mesothelioma	NOUN	d001.s032.t007
	.	.	.	
d001.s032.t001	Patients	patient	NOUN	d001.s033.t001
d001.s032.t002	receiving	receive	VERB	d001.s033.t002
	Alimta	alimta	NOUN	
	and	and	CONJ	
	cisplatin	cisplatin	NOUN	
d001.s032.t003	survived	survive	VERB	d001.s033.t003
	for	for	ADP	
	an	a	DET	
d001.s032.t004	average	average	NOUN	d001.s033.t004
	of	of	ADP	
	12.1	12.1	NUM	
d001.s032.t005	months	month	NOUN	d001.s033.t005
	,	,	.	
d001.s032.t006	compared	compare	VERB	d001.s033.t006
	with	with	ADP	
	9.3	9.3	NUM	
d001.s032.t007	months	month	NOUN	d001.s033.t007
	in	in	ADP	
	those	those	DET	
	receiving	receive	VERB	
	cisplatin	cisplatin	NOUN	
d001.s032.t008	alone	alone	ADV	d001.s033.t008
	.	.	.	
	In	in	ADP	
	the	the	DET	
d001.s033.t001	treatment	treatment	NOUN	d001.s034.t001
	of	of	ADP	
d001.s033.t002	patients	patient	NOUN	d001.s034.t002
	with	with	ADP	
	non-small	non-small	ADJ	
d001.s033.t003	cell	cell	NOUN	d001.s034.t003
d001.s033.t004	lung cancer	lung_cancer	NOUN	d001.s034.t004
	,	,	.	
	Alimta	alimta	NOUN	
	was	be	VERB	
d001.s033.t005	as	as	ADV	d001.s034.t005
d001.s033.t006	effective	effective	ADJ	d001.s034.t006
d001.s033.t007	as	as	ADV	d001.s034.t007
	the	the	DET	
	comparators	comparator	NOUN	
	.	.	.	
	In	in	ADP	
d001.s034.t001	patients	patient	NOUN	d001.s035.t001
	who	who	PRON	
	had	have	VERB	
d001.s034.t002	received	receive	VERB	d001.s035.t002
d001.s034.t003	chemotherapy	chemotherapy	NOUN	d001.s035.t003
	in	in	ADP	
	the	the	DET	
d001.s034.t004	past	past	NOUN	d001.s035.t004
	,	,	.	
	the	the	DET	
d001.s034.t005	average	average	ADJ	d001.s035.t005
d001.s034.t006	survival	survival	NOUN	d001.s035.t006
d001.s034.t007	time	time	NOUN	d001.s035.t007
	was	be	VERB	
	8.3	8.3	NUM	
d001.s034.t008	months	month	NOUN	d001.s035.t008
	with	with	ADP	
	Alimta	alimta	NOUN	
	,	,	.	
d001.s034.t009	compared	compare	VERB	d001.s035.t009
	with	with	ADP	
	7.9	7.9	NUM	
d001.s034.t010	months	month	NOUN	d001.s035.t010
	with	with	ADP	
	docetaxel	docetaxel	NOUN	
	.	.	.	
	In	in	ADP	
d001.s035.t001	patients	patient	NOUN	d001.s036.t001
	who	who	PRON	
	had	have	VERB	
d001.s035.t002	not	not	ADV	d001.s036.t002
d001.s035.t003	received	receive	VERB	d001.s036.t003
d001.s035.t004	chemotherapy	chemotherapy	NOUN	d001.s036.t004
	in	in	ADP	
	the	the	DET	
d001.s035.t005	past	past	NOUN	d001.s036.t005
	,	,	.	
	the	the	DET	
d001.s035.t006	average	average	ADJ	d001.s036.t006
d001.s035.t007	survival	survival	NOUN	d001.s036.t007
d001.s035.t008	time	time	NOUN	d001.s036.t008
	was	be	VERB	
	10.3	10.3	NUM	
d001.s035.t009	months	month	NOUN	d001.s036.t009
	in	in	ADP	
	both	both	DET	
d001.s035.t010	groups	group	NOUN	d001.s036.t010
	.	.	.	
d001.s036.t001	However	however	ADV	d001.s037.t001
	,	,	.	
	in	in	ADP	
	both	both	DET	
d001.s036.t002	studies	study	NOUN	d001.s037.t002
	,	,	.	
d001.s036.t003	patients	patient	NOUN	d001.s037.t003
	whose	whose	PRON	
d001.s036.t004	cancer	cancer	NOUN	d001.s037.t004
	was	be	VERB	
d001.s036.t005	not	not	ADV	d001.s037.t005
d001.s036.t006	affecting	affect	VERB	d001.s037.t006
d001.s036.t007	squamous cells	squamous_cell	NOUN	d001.s037.t007
d001.s036.t008	had	have	VERB	d001.s037.t008
d001.s036.t009	longer	long	ADJ	d001.s037.t009
d001.s036.t010	survival	survival	NOUN	d001.s037.t010
d001.s036.t011	times	time	NOUN	d001.s037.t011
	if	if	ADP	
	they	they	PRON	
	received	receive	VERB	
	Alimta	alimta	NOUN	
	than	than	ADP	
	if	if	ADP	
	they	they	PRON	
	received	receive	VERB	
	the	the	DET	
	comparator	comparator	NOUN	
	.	.	.	
	In	in	ADP	
d001.s037.t001	contrast	contrast	NOUN	d001.s038.t001
	,	,	.	
d001.s037.t002	patients	patient	NOUN	d001.s038.t002
	whose	whose	PRON	
d001.s037.t003	cancer	cancer	NOUN	d001.s038.t003
	was	be	VERB	
d001.s037.t004	affecting	affect	VERB	d001.s038.t004
d001.s037.t005	squamous cells	squamous_cell	NOUN	d001.s038.t005
d001.s037.t006	had	have	VERB	d001.s038.t006
d001.s037.t007	shorter	short	ADJ	d001.s038.t007
d001.s037.t008	survival	survival	NOUN	d001.s038.t008
d001.s037.t009	times	time	NOUN	d001.s038.t009
	if	if	ADP	
	they	they	PRON	
	received	receive	VERB	
	Alimta	alimta	NOUN	
	.	.	.	
	kalgebra	kalgebra	NOUN	
	is	be	VERB	
	a	a	DET	
d001.s037.t010	mathematical	mathematical	ADJ	d002.s001.t001
	calculator	calculator	NOUN	
d001.s037.t011	based	base	VERB	d002.s001.t002
	on	on	ADP	
	content	content	NOUN	
d001.s037.t012	markup	markup	NOUN	d002.s001.t003
	MathML	mathml	NOUN	
	language	language	NOUN	
	.	.	.	
d001.s038.t001	Nowadays	nowadays	ADV	d002.s002.t001
	it	it	PRON	
	is	be	VERB	
d001.s038.t002	capable	capable	ADJ	d002.s002.t002
	to	to	PRT	
d001.s038.t003	make	make	VERB	d002.s002.t003
d001.s038.t004	simple	simple	ADJ	d002.s002.t004
	MathML	mathml	NOUN	
d001.s038.t005	operations	operation	NOUN	d002.s002.t005
	(	(	.	
d001.s038.t006	arithmetic	arithmetic	ADJ	d002.s002.t006
	and	and	CONJ	
	logical	logical	ADJ	
	)	)	.	
	and	and	CONJ	
	to	to	PRT	
	representate	representate	VERB	
	2D	2d	NOUN	
	and	and	CONJ	
d001.s038.t007	3D	3d	NOUN	d002.s002.t007
d001.s038.t008	graphs	graph	NOUN	d002.s002.t008
	.	.	.	
	It	it	PRON	
	is	be	VERB	
d001.s039.t001	actually	actually	ADV	d002.s003.t001
d001.s039.t002	not	not	ADV	d002.s003.t002
d001.s039.t003	necessary	necessary	ADJ	d002.s003.t003
	to	to	PRT	
d001.s039.t004	know	know	VERB	d002.s003.t004
	MathML	mathml	NOUN	
	to	to	PRT	
d001.s039.t005	use	use	VERB	d002.s003.t005
	kalgebra	kalgebra	NOUN	
	.	.	.	
	kalgebra	kalgebra	NOUN	
	is	be	VERB	
	a	a	DET	
	MathML	mathml	NOUN	
d001.s039.t006	based	base	VERB	d002.s004.t001
d001.s039.t007	graph	graph	NOUN	d002.s004.t002
	calculator	calculator	NOUN	
	.	.	.	
	Although	although	ADP	
	it	it	PRON	
	was	be	VERB	
d001.s040.t001	initially	initially	ADV	d002.s005.t001
	MathML	mathml	NOUN	
d001.s040.t002	oriented	orient	VERB	d002.s005.t002
	it	it	PRON	
	can	can	VERB	
d001.s040.t003	now	now	ADV	d002.s005.t003
	be	be	VERB	
d001.s040.t004	used	use	VERB	d002.s005.t004
	by	by	ADP	
	everyone	everyone	NOUN	
	with	with	ADP	
d001.s040.t005	little	little	ADJ	d002.s005.t005
d001.s040.t006	mathematical	mathematical	ADJ	d002.s005.t006
d001.s040.t007	knowledge	knowledge	NOUN	d002.s005.t007
	.	.	.	
d001.s041.t001	Here	here	ADV	d002.s006.t001
	's	'	VERB	
	a	a	DET	
	screenshot	screenshot	NOUN	
	of	of	ADP	
	kalgebra	kalgebra	NOUN	
d001.s041.t002	main	main	ADJ	d002.s006.t002
d001.s041.t003	window	window	NOUN	d002.s006.t003
	kalgebra	kalgebra	NOUN	
d001.s041.t004	main	main	ADJ	d002.s007.t001
d001.s041.t005	window	window	NOUN	d002.s007.t002
	kalgebra	kalgebra	NOUN	
d001.s041.t006	main	main	ADJ	d002.s008.t001
d001.s041.t007	window	window	NOUN	d002.s008.t002
d001.s041.t008	consists	consist	VERB	d002.s008.t003
	in	in	ADP	
	a	a	DET	
d001.s041.t009	Console	console	NOUN	d002.s008.t004
	tab	tab	NOUN	
	,	,	.	
	a	a	DET	
	2D	2d	NOUN	
d001.s041.t010	Graph	graph	NOUN	d002.s008.t005
	tab	tab	NOUN	
	,	,	.	
	a	a	DET	
d001.s041.t011	3D	3d	NOUN	d002.s008.t006
d001.s041.t012	Graph	graph	NOUN	d002.s008.t007
	tab	tab	NOUN	
	and	and	CONJ	
	a	a	DET	
d001.s041.t013	Dictionary	dictionary	NOUN	d002.s008.t008
	tab	tab	NOUN	
	.	.	.	
d001.s042.t001	Below	below	ADV	d002.s009.t001
	these	these	DET	
	tabs	tab	NOUN	
	you	you	PRON	
	will	will	VERB	
d001.s042.t002	find	find	VERB	d002.s009.t002
	an	a	DET	
d001.s042.t003	input	input	NOUN	d002.s009.t003
d001.s042.t004	field	field	NOUN	d002.s009.t004
	to	to	PRT	
d001.s042.t005	type	type	VERB	d002.s009.t005
	your	you	PRON	
d001.s042.t006	functions	function	NOUN	d002.s009.t006
	or	or	CONJ	
d001.s042.t007	do	do	VERB	d002.s009.t007
	your	you	PRON	
d001.s042.t008	calculations	calculation	NOUN	d002.s009.t008
	.	.	.	
	If	if	ADP	
	we	we	PRON	
d001.s043.t001	want	want	VERB	d002.s010.t001
	to	to	PRT	
d001.s043.t002	understand	understand	VERB	d002.s010.t002
	how	how	ADV	
	it	it	PRON	
d001.s043.t003	works	work	VERB	d002.s010.t003
	,	,	.	
	the	the	DET	
d001.s043.t004	best	best	ADJ	d002.s010.t004
d001.s043.t005	thing	thing	NOUN	d002.s010.t005
	we	we	PRON	
	can	can	VERB	
d001.s043.t006	do	do	VERB	d002.s010.t006
	is	be	VERB	
	to	to	PRT	
d001.s043.t007	realize	realize	VERB	d002.s010.t007
	that	that	DET	
	our	we	PRON	
d001.s043.t008	input	input	NOUN	d002.s010.t008
	is	be	VERB	
	being	be	VERB	
d001.s043.t009	converted	convert	VERB	d002.s010.t009
	into	into	ADP	
	MathML	mathml	NOUN	
	although	although	ADP	
	it	it	PRON	
	is	be	VERB	
d001.s043.t010	not	not	ADV	d002.s010.t010
d001.s043.t011	necessary	necessary	ADJ	d002.s010.t011
	to	to	PRT	
d001.s043.t012	know	know	VERB	d002.s010.t012
	MathML	mathml	NOUN	
	.	.	.	
	I	I	PRON	
	have	have	VERB	
d001.s044.t001	based	base	VERB	d002.s011.t001
	the	the	DET	
	syntax	syntax	NOUN	
d001.s044.t002	basically	basically	ADV	d002.s011.t002
	on	on	ADP	
d001.s044.t003	common sense	common_sense	NOUN	d002.s011.t003
	,	,	.	
	it	it	PRON	
	should	should	VERB	
d001.s044.t004	not	not	ADV	d002.s011.t004
	be	be	VERB	
d001.s044.t005	hard	hard	ADJ	d002.s011.t005
	for	for	ADP	
	anyone	anyone	NOUN	
	.	.	.	
	I	I	PRON	
	ve	ve	VERB	
d001.s045.t001	looked	look	VERB	d002.s012.t001
d001.s045.t002	closely	closely	ADV	d002.s012.t002
	to	to	PRT	
	maxima	maximum	NOUN	
	and	and	CONJ	
	maple	maple	VERB	
	s	s	NOUN	
	syntax	syntax	NOUN	
	so	so	ADP	
	they	they	PRON	
d001.s045.t003	look	look	VERB	d002.s012.t003
d001.s045.t004	very	very	ADV	d002.s012.t004
d001.s045.t005	similar	similar	ADJ	d002.s012.t005
	.	.	.	
	+	+	.	
	-	-	.	
	*	*	.	
	/	/	.	
	:	:	.	
d001.s045.t006	Addition	addition	NOUN	d002.s013.t001
	,	,	.	
d001.s045.t007	subtraction	subtraction	NOUN	d002.s013.t002
	,	,	.	
d001.s045.t008	multiplication	multiplication	NOUN	d002.s013.t003
	and	and	CONJ	
d001.s045.t009	division	division	NOUN	d002.s013.t004
	.	.	.	
	^	^	.	
	,	,	.	
	**	**	.	
	:	:	.	
d001.s045.t010	Power	power	NOUN	d002.s014.t001
	,	,	.	
	you	you	PRON	
	can	can	VERB	
d001.s045.t011	use	use	VERB	d002.s014.t002
	them	they	PRON	
	both	both	DET	
	.	.	.	
d001.s046.t001	Also	also	ADV	d002.s015.t001
	it	it	PRON	
	is	be	VERB	
d001.s046.t002	possible	possible	ADJ	d002.s015.t002
	to	to	PRT	
d001.s046.t003	use	use	VERB	d002.s015.t003
	the	the	DET	
	unicode	unicode	X	
	²	²	X	
	characters	character	NOUN	
	.	.	.	
d001.s047.t001	Powers	power	NOUN	d002.s016.t001
	are	be	VERB	
	one	one	NUM	
d001.s047.t002	way	way	NOUN	d002.s016.t002
	to	to	PRT	
d001.s047.t003	make	make	VERB	d002.s016.t003
d001.s047.t004	roots	root	NOUN	d002.s016.t004
d001.s047.t005	too	too	ADV	d002.s016.t005
	.	.	.	
	-gt	-gt	NOUN	
	:	:	.	
	It	it	PRON	
	s	s	VERB	
	the	the	DET	
d001.s047.t006	way	way	NOUN	d002.s017.t001
	to	to	PRT	
d001.s047.t007	specify	specify	VERB	d002.s017.t002
	the	the	DET	
d001.s047.t008	bounded	bounded	ADJ	d002.s017.t003
d001.s047.t009	variable	variable	NOUN	d002.s017.t004
	in	in	ADP	
	a	a	DET	
d001.s047.t010	function	function	NOUN	d002.s017.t005
	.	.	.	
	(	(	.	
	)	)	.	
	:	:	.	
	It	it	PRON	
	is	be	VERB	
d001.s047.t011	used	use	VERB	d002.s018.t001
	to	to	PRT	
d001.s047.t012	specify	specify	VERB	d002.s018.t002
	a	a	DET	
d001.s047.t013	higher	high	ADJ	d002.s018.t003
d001.s047.t014	priority	priority	NOUN	d002.s018.t004
	.	.	.	
	abc(params)	abc(params)	NOUN	
	:	:	.	
	When	when	ADV	
	the	the	DET	
d001.s047.t015	parser	parser	NOUN	d002.s019.t001
d001.s047.t016	finds	find	VERB	d002.s019.t002
	a	a	DET	
d001.s047.t017	function	function	NOUN	d002.s019.t003
	,	,	.	
	it	it	PRON	
d001.s047.t018	checks	check	VERB	d002.s019.t004
	if	if	ADP	
	abc	abc	NOUN	
	is	be	VERB	
	an	a	DET	
d001.s047.t019	operator	operator	NOUN	d002.s019.t005
	.	.	.	
	If	if	ADP	
	it	it	PRON	
	is	be	VERB	
	,	,	.	
	it	it	PRON	
	will	will	VERB	
	be	be	VERB	
d001.s048.t001	treated	treat	VERB	d002.s020.t001
	as	as	ADP	
	an	a	DET	
d001.s048.t002	operator	operator	NOUN	d002.s020.t002
	,	,	.	
	if	if	ADP	
	it	it	PRON	
	is	be	VERB	
d001.s048.t003	not	not	ADV	d002.s020.t003
	,	,	.	
	it	it	PRON	
	will	will	VERB	
	be	be	VERB	
d001.s048.t004	treated	treat	VERB	d002.s020.t004
	as	as	ADP	
	a	a	DET	
d001.s048.t005	user	user	NOUN	d002.s020.t005
d001.s048.t006	function	function	NOUN	d002.s020.t006
	.	.	.	
	:	:	.	
	=	=	.	
	:	:	.	
	It	it	PRON	
	is	be	VERB	
d001.s048.t007	used	use	VERB	d002.s021.t001
	to	to	PRT	
d001.s048.t008	define	define	VERB	d002.s021.t002
	a	a	DET	
	variable	variable	ADJ	
d001.s048.t009	value	value	NOUN	d002.s021.t003
	.	.	.	
	?	?	.	
	:	:	.	
	Piecewise	piecewise	ADJ	
d001.s048.t010	condition	condition	NOUN	d002.s022.t001
d001.s048.t011	definition	definition	NOUN	d002.s022.t002
	.	.	.	
	Piecewise	piecewise	NOUN	
	is	be	VERB	
	the	the	DET	
d001.s049.t001	way	way	NOUN	d002.s023.t001
	we	we	PRON	
	can	can	VERB	
d001.s049.t002	define	define	VERB	d002.s023.t002
d001.s049.t003	conditional	conditional	ADJ	d002.s023.t003
d001.s049.t004	operations	operation	NOUN	d002.s023.t004
	in	in	ADP	
	kalgebra	kalgebra	NOUN	
	.	.	.	
	If	if	ADP	
	we	we	PRON	
d001.s050.t001	introduce	introduce	VERB	d002.s024.t001
	the	the	DET	
d001.s050.t002	condition	condition	NOUN	d002.s024.t002
	before	before	ADP	
	the	the	DET	
	?	?	.	
	it	it	PRON	
	will	will	VERB	
d001.s050.t003	use	use	VERB	d002.s024.t003
	this	this	DET	
d001.s050.t004	condition	condition	NOUN	d002.s024.t004
d001.s050.t005	only if	only_if	ADV	d002.s024.t005
	it	it	PRON	
	is	be	VERB	
d001.s050.t006	true	true	ADJ	d002.s024.t006
	,	,	.	
	if	if	ADP	
	it	it	PRON	
d001.s050.t007	finds	find	VERB	d002.s024.t007
	a	a	DET	
	?	?	.	
	without	without	ADP	
	any	any	DET	
d001.s050.t008	condition	condition	NOUN	d002.s024.t008
	,	,	.	
	it	it	PRON	
	will	will	VERB	
d001.s050.t009	enter	enter	VERB	d002.s024.t009
	in	in	ADP	
	the	the	DET	
d001.s050.t010	last	last	ADJ	d002.s024.t010
d001.s050.t011	wf	wf	NOUN	d002.s024.t011
	.	.	.	
	{	{	.	
	}	}	.	
	:	:	.	
	MathML	mathml	NOUN	
	container	container	NOUN	
	.	.	.	
	It	it	PRON	
	can	can	VERB	
	be	be	VERB	
d001.s050.t012	used	use	VERB	d002.s026.t001
	to	to	PRT	
d001.s050.t013	define	define	VERB	d002.s026.t002
	a	a	DET	
	container	container	NOUN	
	.	.	.	
d001.s051.t001	Mainly	mainly	ADV	d002.s027.t001
d001.s051.t002	useful	useful	ADJ	d002.s027.t002
	for	for	ADP	
d001.s051.t003	working	work	VERB	d002.s027.t003
	with	with	ADP	
	piecewise	piecewise	NOUN	
	.	.	.	
d001.s052.t001	Now	now	ADV	d002.s028.t001
	you	you	PRON	
	could	could	VERB	
d001.s052.t002	ask	ask	VERB	d002.s028.t002
	me	I	PRON	
	,	,	.	
	why	why	ADV	
	should	should	VERB	
	the	the	DET	
d001.s052.t003	user	user	NOUN	d002.s028.t003
	mind	mind	NOUN	
	about	about	ADP	
	MathML	mathml	NOUN	
	?	?	.	
	That	that	DET	
	s	s	VERB	
d001.s052.t004	easy	easy	ADJ	d002.s029.t001
	.	.	.	
	With	with	ADP	
	this	this	DET	
	,	,	.	
	we	we	PRON	
	can	can	VERB	
d001.s052.t005	operate	operate	VERB	d002.s029.t002
	with	with	ADP	
d001.s052.t006	functions	function	NOUN	d002.s029.t003
	like	like	ADP	
d001.s052.t007	cos()	cos	NOUN	d002.s029.t004
	,	,	.	
d001.s052.t008	sin()	sin	NOUN	d002.s029.t005
	,	,	.	
	any	any	DET	
d001.s052.t009	other	other	ADJ	d002.s029.t006
d001.s052.t010	trigonometric	trigonometric	ADJ	d002.s029.t007
d001.s052.t011	functions	function	NOUN	d002.s029.t008
	,	,	.	
d001.s052.t012	sum	sum	NOUN	d002.s029.t009
	()	()	.	
	or	or	CONJ	
d001.s052.t013	product	product	NOUN	d002.s029.t010
	()	()	.	
	.	.	.	
	It	it	PRON	
	does	do	VERB	
d001.s053.t001	not	not	ADV	d002.s030.t001
d001.s053.t002	matter	matter	VERB	d002.s030.t002
	what	what	DET	
d001.s053.t003	kind	kind	NOUN	d002.s030.t003
	it	it	PRON	
	is	be	VERB	
	.	.	.	
	We	we	PRON	
	can	can	VERB	
d001.s054.t001	use	use	VERB	d002.s031.t001
d001.s054.t002	plus()	plus	NOUN	d002.s031.t002
	,	,	.	
d001.s054.t003	times()	times	NOUN	d002.s031.t003
	and	and	CONJ	
	everything	everything	NOUN	
	which	which	DET	
d001.s054.t004	has	have	VERB	d002.s031.t004
	its	its	PRON	
d001.s054.t005	operator	operator	NOUN	d002.s031.t005
	.	.	.	
	kalgebra	kalgebra	NOUN	
	's	's	PRT	
	console	console	NOUN	
	is	be	VERB	
d001.s054.t006	useful	useful	ADJ	d002.s032.t001
	as	as	ADP	
	a	a	DET	
	calculator	calculator	NOUN	
	.	.	.	
d001.s055.t001	There	there	ADV	d002.s033.t001
	you	you	PRON	
d001.s055.t002	have	have	VERB	d002.s033.t002
	a	a	DET	
d001.s055.t003	list	list	NOUN	d002.s033.t003
	of	of	ADP	
	the	the	DET	
	declared	declare	VERB	
d001.s055.t004	variables	variable	NOUN	d002.s033.t004
	.	.	.	
	By	by	ADP	
	double	double	ADV	
	clicking	click	VERB	
	on	on	ADP	
	them	they	PRON	
	you	you	PRON	
	will	will	VERB	
d001.s056.t001	see	see	VERB	d002.s034.t001
	a	a	DET	
	dialog	dialog	NOUN	
	that	that	DET	
d001.s056.t002	lets	let	VERB	d002.s034.t002
	you	you	PRON	
d001.s056.t003	change	change	VERB	d002.s034.t003
	their	they	PRON	
d001.s056.t004	values	value	NOUN	d002.s034.t004
	(	(	.	
d001.s056.t005	just	just	ADV	d002.s034.t005
	a	a	DET	
d001.s056.t006	way	way	NOUN	d002.s034.t006
	to	to	PRT	
d001.s056.t007	trick	trick	VERB	d002.s034.t007
	the	the	DET	
d001.s056.t008	log	log	NOUN	d002.s034.t008
	)	)	.	
	.	.	.	
	Every	every	DET	
d001.s057.t001	time	time	NOUN	d002.s035.t001
	you	you	PRON	
d001.s057.t002	enter	enter	VERB	d002.s035.t002
	an	a	DET	
d001.s057.t003	expression	expression	NOUN	d002.s035.t003
	,	,	.	
	the	the	DET	
	""""	""""	.	
	ans	an	NOUN	
	""""	""""	.	
d001.s057.t004	variable	variable	NOUN	d002.s035.t004
d001.s057.t005	value	value	NOUN	d002.s035.t005
	will	will	VERB	
	be	be	VERB	
d001.s057.t006	changed	change	VERB	d002.s035.t006
	to	to	PRT	
	the	the	DET	
d001.s057.t007	last	last	ADJ	d002.s035.t007
d001.s057.t008	result	result	NOUN	d002.s035.t008
	.	.	.	
	Ctrl	ctrl	NOUN	
	N	n	NOUN	
d001.s058.t001	New	new	ADJ	d002.s036.t001
d001.s058.t002	Window	window	NOUN	d002.s036.t002
	Flushes	flush	VERB	
	the	the	DET	
d001.s059.t001	log	log	NOUN	d002.s037.t001
	.	.	.	
	Ctrl	ctrl	NOUN	
	L	l	NOUN	
d001.s060.t001	Load	load	VERB	d002.s038.t001
	Script	script	NOUN	
d001.s061.t001	Executes	execute	VERB	d002.s039.t001
	the	the	DET	
d001.s061.t002	instructions	instruction	NOUN	d002.s039.t002
	in	in	ADP	
	a	a	DET	
d001.s061.t003	file	file	NOUN	d002.s039.t003
d001.s061.t004	sequentially	sequentially	ADV	d002.s039.t004
	.	.	.	
d001.s062.t001	Nice	nice	ADJ	d002.s040.t001
	if	if	ADP	
	you	you	PRON	
d001.s062.t002	want	want	VERB	d002.s040.t002
	to	to	PRT	
d001.s062.t003	define	define	VERB	d002.s040.t003
	some	some	DET	
d001.s062.t004	libraries	library	NOUN	d002.s040.t004
	or	or	CONJ	
d001.s062.t005	resume	resume	VERB	d002.s040.t005
	some	some	DET	
d001.s062.t006	previous	previous	ADJ	d002.s040.t006
d001.s062.t007	work	work	NOUN	d002.s040.t007
	.	.	.	
	Ctrl	ctrl	NOUN	
	G	g	NOUN	
d001.s063.t001	Save	save	VERB	d002.s041.t001
	Script	script	NOUN	
d001.s064.t001	Saves	save	VERB	d002.s042.t001
	the	the	DET	
d001.s064.t002	instructions	instruction	NOUN	d002.s042.t002
	you	you	PRON	
	have	have	VERB	
d001.s064.t003	typed	type	VERB	d002.s042.t003
	since	since	ADP	
	the	the	DET	
	session	session	NOUN	
d001.s064.t004	began	begin	VERB	d002.s042.t004
	to	to	PRT	
	be	be	VERB	
d001.s064.t005	able	able	ADJ	d002.s042.t005
	to	to	PRT	
d001.s064.t006	reuse	reuse	VERB	d002.s042.t006
	.	.	.	
d001.s065.t001	Generates	generate	VERB	d002.s043.t001
d001.s065.t002	text files	text_file	NOUN	d002.s043.t002
	so	so	ADP	
	it	it	PRON	
	should	should	VERB	
	be	be	VERB	
d001.s065.t003	easy	easy	ADJ	d002.s043.t003
	to	to	PRT	
d001.s065.t004	fix	fix	VERB	d002.s043.t004
d001.s065.t005	using	use	VERB	d002.s043.t005
	any	any	DET	
d001.s065.t006	text editor	text_editor	NOUN	d002.s043.t006
	,	,	.	
	like	like	ADP	
	Kate	kate	NOUN	
	.	.	.	
	Ctrl	ctrl	NOUN	
	S	s	NOUN	
d001.s066.t001	Save	save	VERB	d002.s044.t001
d001.s066.t002	Log	log	NOUN	d002.s044.t002
d001.s067.t001	Saves	save	VERB	d002.s045.t001
	the	the	DET	
d001.s067.t002	log	log	NOUN	d002.s045.t002
	with	with	ADP	
	all	all	DET	
d001.s067.t003	results	result	NOUN	d002.s045.t003
	into	into	ADP	
	an	a	DET	
d001.s067.t004	HTML	html	NOUN	d002.s045.t004
	file	file	NOUN	
	to	to	PRT	
	be	be	VERB	
d001.s067.t005	able	able	ADJ	d002.s045.t005
	to	to	PRT	
d001.s067.t006	print	print	VERB	d002.s045.t006
	or	or	CONJ	
d001.s067.t007	publish	publish	VERB	d002.s045.t007
	.	.	.	
	Ctrl	ctrl	NOUN	
	Q	q	NOUN	
d001.s068.t001	Quit	quit	VERB	d002.s046.t001
	Shuts	shut	VERB	
	the	the	DET	
d001.s069.t001	program	program	NOUN	d002.s047.t001
d001.s069.t002	down	down	ADV	d002.s047.t002
	.	.	.	
	To	to	PRT	
d001.s070.t001	add	add	VERB	d002.s048.t001
	a	a	DET	
d001.s070.t002	new	new	ADJ	d002.s048.t002
	2D	2d	NOUN	
d001.s070.t003	graph	graph	NOUN	d002.s048.t003
	on	on	ADP	
	kalgebra	kalgebra	NOUN	
	,	,	.	
	what	what	PRON	
	you	you	PRON	
	have	have	VERB	
	to	to	PRT	
d001.s070.t004	do	do	VERB	d002.s048.t004
	is	be	VERB	
	to	to	PRT	
d001.s070.t005	go	go	VERB	d002.s048.t005
	to	to	PRT	
	the	the	DET	
	2D	2d	NOUN	
d001.s070.t006	Graph	graph	NOUN	d002.s048.t006
	tab	tab	NOUN	
	and	and	CONJ	
	click	click	VERB	
	in	in	ADP	
	the	the	DET	
d001.s070.t007	Add	add	VERB	d002.s048.t007
	tab	tab	NOUN	
	to	to	PRT	
d001.s070.t008	add	add	VERB	d002.s048.t008
	the	the	DET	
d001.s070.t009	new	new	ADJ	d002.s048.t009
d001.s070.t010	function	function	NOUN	d002.s048.t010
	.	.	.	
d001.s071.t001	Then	then	ADV	d002.s049.t001
	your	you	PRON	
d001.s071.t002	focus	focus	NOUN	d002.s049.t002
	will	will	VERB	
	go	go	VERB	
	to	to	PRT	
	an	a	DET	
d001.s071.t003	input	input	NOUN	d002.s049.t003
d001.s071.t004	text	text	NOUN	d002.s049.t004
d001.s071.t005	box	box	NOUN	d002.s049.t005
	where	where	ADV	
	you	you	PRON	
	can	can	VERB	
d001.s071.t006	type	type	VERB	d002.s049.t006
	your	you	PRON	
d001.s071.t007	function	function	NOUN	d002.s049.t007
	.	.	.	
	If	if	ADP	
	you	you	PRON	
d001.s072.t001	want	want	VERB	d002.s050.t001
	to	to	PRT	
d001.s072.t002	use	use	VERB	d002.s050.t002
	a	a	DET	
d001.s072.t003	typical	typical	ADJ	d002.s050.t003
	f(x)	f(x)	NOUN	
	function	function	NOUN	
	it	it	PRON	
	is	be	VERB	
d001.s072.t004	not	not	ADV	d002.s050.t004
d001.s072.t005	necessary	necessary	ADJ	d002.s050.t005
	to	to	PRT	
d001.s072.t006	specify	specify	VERB	d002.s050.t006
	it	it	PRON	
	.	.	.	
	If	if	ADP	
	you	you	PRON	
	have	have	VERB	
d001.s073.t001	entered	enter	VERB	d002.s051.t001
	the	the	DET	
d001.s073.t002	function	function	NOUN	d002.s051.t002
	click	click	VERB	
	on	on	ADP	
	the	the	DET	
d001.s073.t003	OK	ok	ADJ	d002.s051.t003
	button	button	NOUN	
	to	to	PRT	
d001.s073.t004	display	display	VERB	d002.s051.t004
	the	the	DET	
d001.s073.t005	graph	graph	NOUN	d002.s051.t005
	in	in	ADP	
	the	the	DET	
d001.s073.t006	main	main	ADJ	d002.s051.t006
d001.s073.t007	window	window	NOUN	d002.s051.t007
	.	.	.	
	You	you	PRON	
	can	can	VERB	
d001.s074.t001	set	set	VERB	d002.s052.t001
d001.s074.t002	several	several	ADJ	d002.s052.t002
d001.s074.t003	graphs	graph	NOUN	d002.s052.t003
	on	on	ADP	
	the	the	DET	
d001.s074.t004	same	same	ADJ	d002.s052.t004
d001.s074.t005	view	view	NOUN	d002.s052.t005
	.	.	.	
d001.s075.t001	Just	just	ADV	d002.s053.t001
d001.s075.t002	use	use	VERB	d002.s053.t002
	the	the	DET	
d001.s075.t003	Add	add	VERB	d002.s053.t003
	button	button	NOUN	
	when	when	ADV	
	you	you	PRON	
	are	be	VERB	
	in	in	ADP	
d001.s075.t004	List	list	NOUN	d002.s053.t004
d001.s075.t005	mode	mode	NOUN	d002.s053.t005
	.	.	.	
	You	you	PRON	
	can	can	VERB	
d001.s076.t001	set	set	VERB	d002.s054.t001
	each	each	DET	
d001.s076.t002	graph	graph	NOUN	d002.s054.t002
	its	its	PRON	
	own	own	ADJ	
d001.s076.t003	color	color	NOUN	d002.s054.t003
	.	.	.	
	The	the	DET	
d001.s077.t001	Foundation	foundation	NOUN	d003.s002.t001
	has	have	VERB	
d001.s077.t002	recently	recently	ADV	d003.s002.t002
	been	be	VERB	
d001.s077.t003	involved	involve	VERB	d003.s002.t003
	in	in	ADP	
d001.s077.t004	organising	organise	VERB	d003.s002.t004
	a	a	DET	
d001.s077.t005	conference	conference	NOUN	d003.s002.t005
	which	which	DET	
d001.s077.t006	dealt	deal	VERB	d003.s002.t006
	with	with	ADP	
	this	this	DET	
d001.s077.t007	critical	critical	ADJ	d003.s002.t007
d001.s077.t008	challenge	challenge	NOUN	d003.s002.t008
	.	.	.	
	Over	over	ADP	
	100	100	NUM	
d001.s078.t001	participants	participant	NOUN	d003.s003.t001
	from	from	ADP	
	the	the	DET	
d001.s078.t002	main	main	ADJ	d003.s003.t002
d001.s078.t003	interest groups	interest_group	NOUN	d003.s003.t003
d001.s078.t004	attended	attend	VERB	d003.s003.t004
	and	and	CONJ	
d001.s078.t005	debated	debate	VERB	d003.s003.t005
d001.s078.t006	issues	issue	NOUN	d003.s003.t006
	such	such	ADJ	
	as	as	ADP	
	the	the	DET	
d001.s078.t007	role	role	NOUN	d003.s003.t007
	of	of	ADP	
d001.s078.t008	key	key	ADJ	d003.s003.t008
d001.s078.t009	actors	actor	NOUN	d003.s003.t009
d001.s078.t010	including	include	VERB	d003.s003.t010
d001.s078.t011	public	public	ADJ	d003.s003.t011
d001.s078.t012	authorities	authority	NOUN	d003.s003.t012
	,	,	.	
d001.s078.t013	social	social	ADJ	d003.s003.t013
	partners	partner	NOUN	
	,	,	.	
d001.s078.t014	voluntary	voluntary	ADJ	d003.s003.t014
	and	and	CONJ	
d001.s078.t015	community	community	NOUN	d003.s003.t015
d001.s078.t016	organisations	organisation	NOUN	d003.s003.t016
d001.s078.t017	as well	as_well	ADV	d003.s003.t017
	as	as	ADP	
d001.s078.t018	service	service	NOUN	d003.s003.t018
d001.s078.t019	users	user	NOUN	d003.s003.t019
	.	.	.	
	There	there	DET	
	were	be	VERB	
d001.s079.t001	relatively	relatively	ADV	d003.s004.t001
d001.s079.t002	few	few	ADJ	d003.s004.t002
d001.s079.t003	cases	case	NOUN	d003.s004.t003
d001.s079.t004	reported	report	VERB	d003.s004.t004
	of	of	ADP	
d001.s079.t005	attempts	attempt	NOUN	d003.s004.t005
	to	to	PRT	
d001.s079.t006	involve	involve	VERB	d003.s004.t006
d001.s079.t007	users	user	NOUN	d003.s004.t007
	in	in	ADP	
d001.s079.t008	service	service	NOUN	d003.s004.t008
d001.s079.t009	planning	planning	NOUN	d003.s004.t009
	but	but	CONJ	
	their	they	PRON	
d001.s079.t010	involvement	involvement	NOUN	d003.s004.t010
	in	in	ADP	
d001.s079.t011	service	service	NOUN	d003.s004.t011
d001.s079.t012	provision	provision	NOUN	d003.s004.t012
	was	be	VERB	
d001.s079.t013	found	find	VERB	d003.s004.t013
	to	to	PRT	
	be	be	VERB	
d001.s079.t014	more	more	ADV	d003.s004.t014
d001.s079.t015	common	common	ADJ	d003.s004.t015
	.	.	.	
d001.s080.t001	Note	note	NOUN	d003.s005.t001
	was	be	VERB	
d001.s080.t002	also	also	ADV	d003.s005.t002
	taken	take	VERB	
	of	of	ADP	
	the	the	DET	
d001.s080.t003	variety	variety	NOUN	d003.s005.t003
	of	of	ADP	
d001.s080.t004	different	different	ADJ	d003.s005.t004
d001.s080.t005	roles	role	NOUN	d003.s005.t005
d001.s080.t006	played	play	VERB	d003.s005.t006
	by	by	ADP	
d001.s080.t007	public	public	ADJ	d003.s005.t007
d001.s080.t008	welfare	welfare	NOUN	d003.s005.t008
	The	the	DET	
d001.s081.t001	Foundation	foundation	NOUN	d003.s006.t001
	organised	organise	VERB	
	,	,	.	
	together	together	ADV	
	with	with	ADP	
	the	the	DET	
d001.s081.t002	European	european	ADJ	d003.s006.t002
d001.s081.t003	Commission	commission	NOUN	d003.s006.t003
	,	,	.	
	the	the	DET	
d001.s081.t004	Spanish	spanish	ADJ	d003.s006.t004
d001.s081.t005	Ministry	ministry	NOUN	d003.s006.t005
	of	of	ADP	
d001.s081.t006	Social	social	ADJ	d003.s006.t006
d001.s081.t007	Affairs	affairs	NOUN	d003.s006.t007
	and	and	CONJ	
	the	the	DET	
	Galician	galician	ADJ	
d001.s081.t008	regional	regional	ADJ	d003.s006.t008
d001.s081.t009	government	government	NOUN	d003.s006.t009
	,	,	.	
	a	a	DET	
d001.s081.t010	European	european	ADJ	d003.s006.t010
d001.s081.t011	conference	conference	NOUN	d003.s006.t011
	on	on	ADP	
d001.s081.t012	social	social	ADJ	d003.s006.t012
d001.s081.t013	exclusion	exclusion	NOUN	d003.s006.t013
	:	:	.	
	a	a	DET	
d001.s081.t014	major	major	ADJ	d003.s006.t014
d001.s081.t015	challenge	challenge	NOUN	d003.s006.t015
	for	for	ADP	
d001.s081.t016	public	public	ADJ	d003.s006.t016
d001.s081.t017	welfare	welfare	NOUN	d003.s006.t017
d001.s081.t018	services	service	NOUN	d003.s006.t018
	.	.	.	
	The	the	DET	
d001.s082.t001	Foundation	foundation	NOUN	d003.s007.t001
d001.s082.t002	recently	recently	ADV	d003.s007.t002
d001.s082.t003	published	publish	VERB	d003.s007.t003
	a	a	DET	
d001.s082.t004	comparative	comparative	ADJ	d003.s007.t004
d001.s082.t005	study	study	NOUN	d003.s007.t005
	as	as	ADP	
d001.s082.t006	part	part	NOUN	d003.s007.t006
	of	of	ADP	
	the	the	DET	
	EPOC	epoc	NOUN	
d001.s082.t007	project	project	NOUN	d003.s007.t007
	which	which	DET	
d001.s082.t008	assesses	assess	VERB	d003.s007.t008
	the	the	DET	
d001.s082.t009	extent	extent	NOUN	d003.s007.t009
	to	to	PRT	
	which	which	DET	
d001.s082.t010	direct	direct	ADJ	d003.s007.t010
d001.s082.t011	participation	participation	NOUN	d003.s007.t011
	can	can	VERB	
d001.s082.t012	humanise	humanise	VERB	d003.s007.t012
d001.s082.t013	work	work	NOUN	d003.s007.t013
	while	while	ADP	
d001.s082.t014	increasing	increase	VERB	d003.s007.t014
d001.s082.t015	profitability	profitability	NOUN	d003.s007.t015
	.	.	.	
	The	the	DET	
d001.s083.t001	study	study	NOUN	d003.s008.t001
	is	be	VERB	
d001.s083.t002	based	base	VERB	d003.s008.t002
	on	on	ADP	
	195	195	NUM	
d001.s083.t003	personal	personal	ADJ	d003.s008.t003
d001.s083.t004	interviews	interview	NOUN	d003.s008.t004
	with	with	ADP	
d001.s083.t005	senior	senior	ADJ	d003.s008.t005
d001.s083.t006	officials	official	NOUN	d003.s008.t006
	of	of	ADP	
	the	the	DET	
d001.s083.t007	social	social	ADJ	d003.s008.t007
	partners	partner	NOUN	
	as	as	ADP	
d001.s083.t008	representatives	representative	NOUN	d003.s008.t008
	of	of	ADP	
d001.s083.t009	national	national	ADJ	d003.s008.t009
d001.s083.t010	level	level	NOUN	d003.s008.t010
	peak	peak	NOUN	
d001.s083.t011	organisations	organisation	NOUN	d003.s008.t011
	in	in	ADP	
d001.s083.t012	fifteen	fifteen	ADJ	d003.s008.t012
d001.s083.t013	European	european	ADJ	d003.s008.t013
d001.s083.t014	countries	country	NOUN	d003.s008.t014
	.	.	.	
	As	as	ADP	
d001.s084.t001	important	important	ADJ	d003.s009.t001
d001.s084.t002	industrial	industrial	ADJ	d003.s009.t002
d001.s084.t003	sectors	sector	NOUN	d003.s009.t003
	,	,	.	
	the	the	DET	
d001.s084.t004	metal	metal	NOUN	d003.s009.t004
d001.s084.t005	industry	industry	NOUN	d003.s009.t005
	and	and	CONJ	
	the	the	DET	
d001.s084.t006	banking	banking	NOUN	d003.s009.t006
d001.s084.t007	sector	sector	NOUN	d003.s009.t007
	were	be	VERB	
d001.s084.t008	also	also	ADV	d003.s009.t008
d001.s084.t009	included	include	VERB	d003.s009.t009
	.	.	.	
	Key	key	NOUN	
d001.s085.t001	speakers	speaker	NOUN	d003.s010.t001
	at	at	ADP	
	the	the	DET	
d001.s085.t002	social	social	ADJ	d003.s010.t002
d001.s085.t003	exclusion	exclusion	NOUN	d003.s010.t003
d001.s085.t004	conference	conference	NOUN	d003.s010.t004
	were	be	VERB	
	(	(	.	
d001.s085.t005	left	left	NOUN	d003.s010.t005
	to	to	PRT	
d001.s085.t006	right	right	NOUN	d003.s010.t006
	)	)	.	
	Cristina	cristina	NOUN	
	Louro	louro	NOUN	
	,	,	.	
d001.s085.t007	Employment	employment	NOUN	d003.s010.t007
	,	,	.	
d001.s085.t008	Industrial	industrial	ADJ	d003.s010.t008
d001.s085.t009	Relations	relations	NOUN	d003.s010.t009
	and	and	CONJ	
d001.s085.t010	Social Affairs	social_affair	NOUN	d003.s010.t010
d001.s085.t011	Directorate	directorate	NOUN	d003.s010.t011
	,	,	.	
d001.s085.t012	European	european	ADJ	d003.s010.t012
d001.s085.t013	Commission	commission	NOUN	d003.s010.t013
	Fernando	fernando	NOUN	
	Gomes	gome	NOUN	
	,	,	.	
	a	a	DET	
d001.s085.t014	high	high	ADJ	d003.s010.t014
	degree	degree	NOUN	
	of	of	ADP	
d001.s085.t015	Committee	committee	NOUN	d003.s010.t015
	of	of	ADP	
	the	the	DET	
	Regions	region	NOUN	
	Barbara	barbara	NOUN	
	Weiler	weiler	NOUN	
	,	,	.	
d001.s085.t016	Member	member	NOUN	d003.s010.t016
	of	of	ADP	
	the	the	DET	
d001.s085.t017	European	european	ADJ	d003.s010.t017
d001.s085.t018	Parliament	parliament	NOUN	d003.s010.t018
	José	josé	NOUN	
	Maria	marium	NOUN	
	Gil-Robles	gil-roble	NOUN	
	,	,	.	
d001.s085.t019	Vice-President	vice_president	NOUN	d003.s010.t019
	,	,	.	
d001.s085.t020	European	european	ADJ	d003.s010.t020
d001.s085.t021	Parliament	parliament	NOUN	d003.s010.t021
	and	and	CONJ	
	John	john	NOUN	
	Carroll	carroll	NOUN	
	,	,	.	
d001.s085.t022	Economic	economic	ADJ	d003.s010.t022
	and	and	CONJ	
d001.s085.t023	Social	social	ADJ	d003.s010.t023
d001.s085.t024	Committee	committee	NOUN	d003.s010.t024
	.	.	.	
d001.s086.t001	Case Studies	case_study	NOUN	d003.s011.t001
	Each	each	DET	
d001.s086.t002	national	national	ADJ	d003.s011.t002
d001.s086.t003	report	report	NOUN	d003.s011.t003
d001.s086.t004	contains	contain	VERB	d003.s011.t004
	a	a	DET	
d001.s086.t005	portfolio	portfolio	NOUN	d003.s011.t005
	of	of	ADP	
	between	between	ADP	
	25	25	NUM	
	and	and	CONJ	
	30	30	NUM	
d001.s086.t006	initiatives	initiative	NOUN	d003.s011.t006
	which	which	DET	
	best	best	ADJ	
d001.s086.t007	present	present	VERB	d003.s011.t007
d001.s086.t008	policies	policy	NOUN	d003.s011.t008
	and	and	CONJ	
d001.s086.t009	practices	practice	NOUN	d003.s011.t009
	to	to	PRT	
d001.s086.t010	improve	improve	VERB	d003.s011.t010
	the	the	DET	
d001.s086.t011	recruitment	recruitment	NOUN	d003.s011.t011
	,	,	.	
d001.s086.t012	training	training	NOUN	d003.s011.t012
	and	and	CONJ	
d001.s086.t013	development	development	NOUN	d003.s011.t013
	of	of	ADP	
d001.s086.t014	ageing	age	VERB	d003.s011.t014
d001.s086.t015	workers	worker	NOUN	d003.s011.t015
	in	in	ADP	
	both	both	CONJ	
	the	the	DET	
d001.s086.t016	work	work	NOUN	d003.s011.t016
d001.s086.t017	place	place	NOUN	d003.s011.t017
	and	and	CONJ	
	the	the	DET	
d001.s086.t018	community	community	NOUN	d003.s011.t018
	.	.	.	
	For	for	ADP	
	each	each	DET	
d001.s087.t001	country	country	NOUN	d003.s012.t001
	,	,	.	
	two	two	NUM	
	or	or	CONJ	
	three	three	NUM	
d001.s087.t002	initiatives	initiative	NOUN	d003.s012.t002
	have	have	VERB	
	been	be	VERB	
d001.s087.t003	selected	select	VERB	d003.s012.t003
	for	for	ADP	
d001.s087.t004	further	further	ADJ	d003.s012.t004
	in	in	ADP	
d001.s087.t005	depth	depth	NOUN	d003.s012.t005
d001.s087.t006	case study	case_study	NOUN	d003.s012.t006
	.	.	.	
	These	these	DET	
d001.s088.t001	case studies	case_study	NOUN	d003.s013.t001
d001.s088.t002	analysed	analyse	VERB	d003.s013.t002
	the	the	DET	
d001.s088.t003	background	background	NOUN	d003.s013.t003
	of	of	ADP	
	the	the	DET	
d001.s088.t004	initiatives	initiative	NOUN	d003.s013.t004
	,	,	.	
	their	they	PRON	
d001.s088.t005	impact	impact	NOUN	d003.s013.t005
	on	on	ADP	
d001.s088.t006	employment	employment	NOUN	d003.s013.t006
d001.s088.t007	patterns	pattern	NOUN	d003.s013.t007
	and	and	CONJ	
d001.s088.t008	work	work	NOUN	d003.s013.t008
d001.s088.t009	organisations	organisation	NOUN	d003.s013.t009
	and	and	CONJ	
d001.s088.t010	assessed	assess	VERB	d003.s013.t010
	the	the	DET	
d001.s088.t011	benefits	benefit	NOUN	d003.s013.t011
	and	and	CONJ	
d001.s088.t012	problems	problem	NOUN	d003.s013.t012
	of	of	ADP	
	the	the	DET	
d001.s088.t013	initiative	initiative	NOUN	d003.s013.t013
	.	.	.	
d001.s089.t001	Visits	visit	NOUN	d003.s014.t001
	and	and	CONJ	
d001.s089.t002	interviews	interview	NOUN	d003.s014.t002
	with	with	ADP	
d001.s089.t003	key	key	ADJ	d003.s014.t003
d001.s089.t004	personnel	personnel	NOUN	d003.s014.t004
	were	be	VERB	
d001.s089.t005	also	also	ADV	d003.s014.t005
d001.s089.t006	undertaken	undertake	VERB	d003.s014.t006
	.	.	.	
	These	these	DET	
d001.s090.t001	national	national	ADJ	d003.s015.t001
d001.s090.t002	studies	study	NOUN	d003.s015.t002
	will	will	VERB	
d001.s090.t003	form	form	VERB	d003.s015.t003
	the	the	DET	
d001.s090.t004	basis	basis	NOUN	d003.s015.t004
	of	of	ADP	
	a	a	DET	
d001.s090.t005	European	european	ADJ	d003.s015.t005
d001.s090.t006	report	report	NOUN	d003.s015.t006
	which	which	DET	
d001.s090.t007	synthesises	synthesise	VERB	d003.s015.t007
d001.s090.t008	overall	overall	ADJ	d003.s015.t008
d001.s090.t009	practices	practice	NOUN	d003.s015.t009
	.	.	.	
	The	the	DET	
d001.s091.t001	report	report	NOUN	d003.s016.t001
	and	and	CONJ	
	a	a	DET	
d001.s091.t002	casebook	casebook	NOUN	d003.s016.t002
	of	of	ADP	
d001.s091.t003	initiatives	initiative	NOUN	d003.s016.t003
	will	will	VERB	
	be	be	VERB	
d001.s091.t004	published	publish	VERB	d003.s016.t004
	in	in	ADP	
	1996	1996	NUM	
	and	and	CONJ	
d001.s091.t005	provide	provide	VERB	d003.s016.t005
	the	the	DET	
	backdrop	backdrop	NOUN	
	for	for	ADP	
	a	a	DET	
d001.s091.t006	conference	conference	NOUN	d003.s016.t006
	to	to	PRT	
	be	be	VERB	
d001.s091.t007	staged	stage	VERB	d003.s016.t007
	in	in	ADP	
d001.s091.t008	Autumn	autumn	NOUN	d003.s016.t008
	,	,	.	
	1996	1996	NUM	
	.	.	.	
	The	the	DET	
d001.s092.t001	Foundation	foundation	NOUN	d003.s017.t001
d001.s092.t002	aims	aim	VERB	d003.s017.t002
	to	to	PRT	
d001.s092.t003	document	document	VERB	d003.s017.t003
	the	the	DET	
d001.s092.t004	characteristics	characteristic	NOUN	d003.s017.t004
	of	of	ADP	
d001.s092.t005	age	age	NOUN	d003.s017.t005
d001.s092.t006	barriers	barrier	NOUN	d003.s017.t006
	in	in	ADP	
d001.s092.t007	job	job	NOUN	d003.s017.t007
d001.s092.t008	recruitment	recruitment	NOUN	d003.s017.t008
	and	and	CONJ	
d001.s092.t009	training	training	NOUN	d003.s017.t009
	and	and	CONJ	
	to	to	PRT	
d001.s092.t010	analyse	analyse	VERB	d003.s017.t010
	their	they	PRON	
d001.s092.t011	causes	cause	NOUN	d003.s017.t011
	.	.	.	
	The	the	DET	
d001.s093.t001	perspectives	perspective	NOUN	d003.s018.t001
	of	of	ADP	
	the	the	DET	
d001.s093.t002	social	social	ADJ	d003.s018.t002
	partners	partner	NOUN	
	is	be	VERB	
d001.s093.t003	also	also	ADV	d003.s018.t003
	being	be	VERB	
d001.s093.t004	examined	examine	VERB	d003.s018.t004
	,	,	.	
	with	with	ADP	
d001.s093.t005	particular	particular	ADJ	d003.s018.t005
d001.s093.t006	attention	attention	NOUN	d003.s018.t006
d001.s093.t007	paid	pay	VERB	d003.s018.t007
	to	to	PRT	
d001.s093.t008	proposals	proposal	NOUN	d003.s018.t008
	for	for	ADP	
d001.s093.t009	removing	remove	VERB	d003.s018.t009
d001.s093.t010	age	age	NOUN	d003.s018.t010
d001.s093.t011	barriers	barrier	NOUN	d003.s018.t011
	.	.	.	
d001.s094.t001	Thirdly	thirdly	ADV	d003.s019.t001
	,	,	.	
	the	the	DET	
d001.s094.t002	project	project	NOUN	d003.s019.t002
	documents	document	NOUN	
	and	and	CONJ	
d001.s094.t003	assesses	assess	VERB	d003.s019.t003
d001.s094.t004	initiatives	initiative	NOUN	d003.s019.t004
	,	,	.	
	in	in	ADP	
	both	both	CONJ	
	the	the	DET	
d001.s094.t005	public	public	ADJ	d003.s019.t005
	and	and	CONJ	
d001.s094.t006	private	private	ADJ	d003.s019.t006
d001.s094.t007	sectors	sector	NOUN	d003.s019.t007
	which	which	DET	
	combat	combat	VERB	
d001.s094.t008	age	age	NOUN	d003.s019.t008
d001.s094.t009	barriers	barrier	NOUN	d003.s019.t009
	,	,	.	
d001.s094.t010	especially	especially	ADV	d003.s019.t010
	for	for	ADP	
d001.s094.t011	older	old	ADJ	d003.s019.t011
d001.s094.t012	workers	worker	NOUN	d003.s019.t012
	.	.	.	
d001.s095.t001	Seeking	seek	VERB	d003.s020.t001
d001.s095.t002	alternatives	alternative	NOUN	d003.s020.t002
	to	to	PRT	
d001.s095.t003	early	early	ADJ	d003.s020.t003
d001.s095.t004	retirement	retirement	NOUN	d003.s020.t004
	and	and	CONJ	
d001.s095.t005	redundancy	redundancy	NOUN	d003.s020.t005
	,	,	.	
	the	the	DET	
d001.s095.t006	project	project	NOUN	d003.s020.t006
	is	be	VERB	
d001.s095.t007	primarily	primarily	ADV	d003.s020.t007
d001.s095.t008	concerned	concern	VERB	d003.s020.t008
	with	with	ADP	
	the	the	DET	
d001.s095.t009	retention	retention	NOUN	d003.s020.t009
	,	,	.	
d001.s095.t010	reintegration	reintegrate	VERB	d003.s020.t010
	and	and	CONJ	
d001.s095.t011	retraining	retrain	VERB	d003.s020.t011
	of	of	ADP	
d001.s095.t012	older	old	ADJ	d003.s020.t012
d001.s095.t013	workers	worker	NOUN	d003.s020.t013
	.	.	.	
	The	the	DET	
d001.s096.t001	gender	gender	NOUN	d003.s021.t001
	and	and	CONJ	
d001.s096.t002	ethnic	ethnic	ADJ	d003.s021.t002
d001.s096.t003	backgrounds	background	NOUN	d003.s021.t003
	of	of	ADP	
d001.s096.t004	workers	worker	NOUN	d003.s021.t004
	and	and	CONJ	
	how	how	ADV	
	these	these	DET	
d001.s096.t005	relate	relate	VERB	d003.s021.t005
	to	to	PRT	
d001.s096.t006	age	age	NOUN	d003.s021.t006
d001.s096.t007	discrimination	discrimination	NOUN	d003.s021.t007
	are	be	VERB	
d001.s096.t008	examined	examine	VERB	d003.s021.t008
	.	.	.	
	The	the	DET	
d001.s097.t001	project	project	NOUN	d003.s022.t001
d001.s097.t002	also	also	ADV	d003.s022.t002
d001.s097.t003	considers	consider	VERB	d003.s022.t003
d001.s097.t004	initiatives	initiative	NOUN	d003.s022.t004
	to	to	PRT	
	combat	combat	VERB	
d001.s097.t005	age	age	NOUN	d003.s022.t005
d001.s097.t006	discrimination	discrimination	NOUN	d003.s022.t006
	in	in	ADP	
d001.s097.t007	rural areas	rural_area	NOUN	d003.s022.t007
	and	and	CONJ	
	in	in	ADP	
d001.s097.t008	small	small	ADJ	d003.s022.t008
	and	and	CONJ	
	medium	medium	ADJ	
	sized	size	VERB	
d001.s097.t009	enterprises	enterprise	NOUN	d003.s022.t009
	.	.	.	
	Seven	seven	NOUN	
d001.s098.t001	member	member	NOUN	d003.s023.t001
d001.s098.t002	states	state	NOUN	d003.s023.t002
	are	be	VERB	
d001.s098.t003	covered	cover	VERB	d003.s023.t003
	by	by	ADP	
	the	the	DET	
d001.s098.t004	project	project	NOUN	d003.s023.t004
	:	:	.	
	Belgium	belgium	NOUN	
	,	,	.	
	France	france	NOUN	
	,	,	.	
	Germany	germany	NOUN	
	,	,	.	
	Greece	greece	NOUN	
	,	,	.	
	Italy	italy	NOUN	
	,	,	.	
	the	the	DET	
	Netherlands	netherland	NOUN	
	and	and	CONJ	
	the	the	DET	
d001.s098.t005	United	united	ADJ	d003.s023.t005
d001.s098.t006	Kingdom	kingdom	NOUN	d003.s023.t006
	.	.	.	
	This	this	DET	
d001.s099.t001	document	document	NOUN	d004.s001.t001
	is	be	VERB	
	a	a	DET	
d001.s099.t002	summary	summary	NOUN	d004.s001.t002
	of	of	ADP	
	the	the	DET	
d001.s099.t003	European	european	ADJ	d004.s001.t003
d001.s099.t004	Public	public	ADJ	d004.s001.t004
d001.s099.t005	Assessment	assessment	NOUN	d004.s001.t005
d001.s099.t006	Report	report	NOUN	d004.s001.t006
	.	.	.	
	It	it	PRON	
d001.s099.t007	explains	explain	VERB	d004.s002.t001
	how	how	ADV	
	the	the	DET	
d001.s099.t008	Committee	committee	NOUN	d004.s002.t002
	for	for	ADP	
d001.s099.t009	Medicinal	medicinal	ADJ	d004.s002.t003
d001.s099.t010	Products	product	NOUN	d004.s002.t004
	for	for	ADP	
d001.s099.t011	Veterinary	veterinary	NOUN	d004.s002.t005
d001.s099.t012	Use	use	NOUN	d004.s002.t006
	(	(	.	
	CVMP	cvmp	X	
	)	)	.	
d001.s099.t013	assessed	assess	VERB	d004.s002.t007
	the	the	DET	
d001.s099.t014	studies	study	NOUN	d004.s002.t008
d001.s099.t015	performed	perform	VERB	d004.s002.t009
	,	,	.	
	to	to	PRT	
d001.s099.t016	reach	reach	VERB	d004.s002.t010
	their	they	PRON	
d001.s099.t017	recommendations	recommendation	NOUN	d004.s002.t011
	on	on	ADP	
	how	how	ADV	
	to	to	PRT	
d001.s099.t018	use	use	VERB	d004.s002.t012
	the	the	DET	
d001.s099.t019	medicine	medicine	NOUN	d004.s002.t013
	.	.	.	
	What	what	PRON	
	is	be	VERB	
	Cerenia	cerenia	NOUN	
	?	?	.	
	Cerenia	cerenia	NOUN	
d001.s101.t001	contains	contain	VERB	d004.s004.t001
	the	the	DET	
d001.s101.t002	active	active	ADJ	d004.s004.t002
d001.s101.t003	substance	substance	NOUN	d004.s004.t003
	maropitant	maropitant	NOUN	
	and	and	CONJ	
	is	be	VERB	
d001.s101.t004	available	available	ADJ	d004.s004.t004
	as	as	ADP	
d001.s101.t005	tablet	tablet	NOUN	d004.s004.t005
	or	or	CONJ	
	as	as	ADP	
d001.s101.t006	solution	solution	NOUN	d004.s004.t006
	for	for	ADP	
d001.s101.t007	injection	injection	NOUN	d004.s004.t007
	.	.	.	
	The	the	DET	
d001.s102.t001	tablets	tablet	NOUN	d004.s005.t001
	are	be	VERB	
	pale-orange	pale-orange	ADJ	
	and	and	CONJ	
d001.s102.t002	have	have	VERB	d004.s005.t002
	a	a	DET	
d001.s102.t003	score	score	NOUN	d004.s005.t003
d001.s102.t004	line	line	NOUN	d004.s005.t004
	on	on	ADP	
	both	both	DET	
d001.s102.t005	sides	side	NOUN	d004.s005.t005
d001.s102.t006	so	so	ADV	d004.s005.t006
	that	that	ADP	
	they	they	PRON	
	can	can	VERB	
	be	be	VERB	
d001.s102.t007	halved	halve	VERB	d004.s005.t007
	.	.	.	
	Each	each	DET	
d001.s103.t001	tablet	tablet	NOUN	d004.s006.t001
	is	be	VERB	
d001.s103.t002	marked	mark	VERB	d004.s006.t002
	with	with	ADP	
	the	the	DET	
	Pfizer	pfizer	NOUN	
d001.s103.t003	logo	logo	NOUN	d004.s006.t003
	on	on	ADP	
	one	one	NUM	
d001.s103.t004	side	side	NOUN	d004.s006.t004
	and	and	CONJ	
	with	with	ADP	
	the	the	DET	
d001.s103.t005	letters	letter	NOUN	d004.s006.t005
	MPT	mpt	NOUN	
	and	and	CONJ	
	the	the	DET	
d001.s103.t006	quantity	quantity	NOUN	d004.s006.t006
	of	of	ADP	
	maropitant	maropitant	NOUN	
	on	on	ADP	
	the	the	DET	
d001.s103.t007	other	other	ADJ	d004.s006.t007
d001.s103.t008	side	side	NOUN	d004.s006.t008
	.	.	.	
	What	what	PRON	
	is	be	VERB	
	Cerenia	cerenia	NOUN	
d001.s104.t001	used	use	VERB	d004.s007.t001
	for	for	ADP	
	?	?	.	
	Cerenia	cerenia	NOUN	
	is	be	VERB	
	an	a	DET	
d001.s105.t001	anti-emetic	antiemetic	NOUN	d004.s008.t001
	,	,	.	
	this	this	DET	
d001.s105.t002	means	mean	VERB	d004.s008.t002
	that	that	ADP	
	it	it	PRON	
d001.s105.t003	stops	stop	VERB	d004.s008.t003
d001.s105.t004	vomiting	vomit	VERB	d004.s008.t004
	.	.	.	
	It	it	PRON	
	is	be	VERB	
d001.s106.t001	used	use	VERB	d004.s009.t001
	in	in	ADP	
d001.s106.t002	dogs	dog	NOUN	d004.s009.t002
	to	to	PRT	
d001.s106.t003	prevent	prevent	VERB	d004.s009.t003
d001.s106.t004	vomiting	vomit	VERB	d004.s009.t004
	such	such	ADJ	
	as	as	ADP	
d001.s106.t005	vomiting	vomit	VERB	d004.s009.t005
d001.s106.t006	caused	cause	VERB	d004.s009.t006
	by	by	ADP	
d001.s106.t007	chemotherapy	chemotherapy	NOUN	d004.s009.t007
	(	(	.	
d001.s106.t008	medicines	medicine	NOUN	d004.s009.t008
d001.s106.t009	used	use	VERB	d004.s009.t009
	for	for	ADP	
	the	the	DET	
d001.s106.t010	treatment	treatment	NOUN	d004.s009.t010
	of	of	ADP	
d001.s106.t011	cancer	cancer	NOUN	d004.s009.t011
	,	,	.	
	some	some	DET	
	of	of	ADP	
	which	which	DET	
	are	be	VERB	
d001.s106.t012	known	know	VERB	d004.s009.t012
	to	to	PRT	
d001.s106.t013	cause	cause	VERB	d004.s009.t013
d001.s106.t014	vomiting	vomit	VERB	d004.s009.t014
	)	)	.	
	.	.	.	
	In	in	ADP	
d001.s107.t001	combination	combination	NOUN	d004.s010.t001
	with	with	ADP	
d001.s107.t002	supportive	supportive	ADJ	d004.s010.t002
d001.s107.t003	measures	measure	NOUN	d004.s010.t003
	such	such	ADJ	
	as	as	ADP	
d001.s107.t004	other	other	ADJ	d004.s010.t004
d001.s107.t005	veterinary	veterinary	ADJ	d004.s010.t005
d001.s107.t006	treatment	treatment	NOUN	d004.s010.t006
	or	or	CONJ	
	a	a	DET	
d001.s107.t007	special	special	ADJ	d004.s010.t007
d001.s107.t008	diet	diet	NOUN	d004.s010.t008
	,	,	.	
	Cerenia	cerenia	NOUN	
	can	can	VERB	
d001.s107.t009	also	also	ADV	d004.s010.t009
	be	be	VERB	
d001.s107.t010	used	use	VERB	d004.s010.t010
	in	in	ADP	
	the	the	DET	
d001.s107.t011	treatment	treatment	NOUN	d004.s010.t011
	of	of	ADP	
d001.s107.t012	vomiting	vomiting	NOUN	d004.s010.t012
	(	(	.	
	either	either	CONJ	
	as	as	ADP	
d001.s107.t013	injection	injection	NOUN	d004.s010.t013
	or	or	CONJ	
	as	as	ADP	
d001.s107.t014	injection	injection	NOUN	d004.s010.t014
d001.s107.t015	followed	follow	VERB	d004.s010.t015
	by	by	ADP	
d001.s107.t016	tablets	tablet	NOUN	d004.s010.t016
	)	)	.	
	.	.	.	
	For	for	ADP	
	these	these	DET	
d001.s108.t001	purposes	purpose	NOUN	d004.s011.t001
	,	,	.	
	Cerenia	cerenia	NOUN	
	can	can	VERB	
	be	be	VERB	
d001.s108.t002	given	give	VERB	d004.s011.t002
	for	for	ADP	
	up	up	ADP	
	to	to	PRT	
	five	five	NUM	
d001.s108.t003	days	day	NOUN	d004.s011.t003
	How	how	ADV	
	does	do	VERB	
	Cerenia	cerenia	NOUN	
	work	work	VERB	
	?	?	.	
	Cerenia	cerenia	NOUN	
d001.s110.t001	blocks	block	VERB	d004.s013.t001
	a	a	DET	
	neurokinin	neurokinin	NOUN	
	1	1	NUM	
	(	(	.	
	NK1	nk1	NOUN	
	)	)	.	
d001.s110.t002	receptor	receptor	NOUN	d004.s013.t002
	,	,	.	
	which	which	DET	
d001.s110.t003	acts	act	VERB	d004.s013.t003
	in	in	ADP	
	the	the	DET	
d001.s110.t004	central nervous system	central_nervous_system	NOUN	d004.s013.t004
	.	.	.	
	How	how	ADV	
	has	have	VERB	
	Cerenia	cerenia	NOUN	
	been	be	VERB	
d001.s111.t001	studied	study	VERB	d004.s014.t001
	?	?	.	
	A	a	DET	
d001.s112.t001	large number	large_number	NOUN	d004.s015.t001
	of	of	ADP	
d001.s112.t002	studies	study	NOUN	d004.s015.t002
	with	with	ADP	
	Cerenia	cerenia	NOUN	
	were	be	VERB	
d001.s112.t003	carried out	carry_out	VERB	d004.s015.t003
	either	either	CONJ	
	in	in	ADP	
d001.s112.t004	laboratory	laboratory	NOUN	d004.s015.t004
d001.s112.t005	dogs	dog	NOUN	d004.s015.t005
	or	or	CONJ	
	in	in	ADP	
	animal	animal	NOUN	
d001.s112.t006	patients	patient	NOUN	d004.s015.t006
	at	at	ADP	
d001.s112.t007	veterinary	veterinary	ADJ	d004.s015.t007
	practises	practise	NOUN	
	in	in	ADP	
d001.s112.t008	several	several	ADJ	d004.s015.t008
d001.s112.t009	European countries	european_country	NOUN	d004.s015.t009
	and	and	CONJ	
	in	in	ADP	
	the	the	DET	
	USA	usa	NOUN	
	.	.	.	
	What	what	DET	
d001.s113.t001	benefit	benefit	NOUN	d004.s016.t001
	has	have	VERB	
	Cerenia	cerenia	NOUN	
d001.s113.t002	shown	show	VERB	d004.s016.t002
	during	during	ADP	
	the	the	DET	
d001.s113.t003	studies	study	NOUN	d004.s016.t003
	?	?	.	
	The	the	DET	
d001.s114.t001	results	result	NOUN	d004.s017.t001
	of	of	ADP	
	the	the	DET	
d001.s114.t002	studies	study	NOUN	d004.s017.t002
d001.s114.t003	showed	show	VERB	d004.s017.t003
	that	that	ADP	
	Cerenia	cerenia	NOUN	
	was	be	VERB	
d001.s114.t004	more	more	ADV	d004.s017.t004
d001.s114.t005	effective	effective	ADJ	d004.s017.t005
	than	than	ADP	
	the	the	DET	
d001.s114.t006	placebo	placebo	NOUN	d004.s017.t006
	:	:	.	
d001.s114.t007	less	less	ADJ	d004.s017.t007
d001.s114.t008	vomiting	vomiting	NOUN	d004.s017.t008
	was	be	VERB	
d001.s114.t009	seen	see	VERB	d004.s017.t009
	in	in	ADP	
d001.s114.t010	dogs	dog	NOUN	d004.s017.t010
	that	that	DET	
d001.s114.t011	received	receive	VERB	d004.s017.t011
	the	the	DET	
d001.s114.t012	medicine	medicine	NOUN	d004.s017.t012
	than	than	ADP	
	in	in	ADP	
d001.s114.t013	dogs	dog	NOUN	d004.s017.t013
	that	that	DET	
d001.s114.t014	received	receive	VERB	d004.s017.t014
	a	a	DET	
d001.s114.t015	placebo	placebo	NOUN	d004.s017.t015
	,	,	.	
	both	both	CONJ	
	in	in	ADP	
	the	the	DET	
d001.s114.t016	treatment	treatment	NOUN	d004.s017.t016
	or	or	CONJ	
	in	in	ADP	
	the	the	DET	
d001.s114.t017	prevention	prevention	NOUN	d004.s017.t017
	of	of	ADP	
d001.s114.t018	vomiting	vomiting	NOUN	d004.s017.t018
	.	.	.	
	The	the	DET	
d001.s115.t001	treatment	treatment	NOUN	d004.s018.t001
	of	of	ADP	
	a	a	DET	
d001.s115.t002	vomiting	vomiting	NOUN	d004.s018.t002
d001.s115.t003	dog	dog	NOUN	d004.s018.t003
	should	should	VERB	
	be	be	VERB	
d001.s115.t004	started	start	VERB	d004.s018.t004
	with	with	ADP	
	the	the	DET	
d001.s115.t005	injection	injection	NOUN	d004.s018.t005
	,	,	.	
	since	since	ADP	
d001.s115.t006	vomiting	vomiting	NOUN	d004.s018.t006
d001.s115.t007	animals	animal	NOUN	d004.s018.t007
	might	might	VERB	
d001.s115.t008	not	not	ADV	d004.s018.t008
	be	be	VERB	
d001.s115.t009	able	able	ADJ	d004.s018.t009
	to	to	PRT	
	keep	keep	VERB	
	a	a	DET	
d001.s115.t010	tablet	tablet	NOUN	d004.s018.t010
	down	down	ADV	
	(	(	.	
	as	as	ADP	
	they	they	PRON	
	might	might	VERB	
	throw	throw	VERB	
	the	the	DET	
d001.s115.t011	intact	intact	ADJ	d004.s018.t011
d001.s115.t012	tablet	tablet	NOUN	d004.s018.t012
	up	up	PRT	
d001.s115.t013	again	again	ADV	d004.s018.t013
	)	)	.	
	.	.	.	
	For	for	ADP	
d001.s116.t001	follow-up	follow-up	NOUN	d004.s019.t001
d001.s116.t002	treatment	treatment	NOUN	d004.s019.t002
	,	,	.	
	the	the	DET	
	animal	animal	NOUN	
d001.s116.t003	owner	owner	NOUN	d004.s019.t003
	can	can	VERB	
d001.s116.t004	administer	administer	VERB	d004.s019.t004
	the	the	DET	
d001.s116.t005	tablets	tablet	NOUN	d004.s019.t005
	to	to	PRT	
	the	the	DET	
d001.s116.t006	dog	dog	NOUN	d004.s019.t006
	.	.	.	
d001.s117.t001	Also	also	ADV	d004.s020.t001
	,	,	.	
	the	the	DET	
d001.s117.t002	treatment	treatment	NOUN	d004.s020.t002
	of	of	ADP	
d001.s117.t003	vomiting	vomiting	NOUN	d004.s020.t003
	should	should	VERB	
d001.s117.t004	only	only	ADV	d004.s020.t004
	be	be	VERB	
d001.s117.t005	together with	together_with	ADV	d004.s020.t005
d001.s117.t006	other	other	ADJ	d004.s020.t006
d001.s117.t007	supportive	supportive	ADJ	d004.s020.t007
d001.s117.t008	measure	measure	NOUN	d004.s020.t008
	or	or	CONJ	
d001.s117.t009	other	other	ADJ	d004.s020.t009
d001.s117.t010	veterinary	veterinary	ADJ	d004.s020.t010
d001.s117.t011	therapy	therapy	NOUN	d004.s020.t011
	while	while	ADP	
d001.s117.t012	addressing	address	VERB	d004.s020.t012
	the	the	DET	
d001.s117.t013	underlying	underlie	VERB	d004.s020.t013
d001.s117.t014	causes	cause	NOUN	d004.s020.t014
	of	of	ADP	
	the	the	DET	
d001.s117.t015	vomiting	vomiting	NOUN	d004.s020.t015
	.	.	.	
	What	what	PRON	
	is	be	VERB	
	the	the	DET	
d001.s118.t001	risk	risk	NOUN	d004.s021.t001
d001.s118.t002	associated	associate	VERB	d004.s021.t002
	with	with	ADP	
	Cerenia	cerenia	NOUN	
	?	?	.	
	Cerenia	cerenia	NOUN	
	was	be	VERB	
d001.s119.t001	generally	generally	ADV	d004.s022.t001
d001.s119.t002	well	well	ADV	d004.s022.t002
d001.s119.t003	tolerated	tolerate	VERB	d004.s022.t003
	when	when	ADV	
d001.s119.t004	administered	administer	VERB	d004.s022.t004
d001.s119.t005	daily	daily	ADV	d004.s022.t005
	at	at	ADP	
d001.s119.t006	dosages	dosage	NOUN	d004.s022.t006
	up	up	ADP	
	to	to	PRT	
	5	5	NUM	
d001.s119.t007	times	time	NOUN	d004.s022.t007
	the	the	DET	
d001.s119.t008	recommended	recommend	VERB	d004.s022.t008
d001.s119.t009	doses	dose	NOUN	d004.s022.t009
	for	for	ADP	
	an	a	DET	
d001.s119.t010	extended	extended	ADJ	d004.s022.t010
d001.s119.t011	period of time	period_of_time	NOUN	d004.s022.t011
	(	(	.	
	up	up	ADP	
	to	to	PRT	
	3	3	NUM	
d001.s119.t012	times	time	NOUN	d004.s022.t012
	the	the	DET	
	recommended	recommend	VERB	
d001.s119.t013	maximum	maximum	ADJ	d004.s022.t013
d001.s119.t014	duration	duration	NOUN	d004.s022.t014
	of	of	ADP	
d001.s119.t015	treatment	treatment	NOUN	d004.s022.t015
	)	)	.	
	.	.	.	
	What	what	PRON	
	are	be	VERB	
	the	the	DET	
d001.s120.t001	precautions	precaution	NOUN	d004.s023.t001
	for	for	ADP	
	the	the	DET	
d001.s120.t002	person	person	NOUN	d004.s023.t002
	who	who	PRON	
d001.s120.t003	gives	give	VERB	d004.s023.t003
	the	the	DET	
d001.s120.t004	medicine	medicine	NOUN	d004.s023.t004
	or	or	CONJ	
d001.s120.t005	comes into	come_into	VERB	d004.s023.t005
d001.s120.t006	contact	contact	NOUN	d004.s023.t006
	with	with	ADP	
	the	the	DET	
d001.s120.t007	animal	animal	NOUN	d004.s023.t007
	?	?	.	
	Cerenia	cerenia	NOUN	
	does	do	VERB	
d001.s121.t001	not	not	ADV	d004.s024.t001
d001.s121.t002	represent	represent	VERB	d004.s024.t002
	a	a	DET	
d001.s121.t003	particular	particular	ADJ	d004.s024.t003
d001.s121.t004	risk	risk	NOUN	d004.s024.t004
	for	for	ADP	
d001.s121.t005	people	people	NOUN	d004.s024.t005
	.	.	.	
