d001.s001.t001	document%1:10:00::
d001.s001.t002	summary%1:10:00::
d001.s001.t003	european%3:01:00::
d001.s001.t004	public%3:00:00::
d001.s001.t005	assessment%1:04:00::
d001.s001.t006	report%1:10:03::
d001.s002.t001	explain%2:32:01::
d001.s002.t002	committee%1:14:00::
d001.s002.t003	medicinal%5:00:00:healthful:00
d001.s002.t004	product%1:06:00::
d001.s002.t005	human%3:01:01::
d001.s002.t006	use%1:04:00::
d001.s002.t007	assess%2:31:00::
d001.s002.t008	study%1:04:00::
d001.s002.t009	perform%2:36:00::
d001.s002.t010	reach%2:38:06::
d001.s002.t011	recommendation%1:10:00::
d001.s002.t012	use%2:34:01::
d001.s002.t013	medicine%1:06:00::
d001.s003.t001	need%2:34:01::
d001.s003.t002	more%3:00:01::
d001.s003.t003	information%1:14:00::
d001.s003.t004	medical%3:00:00::
d001.s003.t005	condition%1:26:05::
d001.s003.t006	treatment%1:04:00::
d001.s003.t007	read%2:31:00::
d001.s003.t008	package%1:14:00::
d001.s003.t009	leaflet%1:10:00::
d001.s003.t010	also%4:02:00::
d001.s003.t011	part%1:09:00::
d001.s003.t012	contact%2:32:00::
d001.s003.t013	doctor%1:18:00::
d001.s003.t014	pharmacist%1:18:00::
d001.s004.t001	want%2:37:00::
d001.s004.t002	more%3:00:01::
d001.s004.t003	information%1:14:00::
d001.s004.t004	basis%1:24:00::
d001.s004.t005	recommendation%1:10:00::
d001.s004.t006	read%2:31:00::
d001.s004.t007	scientific%3:00:00::
d001.s004.t008	discussion%1:10:02::
d001.s004.t009	also%4:02:00::
d001.s004.t010	part%1:09:00::
d001.s006.t001	powder%1:06:01::
d001.s006.t002	make_up%2:42:00::
d001.s006.t003	solution%1:27:00::
d001.s006.t004	infusion%1:04:00::
d001.s006.t005	drip%2:35:10::
d001.s006.t006	vein%1:08:00::
d001.s007.t001	contain%2:42:00::
d001.s007.t002	active%3:00:07::
d001.s007.t003	substance%1:03:01::
d001.s008.t001	use%2:34:01::
d001.s009.t001	use%2:34:01::
d001.s009.t002	treat%2:29:00::
d001.s009.t003	type%1:09:00::
d001.s009.t004	cancer%1:26:00::
d001.s009.t005	pleural%3:01:00::
d001.s009.t006	mesothelioma%1:26:00::
d001.s009.t007	cancer%1:26:00::
d001.s009.t008	lining%1:06:00::
d001.s009.t009	lung%1:08:00::
d001.s009.t010	usually%4:02:00::
d001.s009.t011	cause%2:36:00::
d001.s009.t012	exposure%1:04:01::
d001.s009.t013	asbestos%1:27:00::
d001.s010.t001	use%2:34:01::
d001.s010.t002	together_with%4:02:00::
d001.s010.t003	anticancer%3:01:00::
d001.s010.t004	medicine%1:06:00::
d001.s010.t005	cancer%1:26:00::
d001.s010.t006	remove%2:30:00::
d001.s010.t007	surgery%1:04:01::
d001.s010.t008	alone%5:00:00:exclusive:00
d001.s010.t009	malignant%3:00:02::
d001.s010.t010	spread%2:35:07::
d001.s010.t011	likely%3:00:04::
d001.s010.t012	spread%2:35:07::
d001.s010.t013	easily%4:02:01::
d001.s010.t014	other%3:00:00::
d001.s010.t015	part%1:17:00::
d001.s010.t016	body%1:08:00::
d001.s010.t017	patient%1:18:00::
d001.s010.t018	not%4:02:00::
d001.s010.t019	receive%2:39:03::
d001.s010.t020	chemotherapy%1:04:00::
d001.s010.t021	medicine%1:06:00::
d001.s010.t022	cancer%1:26:00::
d001.s010.t023	advanced%5:00:00:late:02
d001.s010.t024	metastatic%3:01:00::
d001.s010.t025	cell%1:03:00::
d001.s010.t026	lung_cancer%1:26:00::
d001.s010.t027	not%4:02:00::
d001.s010.t028	affect%2:29:00::
d001.s010.t029	squamous_cell%1:08:00::
d001.s011.t001	use%2:34:01::
d001.s011.t002	combination%1:04:00::
d001.s011.t003	patient%1:18:00::
d001.s011.t004	not%4:02:00::
d001.s011.t005	treat%2:29:00::
d001.s011.t006	patient%1:18:00::
d001.s011.t007	receive%2:39:03::
d001.s011.t008	type%1:09:00::
d001.s011.t009	chemotherapy%1:04:00::
d001.s011.t010	past%1:28:01::
d001.s012.t001	medicine%1:06:00::
d001.s012.t002	only%4:02:03::
d001.s012.t003	obtain%2:40:00::
d001.s012.t004	prescription%1:10:01::
d001.s013.t001	use%2:34:01::
d001.s014.t001	only%4:02:03::
d001.s014.t002	give%2:40:13::
d001.s014.t003	supervision%1:04:00::
d001.s014.t004	doctor%1:18:00::
d001.s014.t005	use%1:04:00::
d001.s014.t006	anticancer%3:01:00::
d001.s014.t007	chemotherapy%1:04:00::
d001.s015.t001	dose%1:06:00::
d001.s015.t002	mg%1:23:00::
d001.s015.t003	square_metre%1:23:00::
d001.s015.t004	body%1:08:00::
d001.s015.t005	surface_area%1:07:00::
d001.s015.t006	calculate%2:31:00::
d001.s015.t007	use%2:34:01::
d001.s015.t008	patient%1:18:00::
d001.s015.t009	height%1:07:01::
d001.s015.t010	weight%1:07:00::
d001.s016.t001	give%2:40:13::
d001.s016.t002	once%4:02:00::
d001.s016.t003	every%5:00:02:all:00
d001.s016.t004	week%1:28:00::
d001.s016.t005	intravenous%3:01:00::
d001.s016.t006	infusion%1:04:00::
d001.s016.t007	last%2:42:00::
d001.s016.t008	minute%1:28:00::
d001.s017.t001	reduce%2:30:01::
d001.s017.t002	side_effect%1:26:00::
d001.s017.t003	patient%1:18:00::
d001.s017.t004	take%2:34:00::
d001.s017.t005	corticosteroid%1:27:00::
d001.s017.t006	folic_acid%1:27:00::
d001.s017.t007	type%1:09:00::
d001.s017.t008	vitamin%1:27:00::
d001.s017.t009	injection%1:04:01::
d001.s017.t010	vitamin_b12%1:27:00::
d001.s017.t011	treatment%1:04:00::
d001.s018.t001	give%2:40:13::
d001.s018.t002	medicine%1:06:00::
d001.s018.t003	prevent%2:41:01::
d001.s018.t004	vomit%2:29:00::
d001.s018.t005	fluid%1:27:02::
d001.s018.t006	prevent%2:41:01::
d001.s018.t007	dehydration%1:26:01::
d001.s018.t008	also%4:02:00::
d001.s018.t009	give%2:40:13::
d001.s018.t010	before%4:02:03::
d001.s018.t011	after%4:02:01::
d001.s018.t012	dose%1:06:00::
d001.s019.t001	treatment%1:04:00::
d001.s019.t002	delay%2:42:00::
d001.s019.t003	discontinue%2:30:00::
d001.s019.t004	dose%1:06:00::
d001.s019.t005	reduce%2:30:00::
d001.s019.t006	patient%1:18:00::
d001.s019.t007	blood_count%1:23:00::
d001.s019.t008	abnormal%3:00:00::
d001.s019.t009	have%2:29:05::
d001.s019.t010	certain%5:00:00:definite:00
d001.s019.t011	other%3:00:00::
d001.s019.t012	side_effect%1:26:00::
d001.s020.t001	not%4:02:00::
d001.s020.t002	recommend%2:32:01::
d001.s020.t003	use%1:04:00::
d001.s020.t004	patient%1:18:00::
d001.s020.t005	moderate%3:00:00::
d001.s020.t006	severe%5:00:01:bad:00
d001.s020.t007	kidney%1:08:00::
d001.s020.t008	problem%1:26:00::
d001.s021.t001	more%3:00:01::
d001.s021.t002	information%1:14:00::
d001.s021.t003	see%2:39:13::
d001.s021.t004	summary%1:10:00::
d001.s021.t005	product%1:06:00::
d001.s021.t006	also%4:02:00::
d001.s021.t007	part%1:09:00::
d001.s023.t001	active%3:00:07::
d001.s023.t002	substance%1:03:01::
d001.s023.t003	cytotoxic%3:01:00::
d001.s023.t004	medicine%1:06:00::
d001.s023.t005	medicine%1:06:00::
d001.s023.t006	kill%2:35:00::
d001.s023.t007	cell%1:03:00::
d001.s023.t008	divide%2:35:00::
d001.s023.t009	cancer_cell%1:08:00::
d001.s023.t010	belong_to%2:42:00::
d001.s023.t011	group%1:03:00::
d001.s023.t012	antimetabolite%1:06:00::
d001.s024.t001	body%1:08:00::
d001.s024.t002	convert%2:30:03::
d001.s024.t003	active%3:00:07::
d001.s024.t004	form%1:07:03::
d001.s024.t005	block%2:41:01::
d001.s024.t006	activity%1:22:00::
d001.s024.t007	enzyme%1:27:00::
d001.s024.t008	involve%2:42:04::
d001.s024.t009	produce%2:36:02::
d001.s024.t010	nucleotide%1:27:00::
d001.s024.t011	building_block%1:17:00::
d001.s024.t012	dna%1:27:00::
d001.s024.t013	rna%1:27:00::
d001.s024.t014	genetic%3:01:02::
d001.s024.t015	material%1:27:00::
d001.s024.t016	cell%1:03:00::
d001.s025.t001	study%2:31:02::
d001.s026.t001	treatment%1:04:00::
d001.s026.t002	malignant%3:00:02::
d001.s026.t003	pleural%3:01:00::
d001.s026.t004	mesothelioma%1:26:00::
d001.s026.t005	study%2:31:02::
d001.s026.t006	main%5:00:00:important:00
d001.s026.t007	study%1:04:00::
d001.s026.t008	patient%1:18:00::
d001.s026.t009	not%4:02:00::
d001.s026.t010	receive%2:39:03::
d001.s026.t011	chemotherapy%1:04:00::
d001.s026.t012	disease%1:26:00::
d001.s026.t013	before%4:02:03::
d001.s027.t001	effect%1:26:00::
d001.s027.t002	combination%1:04:00::
d001.s027.t003	compare%2:31:00::
d001.s027.t004	alone%4:02:01::
d001.s028.t001	treatment%1:04:00::
d001.s028.t002	cell%1:03:00::
d001.s028.t003	lung_cancer%1:26:00::
d001.s028.t004	effect%1:26:00::
d001.s028.t005	compare%2:31:00::
d001.s028.t006	anticancer%3:01:00::
d001.s028.t007	medicine%1:06:00::
d001.s028.t008	study%1:04:00::
d001.s028.t009	involve%2:42:04::
d001.s028.t010	patient%1:18:00::
d001.s028.t011	locally%4:02:01::
d001.s028.t012	advanced%5:00:00:late:02
d001.s028.t013	metastatic%3:01:00::
d001.s028.t014	disease%1:26:00::
d001.s028.t015	receive%2:39:03::
d001.s028.t016	chemotherapy%1:04:00::
d001.s028.t017	past%1:28:01::
d001.s029.t001	also%4:02:00::
d001.s029.t002	compare%2:31:00::
d001.s029.t003	anticancer%3:01:00::
d001.s029.t004	medicine%1:06:00::
d001.s029.t005	combination%1:04:00::
d001.s029.t006	study%1:04:00::
d001.s029.t007	involve%2:42:04::
d001.s029.t008	patient%1:18:00::
d001.s029.t009	not%4:02:00::
d001.s029.t010	receive%2:39:03::
d001.s029.t011	chemotherapy%1:04:00::
d001.s029.t012	lung_cancer%1:26:00::
d001.s029.t013	past%1:28:01::
d001.s030.t001	study%1:04:00::
d001.s030.t002	main%5:00:00:important:00
d001.s030.t003	measure%1:04:00::
d001.s030.t004	effectiveness%1:07:01::
d001.s030.t005	long%4:02:00::
d001.s030.t006	patient%1:18:00::
d001.s030.t007	survive%2:42:02::
d001.s031.t001	benefit%1:07:00::
d001.s031.t002	show%2:31:00::
d001.s031.t003	study%1:04:00::
d001.s032.t001	increase%2:30:02::
d001.s032.t002	survival%1:26:00::
d001.s032.t003	time%1:28:00::
d001.s032.t004	patient%1:18:00::
d001.s032.t005	malignant%3:00:02::
d001.s032.t006	pleural%3:01:00::
d001.s032.t007	mesothelioma%1:26:00::
d001.s033.t001	patient%1:18:00::
d001.s033.t002	receive%2:39:03::
d001.s033.t003	survive%2:42:02::
d001.s033.t004	average%1:09:01::
d001.s033.t005	month%1:28:00::
d001.s033.t006	compare%2:31:00::
d001.s033.t007	month%1:28:00::
d001.s033.t008	alone%4:02:01::
d001.s034.t001	treatment%1:04:00::
d001.s034.t002	patient%1:18:00::
d001.s034.t003	cell%1:03:00::
d001.s034.t004	lung_cancer%1:26:00::
d001.s034.t005	as%4:02:00::
d001.s034.t006	effective%3:00:00::
d001.s034.t007	as%4:02:00::
d001.s035.t001	patient%1:18:00::
d001.s035.t002	receive%2:39:03::
d001.s035.t003	chemotherapy%1:04:00::
d001.s035.t004	past%1:28:01::
d001.s035.t005	average%5:00:02:normal:01
d001.s035.t006	survival%1:26:00::
d001.s035.t007	time%1:28:00::
d001.s035.t008	month%1:28:00::
d001.s035.t009	compare%2:31:00::
d001.s035.t010	month%1:28:00::
d001.s036.t001	patient%1:18:00::
d001.s036.t002	not%4:02:00::
d001.s036.t003	receive%2:39:03::
d001.s036.t004	chemotherapy%1:04:00::
d001.s036.t005	past%1:28:01::
d001.s036.t006	average%5:00:02:normal:01
d001.s036.t007	survival%1:26:00::
d001.s036.t008	time%1:28:00::
d001.s036.t009	month%1:28:00::
d001.s036.t010	group%1:03:00::
d001.s037.t001	however%4:02:04::
d001.s037.t002	study%1:04:00::
d001.s037.t003	patient%1:18:00::
d001.s037.t004	cancer%1:26:00::
d001.s037.t005	not%4:02:00::
d001.s037.t006	affect%2:29:00::
d001.s037.t007	squamous_cell%1:08:00::
d001.s037.t008	have%2:29:05::
d001.s037.t009	long%3:00:02::
d001.s037.t010	survival%1:26:00::
d001.s037.t011	time%1:28:00::
d001.s038.t001	contrast%1:24:00::
d001.s038.t002	patient%1:18:00::
d001.s038.t003	cancer%1:26:00::
d001.s038.t004	affect%2:29:00::
d001.s038.t005	squamous_cell%1:08:00::
d001.s038.t006	have%2:29:05::
d001.s038.t007	short%3:00:02::
d001.s038.t008	survival%1:26:00::
d001.s038.t009	time%1:28:00::
d002.s001.t001	mathematical%3:01:00::
d002.s001.t002	base%2:31:00::
d002.s001.t003	markup%1:10:00::
d002.s002.t001	nowadays%4:02:00::
d002.s002.t002	capable%3:00:00::
d002.s002.t003	make%2:36:12::
d002.s002.t004	simple%5:00:00:easy:01
d002.s002.t005	operation%1:04:01::
d002.s002.t006	arithmetic%3:01:00::
d002.s002.t007	3d%1:09:00::
d002.s002.t008	graph%1:10:00::
d002.s003.t001	actually%4:02:02::
d002.s003.t002	not%4:02:00::
d002.s003.t003	necessary%3:00:00::
d002.s003.t004	know%2:31:00::
d002.s003.t005	use%2:34:01::
d002.s004.t001	base%2:31:00::
d002.s004.t002	graph%1:10:00::
d002.s005.t001	initially%4:02:00::
d002.s005.t002	orient%2:30:00::
d002.s005.t003	now%4:02:04::
d002.s005.t004	use%2:34:01::
d002.s005.t005	little%3:00:01::
d002.s005.t006	mathematical%3:01:00::
d002.s005.t007	knowledge%1:03:00::
d002.s006.t001	here%4:02:00::
d002.s006.t002	main%5:00:00:important:00
d002.s006.t003	window%1:06:03::
d002.s007.t001	main%5:00:00:important:00
d002.s007.t002	window%1:06:03::
d002.s008.t001	main%5:00:00:important:00
d002.s008.t002	window%1:06:03::
d002.s008.t003	consist%2:42:01::
d002.s008.t004	console%1:06:02::
d002.s008.t005	graph%1:10:00::
d002.s008.t006	3d%1:09:00::
d002.s008.t007	graph%1:10:00::
d002.s008.t008	dictionary%1:10:00::
d002.s009.t001	below%4:02:01::
d002.s009.t002	find%2:39:02::
d002.s009.t003	input%1:06:00::
d002.s009.t004	field%1:14:03::
d002.s009.t005	type%2:32:00::
d002.s009.t006	function%1:24:00::
d002.s009.t007	do%2:41:04::
d002.s009.t008	calculation%1:09:00::
d002.s010.t001	want%2:37:00::
d002.s010.t002	understand%2:31:00::
d002.s010.t003	work%2:35:02::
d002.s010.t004	best%3:00:00::
d002.s010.t005	thing%1:04:00::
d002.s010.t006	do%2:41:04::
d002.s010.t007	realize%2:31:00::
d002.s010.t008	input%1:06:00::
d002.s010.t009	convert%2:30:03::
d002.s010.t010	not%4:02:00::
d002.s010.t011	necessary%3:00:00::
d002.s010.t012	know%2:31:00::
d002.s011.t001	base%2:31:00::
d002.s011.t002	basically%4:02:00::
d002.s011.t003	common_sense%1:09:00::
d002.s011.t004	not%4:02:00::
d002.s011.t005	hard%3:00:06::
d002.s012.t001	look%2:39:00::
d002.s012.t002	closely%4:02:02::
d002.s012.t003	look%2:42:02::
d002.s012.t004	very%4:02:00::
d002.s012.t005	similar%3:00:02::
d002.s013.t001	addition%1:04:01::
d002.s013.t002	subtraction%1:04:01::
d002.s013.t003	multiplication%1:04:00::
d002.s013.t004	division%1:04:01::
d002.s014.t001	power%1:10:00::
d002.s014.t002	use%2:34:01::
d002.s015.t001	also%4:02:00::
d002.s015.t002	possible%3:00:00::
d002.s015.t003	use%2:34:01::
d002.s016.t001	power%1:10:00::
d002.s016.t002	way%1:04:01::
d002.s016.t003	make%2:36:12::
d002.s016.t004	root%1:23:00::
d002.s016.t005	too%4:02:01::
d002.s017.t001	way%1:07:01::
d002.s017.t002	specify%2:32:02::
d002.s017.t003	bounded%5:00:00:finite:00
d002.s017.t004	variable%1:10:00::
d002.s017.t005	function%1:24:00::
d002.s018.t001	use%2:34:01::
d002.s018.t002	specify%2:31:02::
d002.s018.t003	high%3:00:02::
d002.s018.t004	priority%1:07:00::
d002.s019.t001	parser%1:10:00::
d002.s019.t002	find%2:39:02::
d002.s019.t003	function%1:24:00::
d002.s019.t004	check%2:32:10::
d002.s019.t005	operator%1:24:00::
d002.s020.t001	treat%2:31:00::
d002.s020.t002	operator%1:24:00::
d002.s020.t003	not%4:02:00::
d002.s020.t004	treat%2:31:00::
d002.s020.t005	user%1:18:00::
d002.s020.t006	function%1:24:00::
d002.s021.t001	use%2:34:01::
d002.s021.t002	define%2:32:01::
d002.s021.t003	value%1:09:00::
d002.s022.t001	condition%1:10:01::
d002.s022.t002	definition%1:10:00::
d002.s023.t001	way%1:07:01::
d002.s023.t002	define%2:32:01::
d002.s023.t003	conditional%3:00:00::
d002.s023.t004	operation%1:04:01::
d002.s024.t001	introduce%2:35:00::
d002.s024.t002	condition%1:10:01::
d002.s024.t003	use%2:34:01::
d002.s024.t004	condition%1:10:01::
d002.s024.t005	only_if%4:02:00::
d002.s024.t006	true%3:00:04::
d002.s024.t007	find%2:39:02::
d002.s024.t008	condition%1:10:01::
d002.s024.t009	enter%2:38:00::
d002.s024.t010	last%3:00:00::
d002.s024.t011	instance%1:11:00::
d002.s026.t001	use%2:34:01::
d002.s026.t002	define%2:32:01::
d002.s027.t001	mainly%4:02:00::
d002.s027.t002	useful%5:00:00:functional:00
d002.s027.t003	work%2:41:02::
d002.s028.t001	now%4:02:04::
d002.s028.t002	ask%2:32:04::
d002.s028.t003	user%1:18:00::
d002.s029.t001	easy%3:00:01::
d002.s029.t002	operate%2:35:00::
d002.s029.t003	function%1:24:00::
d002.s029.t004	cos%1:24:00::
d002.s029.t005	sin%1:24:00::
d002.s029.t006	other%3:00:00::
d002.s029.t007	trigonometric%3:01:00::
d002.s029.t008	function%1:24:00::
d002.s029.t009	sum%1:09:01::
d002.s029.t010	product%1:09:00::
d002.s030.t001	not%4:02:00::
d002.s030.t002	matter%2:42:00::
d002.s030.t003	kind%1:09:00::
d002.s031.t001	use%2:34:01::
d002.s031.t002	plus%1:04:00::
d002.s031.t003	times%1:04:00::
d002.s031.t004	have%2:40:00::
d002.s031.t005	operator%1:24:00::
d002.s032.t001	useful%5:00:00:functional:00
d002.s033.t001	there%4:02:00::
d002.s033.t002	have%2:40:00::
d002.s033.t003	list%1:10:00::
d002.s033.t004	variable%1:10:00::
d002.s034.t001	see%2:39:03::
d002.s034.t002	let%2:41:00::
d002.s034.t003	change%2:30:01::
d002.s034.t004	value%1:09:00::
d002.s034.t005	just%4:02:00::
d002.s034.t006	way%1:04:01::
d002.s034.t007	trick%2:41:00::
d002.s034.t008	log%1:10:02::
d002.s035.t001	time%1:11:00::
d002.s035.t002	enter%2:35:03::
d002.s035.t003	expression%1:10:03::
d002.s035.t004	variable%1:10:00::
d002.s035.t005	value%1:09:00::
d002.s035.t006	change%2:30:01::
d002.s035.t007	last%3:00:00::
d002.s035.t008	result%1:11:00::
d002.s036.t001	new%5:00:00:other:00
d002.s036.t002	window%1:06:03::
d002.s037.t001	log%1:10:02::
d002.s038.t001	load%2:40:12::
d002.s039.t001	execute%2:36:01::
d002.s039.t002	instruction%1:10:02::
d002.s039.t003	file%1:10:00::
d002.s039.t004	sequentially%4:02:00::
d002.s040.t001	nice%3:00:00::
d002.s040.t002	want%2:37:00::
d002.s040.t003	define%2:32:01::
d002.s040.t004	library%1:14:01::
d002.s040.t005	resume%2:30:00::
d002.s040.t006	previous%5:00:00:preceding:00
d002.s040.t007	work%1:04:00::
d002.s041.t001	save%2:32:04::
d002.s042.t001	save%2:32:04::
d002.s042.t002	instruction%1:10:02::
d002.s042.t003	type%2:32:00::
d002.s042.t004	begin%2:42:02::
d002.s042.t005	able%5:00:00:competent:00
d002.s042.t006	reuse%2:34:00::
d002.s043.t001	generate%2:36:00::
d002.s043.t002	text_file%1:10:00::
d002.s043.t003	easy%3:00:01::
d002.s043.t004	fix%2:30:01::
d002.s043.t005	use%2:34:01::
d002.s043.t006	text_editor%1:10:00::
d002.s044.t001	save%2:32:04::
d002.s044.t002	log%1:10:02::
d002.s045.t001	save%2:32:04::
d002.s045.t002	log%1:10:02::
d002.s045.t003	result%1:11:00::
d002.s045.t004	html%1:10:00::
d002.s045.t005	able%5:00:00:competent:00
d002.s045.t006	print%2:36:00::
d002.s045.t007	publish%2:32:00::
d002.s046.t001	quit%2:42:04::
d002.s047.t001	program%1:10:02::
d002.s047.t002	down%4:02:04::
d002.s048.t001	add%2:30:00::
d002.s048.t002	new%5:00:00:other:00
d002.s048.t003	graph%1:10:00::
d002.s048.t004	do%2:41:04::
d002.s048.t005	go%2:38:00::
d002.s048.t006	graph%1:10:00::
d002.s048.t007	add%2:30:00::
d002.s048.t008	add%2:30:00::
d002.s048.t009	new%5:00:00:other:00
d002.s048.t010	function%1:24:00::
d002.s049.t001	then%4:02:00::
d002.s049.t002	focus%1:09:00::
d002.s049.t003	input%1:06:00::
d002.s049.t004	text%1:10:00::
d002.s049.t005	box%1:25:00::
d002.s049.t006	type%2:32:00::
d002.s049.t007	function%1:24:00::
d002.s050.t001	want%2:37:00::
d002.s050.t002	use%2:34:01::
d002.s050.t003	typical%5:00:00:normal:01
d002.s050.t004	not%4:02:00::
d002.s050.t005	necessary%3:00:00::
d002.s050.t006	specify%2:31:02::
d002.s051.t001	enter%2:35:03::
d002.s051.t002	function%1:24:00::
d002.s051.t003	ok%5:00:00:satisfactory:00
d002.s051.t004	display%2:39:00::
d002.s051.t005	graph%1:10:00::
d002.s051.t006	main%5:00:00:important:00
d002.s051.t007	window%1:06:03::
d002.s052.t001	set%2:35:00::
d002.s052.t002	several%5:00:00:some:00
d002.s052.t003	graph%1:10:00::
d002.s052.t004	same%3:00:02::
d002.s052.t005	view%1:07:01::
d002.s053.t001	just%4:02:00::
d002.s053.t002	use%2:34:01::
d002.s053.t003	add%2:30:00::
d002.s053.t004	list%1:10:00::
d002.s053.t005	mode%1:26:00::
d002.s054.t001	set%2:35:00::
d002.s054.t002	graph%1:10:00::
d002.s054.t003	color%1:07:01::
d003.s002.t001	foundation%1:14:00::
d003.s002.t002	recently%4:02:00::
d003.s002.t003	involve%2:42:04::
d003.s002.t004	organise%2:41:00::
d003.s002.t005	conference%1:14:00::
d003.s002.t006	deal%2:41:13::
d003.s002.t007	critical%5:00:00:crucial:00;critical%3:00:03::
d003.s002.t008	challenge%1:26:00::
d003.s003.t001	participant%1:18:00::
d003.s003.t002	main%5:00:00:important:00
d003.s003.t003	interest_group%1:14:00::
d003.s003.t004	attend%2:42:00::
d003.s003.t005	debate%2:31:00::;debate%2:32:00::
d003.s003.t006	issue%1:09:01::;issue%1:09:00::
d003.s003.t007	role%1:04:01::;role%1:04:00::
d003.s003.t008	key%5:00:00:important:00
d003.s003.t009	actor%1:18:01::
d003.s003.t010	include%2:31:00::;include%2:42:00::;include%2:30:00::
d003.s003.t011	public%5:00:00:common:02;public%3:00:00::
d003.s003.t012	authority%1:18:01::;authority%1:18:00::;authority%1:14:00::
d003.s003.t013	social%3:01:00::
d003.s003.t014	voluntary%3:00:01::
d003.s003.t015	community%1:14:00::
d003.s003.t016	organisation%1:14:00::;organisation%1:14:01::
d003.s003.t017	as_well%4:02:01::
d003.s003.t018	service%1:04:08::
d003.s003.t019	user%1:18:00::
d003.s004.t001	relatively%4:02:00::
d003.s004.t002	few%3:00:00::
d003.s004.t003	case%1:10:02::;case%1:11:00::
d003.s004.t004	report%2:32:01::
d003.s004.t005	attempt%1:04:00::
d003.s004.t006	involve%2:42:04::
d003.s004.t007	user%1:18:00::
d003.s004.t008	service%1:04:08::
d003.s004.t009	planning%1:04:02::;planning%1:04:00::
d003.s004.t010	involvement%1:04:00::
d003.s004.t011	service%1:04:08::
d003.s004.t012	provision%1:04:01::
d003.s004.t013	find%2:39:02::
d003.s004.t014	more%4:02:00::
d003.s004.t015	common%5:00:00:familiar:02
d003.s005.t001	note%1:10:00::
d003.s005.t002	also%4:02:00::
d003.s005.t003	variety%1:07:00::
d003.s005.t004	different%3:00:02::;different%5:00:01:other:00
d003.s005.t005	role%1:04:01::
d003.s005.t006	play%2:41:12::
d003.s005.t007	public%5:00:00:common:02
d003.s005.t008	welfare%1:04:00::
d003.s006.t001	foundation%1:14:00::
d003.s006.t002	european%3:01:00::
d003.s006.t003	commission%1:14:00::;commission%1:14:01::
d003.s006.t004	spanish%3:01:00::
d003.s006.t005	ministry%1:14:00::
d003.s006.t006	social%3:01:00::
d003.s006.t007	affairs%1:04:00::
d003.s006.t008	regional%5:00:00:territorial:00
d003.s006.t009	government%1:14:00::
d003.s006.t010	european%3:01:00::
d003.s006.t011	conference%1:14:00::
d003.s006.t012	social%3:01:00::
d003.s006.t013	exclusion%1:26:00::;exclusion%1:04:01::
d003.s006.t014	major%3:00:02::;major%3:00:06::
d003.s006.t015	challenge%1:26:00::
d003.s006.t016	public%5:00:00:common:02
d003.s006.t017	welfare%1:04:00::
d003.s006.t018	service%1:04:08::
d003.s007.t001	foundation%1:14:00::
d003.s007.t002	recently%4:02:00::
d003.s007.t003	publish%2:36:01::;publish%2:32:00::
d003.s007.t004	comparative%3:01:00::
d003.s007.t005	study%1:10:00::
d003.s007.t006	part%1:09:00::
d003.s007.t007	project%1:09:00::
d003.s007.t008	assess%2:31:00::
d003.s007.t009	extent%1:26:00::
d003.s007.t010	direct%5:00:00:immediate:00
d003.s007.t011	participation%1:04:00::
d003.s007.t012	humanise%2:37:00::
d003.s007.t013	work%1:04:01::
d003.s007.t014	increase%2:30:02::
d003.s007.t015	profitability%1:07:00::
d003.s008.t001	study%1:04:00::
d003.s008.t002	base%2:31:00::
d003.s008.t003	personal%5:00:00:subjective:00
d003.s008.t004	interview%1:10:01::
d003.s008.t005	senior%3:00:00::
d003.s008.t006	official%1:18:01::
d003.s008.t007	social%3:01:00::
d003.s008.t008	representative%1:18:00::;representative%1:18:02::
d003.s008.t009	national%3:00:00::;national%3:00:01::;national%3:01:00::
d003.s008.t010	level%1:26:01::
d003.s008.t011	organisation%1:14:00::;organisation%1:14:01::
d003.s008.t012	fifteen%5:00:00:cardinal:00
d003.s008.t013	european%3:01:00::
d003.s008.t014	country%1:15:00::;country%1:14:00::
d003.s009.t001	important%3:00:00::
d003.s009.t002	industrial%3:01:00::
d003.s009.t003	sector%1:14:00::
d003.s009.t004	metal%1:27:00::
d003.s009.t005	industry%1:04:00::
d003.s009.t006	banking%1:04:01::
d003.s009.t007	sector%1:14:00::
d003.s009.t008	also%4:02:00::
d003.s009.t009	include%2:31:00::;include%2:42:00::;include%2:30:00::
d003.s010.t001	speaker%1:18:00::
d003.s010.t002	social%3:01:00::
d003.s010.t003	exclusion%1:26:00::;exclusion%1:04:01::
d003.s010.t004	conference%1:14:00::
d003.s010.t005	left%1:15:00::
d003.s010.t006	right%1:15:00::
d003.s010.t007	employment%1:04:02::;employment%1:04:00::
d003.s010.t008	industrial%3:01:00::
d003.s010.t009	relations%1:24:00::
d003.s010.t010	social_affair%1:14:00::
d003.s010.t011	directorate%1:14:00::
d003.s010.t012	european%3:01:00::
d003.s010.t013	commission%1:14:00::;commission%1:14:01::
d003.s010.t014	high%5:00:00:superior:01
d003.s010.t015	committee%1:14:00::
d003.s010.t016	member%1:18:00::
d003.s010.t017	european%3:01:00::
d003.s010.t018	parliament%1:14:00::
d003.s010.t019	vice_president%1:18:00::
d003.s010.t020	european%3:01:00::
d003.s010.t021	parliament%1:14:00::
d003.s010.t022	economic%3:01:01::
d003.s010.t023	social%3:01:00::
d003.s010.t024	committee%1:14:00::
d003.s011.t001	case_study%1:10:00::;case_study%1:04:00::
d003.s011.t002	national%3:00:00::;national%3:00:01::;national%3:01:00::
d003.s011.t003	report%1:10:03::
d003.s011.t004	contain%2:42:00::
d003.s011.t005	portfolio%1:14:00::
d003.s011.t006	initiative%1:04:00::
d003.s011.t007	present%2:32:00::
d003.s011.t008	policy%1:09:00::
d003.s011.t009	practice%1:04:00::
d003.s011.t010	improve%2:30:01::
d003.s011.t011	recruitment%1:04:00::
d003.s011.t012	training%1:04:00::
d003.s011.t013	development%1:04:01::
d003.s011.t014	age%2:30:01::
d003.s011.t015	worker%1:18:00::
d003.s011.t016	work%1:04:01::
d003.s011.t017	place%1:15:04::;place%1:15:00::
d003.s011.t018	community%1:14:00::
d003.s012.t001	country%1:15:00::;country%1:14:00::
d003.s012.t002	initiative%1:04:00::
d003.s012.t003	select%2:31:00::
d003.s012.t004	further%5:00:00:far:00
d003.s012.t005	depth%1:07:01::;depth%1:07:02::
d003.s012.t006	case_study%1:10:00::;case_study%1:04:00::
d003.s013.t001	case_study%1:10:00::;case_study%1:04:00::
d003.s013.t002	analyse%2:31:04::;analyse%2:31:00::
d003.s013.t003	background%1:26:00::;background%1:09:01::
d003.s013.t004	initiative%1:04:00::
d003.s013.t005	impact%1:19:00::;impact%1:04:00::
d003.s013.t006	employment%1:04:02::
d003.s013.t007	pattern%1:09:01::;pattern%1:04:00::
d003.s013.t008	work%1:04:00::
d003.s013.t009	organisation%1:14:01::
d003.s013.t010	assess%2:31:00::
d003.s013.t011	benefit%1:07:00::
d003.s013.t012	problem%1:26:00::
d003.s013.t013	initiative%1:04:00::
d003.s014.t001	visit%1:04:01::
d003.s014.t002	interview%1:10:01::
d003.s014.t003	key%5:00:00:important:00
d003.s014.t004	personnel%1:14:00::
d003.s014.t005	also%4:02:00::
d003.s014.t006	undertake%2:41:01::;undertake%2:36:00::
d003.s015.t001	national%3:00:00::;national%3:00:01::;national%3:01:00::
d003.s015.t002	study%1:04:00::
d003.s015.t003	form%2:42:00::
d003.s015.t004	basis%1:24:01::
d003.s015.t005	european%3:01:00::
d003.s015.t006	report%1:10:03::
d003.s015.t007	synthesise%2:31:00::
d003.s015.t008	overall%5:00:00:general:00;overall%5:00:00:gross:00
d003.s015.t009	practice%1:04:00::
d003.s016.t001	report%1:10:03::
d003.s016.t002	casebook%1:10:00::
d003.s016.t003	initiative%1:04:00::
d003.s016.t004	publish%2:36:01::;publish%2:32:00::
d003.s016.t005	provide%2:34:00::
d003.s016.t006	conference%1:14:00::
d003.s016.t007	stage%2:36:01::
d003.s016.t008	autumn%1:28:00::
d003.s017.t001	foundation%1:14:00::
d003.s017.t002	aim%2:31:01::
d003.s017.t003	document%2:32:00::
d003.s017.t004	characteristic%1:07:00::;characteristic%1:09:00::
d003.s017.t005	age%1:07:00::
d003.s017.t006	barrier%1:09:00::
d003.s017.t007	job%1:04:00::
d003.s017.t008	recruitment%1:04:00::
d003.s017.t009	training%1:04:00::
d003.s017.t010	analyse%2:31:04::;analyse%2:31:00::
d003.s017.t011	cause%1:11:00::
d003.s018.t001	perspective%1:09:00::
d003.s018.t002	social%3:01:00::
d003.s018.t003	also%4:02:00::
d003.s018.t004	examine%2:31:00::;examine%2:32:01::
d003.s018.t005	particular%5:00:00:uncommon:00
d003.s018.t006	attention%1:09:00::
d003.s018.t007	pay%2:32:00::pay%2:31:00::
d003.s018.t008	proposal%1:10:00::
d003.s018.t009	remove%2:40:00::;remove%2:30:00::
d003.s018.t010	age%1:07:00::
d003.s018.t011	barrier%1:09:00::
d003.s019.t001	thirdly%4:02:00::
d003.s019.t002	project%1:09:00::
d003.s019.t003	assess%2:31:00::
d003.s019.t004	initiative%1:04:00::
d003.s019.t005	public%5:00:00:common:02;public%3:00:00::
d003.s019.t006	private%5:00:00:personal:00
d003.s019.t007	sector%1:14:00::
d003.s019.t008	age%1:07:00::
d003.s019.t009	barrier%1:09:00::
d003.s019.t010	especially%4:02:00::
d003.s019.t011	old%3:00:02::;old%5:00:00:experienced:00
d003.s019.t012	worker%1:18:00::
d003.s020.t001	seek%2:35:00::
d003.s020.t002	alternative%1:09:00::
d003.s020.t003	early%3:00:00::
d003.s020.t004	retirement%1:26:00::
d003.s020.t005	redundancy%1:07:00::
d003.s020.t006	project%1:09:00::
d003.s020.t007	primarily%4:02:01::;primarily%4:02:00::
d003.s020.t008	concern%2:42:00::
d003.s020.t009	retention%1:04:00::
d003.s020.t010	reintegrate%2:30:00::
d003.s020.t011	retrain%2:31:00::;retrain%2:31:01::
d003.s020.t012	old%3:00:02::;old%5:00:00:experienced:00
d003.s020.t013	worker%1:18:00::
d003.s021.t001	gender%1:07:00::
d003.s021.t002	ethnic%5:00:00:social:00
d003.s021.t003	background%1:07:00::
d003.s021.t004	worker%1:18:00::
d003.s021.t005	relate%2:31:00::
d003.s021.t006	age%1:07:00::;age%1:28:00::
d003.s021.t007	discrimination%1:04:00::
d003.s021.t008	examine%2:31:00::;examine%2:32:01::
d003.s022.t001	project%1:09:00::
d003.s022.t002	also%4:02:00::
d003.s022.t003	consider%2:32:02::;consider%2:39:00::;consider%2:31:01::
d003.s022.t004	initiative%1:04:00::
d003.s022.t005	age%1:07:00::
d003.s022.t006	discrimination%1:04:00::
d003.s022.t007	rural_area%1:15:00::
d003.s022.t008	small%5:00:00:limited:00
d003.s022.t009	enterprise%1:14:00::
d003.s023.t001	member%1:14:00::
d003.s023.t002	state%1:14:00::
d003.s023.t003	cover%2:42:02::
d003.s023.t004	project%1:09:00::
d003.s023.t005	united%3:00:00::
d003.s023.t006	kingdom%1:15:01::;kingdom%1:14:01::
d004.s001.t001	document%1:10:00::
d004.s001.t002	summary%1:10:00::
d004.s001.t003	european%3:01:00::
d004.s001.t004	public%3:00:00::
d004.s001.t005	assessment%1:09:00::
d004.s001.t006	report%1:10:03::
d004.s002.t001	explain%2:32:01::;explain%2:32:00::
d004.s002.t002	committee%1:14:00::
d004.s002.t003	medicinal%5:00:00:healthful:00
d004.s002.t004	product%1:06:00::
d004.s002.t005	veterinary%1:18:00::
d004.s002.t006	use%1:04:00::
d004.s002.t007	assess%2:31:00::
d004.s002.t008	study%1:04:00::
d004.s002.t009	perform%2:36:00::
d004.s002.t010	reach%2:38:06::
d004.s002.t011	recommendation%1:10:00::
d004.s002.t012	use%2:34:01::;use%2:34:02::
d004.s002.t013	medicine%1:06:00::
d004.s004.t001	contain%2:42:00::
d004.s004.t002	active%3:00:07::
d004.s004.t003	substance%1:03:00::;substance%1:03:01::;substance%1:27:00::
d004.s004.t004	available%3:00:00::
d004.s004.t005	tablet%1:06:00::
d004.s004.t006	solution%1:27:00::
d004.s004.t007	injection%1:04:01::
d004.s005.t001	tablet%1:06:00::
d004.s005.t002	have%2:40:00::;have%2:42:00::
d004.s005.t003	score%1:25:00::
d004.s005.t004	line%1:25:01::;line%1:10:01::
d004.s005.t005	side%1:08:00::;side%1:06:00::;side%1:15:00::
d004.s005.t006	so%4:02:03::
d004.s005.t007	halve%2:31:00::
d004.s006.t001	tablet%1:06:00::
d004.s006.t002	mark%2:35:01::
d004.s006.t003	logo%1:10:00::
d004.s006.t004	side%1:08:00::;side%1:06:00::;side%1:15:00::
d004.s006.t005	letter%1:10:01::
d004.s006.t006	quantity%1:03:00::
d004.s006.t007	other%3:00:00::
d004.s006.t008	side%1:08:00::;side%1:06:00::;side%1:15:00::
d004.s007.t001	use%2:34:01::;use%2:34:02::
d004.s008.t001	antiemetic%1:06:00::
d004.s008.t002	mean%2:32:01::;mean%2:32:03::
d004.s008.t003	stop%2:38:01::;stop%2:41:00::
d004.s008.t004	vomit%2:29:00::
d004.s009.t001	use%2:34:01::;use%2:34:02::
d004.s009.t002	dog%1:05:00::
d004.s009.t003	prevent%2:41:01::;prevent%2:41:00::
d004.s009.t004	vomit%2:29:00::
d004.s009.t005	vomit%2:29:00::
d004.s009.t006	cause%2:36:00::
d004.s009.t007	chemotherapy%1:04:00::
d004.s009.t008	medicine%1:06:00::
d004.s009.t009	use%2:34:01::;use%2:34:02::
d004.s009.t010	treatment%1:04:00::
d004.s009.t011	cancer%1:26:00::
d004.s009.t012	know%2:31:02::
d004.s009.t013	cause%2:36:00::
d004.s009.t014	vomit%2:29:00::
d004.s010.t001	combination%1:14:00::
d004.s010.t002	supportive%3:00:00::
d004.s010.t003	measure%1:04:01::
d004.s010.t004	other%3:00:00::
d004.s010.t005	veterinary%3:01:00::
d004.s010.t006	treatment%1:04:00::
d004.s010.t007	special%5:00:00:specialized:00;special%5:00:01:specific:00
d004.s010.t008	diet%1:13:00::
d004.s010.t009	also%4:02:00::
d004.s010.t010	use%2:34:01::;use%2:34:02::
d004.s010.t011	treatment%1:04:00::
d004.s010.t012	vomiting%1:04:00::
d004.s010.t013	injection%1:04:01::
d004.s010.t014	injection%1:04:01::
d004.s010.t015	follow%2:42:03::
d004.s010.t016	tablet%1:06:00::
d004.s011.t001	purpose%1:09:00::
d004.s011.t002	give%2:40:13::
d004.s011.t003	day%1:28:02::
d004.s013.t001	block%2:41:00::;block%2:41:01::
d004.s013.t002	receptor%1:08:01::
d004.s013.t003	act%2:41:00::
d004.s013.t004	central_nervous_system%1:08:00::
d004.s014.t001	study%2:31:02::
d004.s015.t001	large_number%1:23:00::
d004.s015.t002	study%1:04:00::
d004.s015.t003	carry_out%2:36:00::;carry_out%2:30:00::
d004.s015.t004	laboratory%1:06:00::
d004.s015.t005	dog%1:05:00::
d004.s015.t006	patient%1:18:00::
d004.s015.t007	veterinary%3:01:00::
d004.s015.t008	several%5:00:00:some:00
d004.s015.t009	european_country%1:15:00::
d004.s016.t001	benefit%1:07:00::
d004.s016.t002	show%2:32:00::;show%2:31:00::
d004.s016.t003	study%1:04:00::
d004.s017.t001	result%1:11:00::;result%1:19:00::
d004.s017.t002	study%1:04:00::
d004.s017.t003	show%2:32:00::;show%2:31:00::
d004.s017.t004	more%4:02:00::
d004.s017.t005	effective%3:00:00::;effective%5:00:00:efficacious:00
d004.s017.t006	placebo%1:06:00::
d004.s017.t007	less%3:00:00::
d004.s017.t008	vomiting%1:04:00::
d004.s017.t009	see%2:32:00::;see%2:31:03::
d004.s017.t010	dog%1:05:00::
d004.s017.t011	receive%2:39:03::
d004.s017.t012	medicine%1:06:00::
d004.s017.t013	dog%1:05:00::
d004.s017.t014	receive%2:39:03::
d004.s017.t015	placebo%1:06:00::
d004.s017.t016	treatment%1:04:00::
d004.s017.t017	prevention%1:04:00::
d004.s017.t018	vomiting%1:04:00::
d004.s018.t001	treatment%1:04:00::
d004.s018.t002	vomiting%1:04:00::
d004.s018.t003	dog%1:05:00::
d004.s018.t004	start%2:41:04::
d004.s018.t005	injection%1:04:01::
d004.s018.t006	vomiting%1:04:00::
d004.s018.t007	animal%1:03:00::
d004.s018.t008	not%4:02:00::
d004.s018.t009	able%5:00:00:capable:00;able%3:00:00::
d004.s018.t010	tablet%1:06:00::
d004.s018.t011	intact%5:00:00:undamaged:00;intact%5:00:00:whole:00
d004.s018.t012	tablet%1:06:00::
d004.s018.t013	again%4:02:00::
d004.s019.t001	follow-up%1:04:01::;follow-up%1:04:00::
d004.s019.t002	treatment%1:04:00::
d004.s019.t003	owner%1:18:02::
d004.s019.t004	administer%2:29:00::
d004.s019.t005	tablet%1:06:00::
d004.s019.t006	dog%1:05:00::
d004.s020.t001	also%4:02:00::
d004.s020.t002	treatment%1:04:00::
d004.s020.t003	vomiting%1:04:00::
d004.s020.t004	only%4:02:01::
d004.s020.t005	together_with%4:02:00::
d004.s020.t006	other%3:00:00::
d004.s020.t007	supportive%3:00:00::
d004.s020.t008	measure%1:04:01::
d004.s020.t009	other%3:00:00::
d004.s020.t010	veterinary%3:01:00::
d004.s020.t011	therapy%1:04:00::
d004.s020.t012	address%2:34:00::
d004.s020.t013	underlie%2:42:00::
d004.s020.t014	cause%1:11:00::
d004.s020.t015	vomiting%1:04:00::
d004.s021.t001	risk%1:26:00::
d004.s021.t002	associate%2:31:00::
d004.s022.t001	generally%4:02:01::;generally%4:02:02::
d004.s022.t002	well%4:02:00::
d004.s022.t003	tolerate%2:39:00::
d004.s022.t004	administer%2:29:00::
d004.s022.t005	daily%4:02:00::
d004.s022.t006	dosage%1:06:00::
d004.s022.t007	time%1:11:00::
d004.s022.t008	recommend%2:32:01::
d004.s022.t009	dose%1:06:00::
d004.s022.t010	extended%5:00:00:long:02
d004.s022.t011	period_of_time%1:28:00::
d004.s022.t012	time%1:11:00::
d004.s022.t013	maximum%3:00:00::
d004.s022.t014	duration%1:28:02::;duration%1:07:00::
d004.s022.t015	treatment%1:04:00::
d004.s023.t001	precaution%1:04:00::
d004.s023.t002	person%1:03:00::
d004.s023.t003	give%2:40:13::
d004.s023.t004	medicine%1:06:00::
d004.s023.t005	come_into%2:40:00::
d004.s023.t006	contact%1:04:00::;contact%1:26:00::
d004.s023.t007	animal%1:03:00::
d004.s024.t001	not%4:02:00::
d004.s024.t002	represent%2:42:00::
d004.s024.t003	particular%5:00:00:uncommon:00;particular%5:00:02:specific:00
d004.s024.t004	risk%1:26:00::
d004.s024.t005	people%1:14:03::;people%1:14:00::
