Italian	English	Spanish	Universal ID	Spanish ID	English ID	Italian ID
Questo documento è la sintesi di una relazione pubblica di valutazione europea ( EPAR ) .	This document is a summary of the European Public Assessment Report ( EPAR ) .	En el presente documento se resume el Informe Público Europeo de Evaluación ( EPAR ) .	d001.s001	d001.s001	d001.s001	d001.s001
L EPAR descrive il modo in cui il comitato per i medicinali per uso umano ( CHMP ) ha valutato gli studi scientifici effettuati e ha formulato le raccomandazioni su come usare il medicinale .	It explains how the Committee for Medicinal Products for Human Use ( CHMP ) assessed the studies performed , to reach their recommendations on how to use the medicine .	En él se explica cómo el Comité de Medicamentos de Uso Humano ( CHMP ) ha evaluado los estudios realizados con el medicamento a fin de emitir unas recomendaciones sobre su uso .	d001.s002	d001.s002	d001.s002	d001.s002
Per maggiori informazioni riguardanti le proprie condizioni di salute o la terapia , leggere il foglio illustrativo ( allegato all EPAR ) oppure consultare il medico o il farmacista .	If you need more information about your medical condition or your treatment , read the Package Leaflet ( also part of the EPAR ) or contact your doctor or pharmacist .	Si desea más información sobre su enfermedad o el tratamiento de la misma , le aconsejamos que lea el prospecto ( incluido en el EPAR ) o pregunte a su médico o su farmacéutico .	d001.s003	d001.s003	d001.s003	d001.s003
Per maggiori informazioni riguardo alle motivazioni delle raccomandazioni del CHMP , leggere la discussione scientifica ( anch essa allegato all EPAR ) .	If you want more information on the basis of the CHMP recommendations , read the Scientific Discussion ( also part of the EPAR ) .	Si desea más información sobre el fundamento en el que se han basado las recomendaciones del CHMP , le aconsejamos que lea el Debate Científico ( también incluido en el EPAR ) .	d001.s004	d001.s004	d001.s004	d001.s004
Che cos è Alimta ?	What is Alimta ?	¿Qué es Alimta ?	d001.s005	d001.s005	d001.s005	d001.s005
Alimta è una polvere da ricostituire in soluzione per infusione ( iniezione goccia a goccia in vena ) .	Alimta is a powder that is made up into a solution for infusion ( drip into a vein ) .	Alimta es un polvo con el que se prepara una solución para perfusión ( goteo en vena ) .	d001.s006	d001.s006	d001.s006	d001.s006
Contiene il principio attivo pemetrexed .	It contains the active substance pemetrexed .	Contiene el principio activo pemetrexed .	d001.s007	d001.s007	d001.s007	d001.s007
Per che cosa si usa Alimta ?	What is Alimta used for ?	¿Para qué se utiliza Alimta ?	d001.s008	d001.s008	d001.s008	d001.s008
Alimta è indicato nel trattamento di due tipi di tumore : il mesotelioma pleurico ( tumore della membrana che riveste i polmoni , generalmente provocato dall esposizione all amianto ) .	Alimta is used to treat two types of cancer : pleural mesothelioma ( cancer of the lining of the lungs that is usually caused by exposure to asbestos ) .	Alimta está indicado para el tratamiento de dos tipos de cáncer : mesotelioma pleural ( cáncer del revestimiento de los pulmones causado generalmente por la exposición al amianto ) .	d001.s009	d001.s009	d001.s009	d001.s009
Alimta è utilizzato in combinazione con cisplatino ( un altro farmaco antitumorale ) quando il tumore non è asportabile ( non può essere asportato con il solo intervento chirurgico ) ed è maligno ( si è diffuso , o è probabile si diffonda facilmente , ad altre parti del corpo ) , in pazienti che non sono stati sottoposti in precedenza a chemioterapia il carcinoma polmonare non a piccole cellule in stadio avanzato o metastatico che non interessa le cellule squamose .	Alimta is used together with cisplatin ( another anticancer medicine ) when the cancer is unresectable ( cannot be removed by surgery alone ) and malignant ( has spread , or is likely to spread easily , to other parts of the body ) , in patients who have not received chemotherapy ( medicines for cancer ) before advanced or metastatic non-small cell lung cancer that is not affecting the squamous cells .	Alimta se administra en combinación con cisplatino ( otro medicamento contra el cáncer ) cuando el tumor « no es resecable » ( no puede extirparse sólo mediante cirugía ) y es « maligno » ( se ha extendido , o es probable que se extienda fácilmente , a otras partes del cuerpo ) , en pacientes que no han recibido quimioterapia ( medicamentos contra el cáncer ) previamente , cáncer de pulmón « no microcítico » avanzado o metastásico que no afecte a las células « escamosas » .	d001.s010	d001.s010	d001.s010	d001.s010
Alimta è usato in associazione con cisplatino in pazienti non trattati in passato e da solo in pazienti che in passato sono stati sottoposti ad un altro tipo di chemioterapia .	Alimta is used in combination with cisplatin in patients who have not been treated before , and on its own in patients who have received another type of chemotherapy in the past .	Alimta se utiliza en combinación con cisplatino en pacientes que no han sido tratados previamente y en monoterapia en pacientes que han sido tratado previamente con otros tipos de quimioterapia .	d001.s011	d001.s011	d001.s011	d001.s011
Il medicinale può essere ottenuto soltanto con prescrizione medica .	The medicine can only be obtained with a prescription .	Este medicamento sólo podrá dispensarse con receta médica .	d001.s012	d001.s012	d001.s012	d001.s012
Come si usa Alimta ?	How is Alimta used ?	¿Cómo se usa Alimta ?	d001.s013	d001.s013	d001.s013	d001.s013
Alimta deve essere somministrato solamente sotto la supervisione di un medico qualificato per l uso della chemioterapia antitumorale .	Alimta should only be given under the supervision of a doctor who is qualified in the use of anticancer chemotherapy .	Alimta sólo debe administrarse bajo la supervisión de un médico cualificado en el uso de quimioterapia contra el cáncer .	d001.s014	d001.s014	d001.s014	d001.s014
La dose raccomandata di Alimta è di 500 mg per metro quadrato di superficie corporea ( calcolata utilizzando l altezza e il peso del paziente ) da somministrare per infusione endovenosa in 10 minuti una volta ogni tre settimane .	The recommended dose of Alimta is 500 mg per square metre of body surface area ( calculated using the patient s height and weight ) . It is given once every three weeks as an intravenous infusion lasting 10 minutes .	La dosis recomendada de Alimta es de 500 mg por metro cuadrado de superficie corporal ( calculada a partir de la estatura y el peso del paciente ) . Se administra una vez cada tres semanas por perfusión intravenosa durante 10 minutos .	d001.s015	d001.s015;d001.s016	d001.s015;d001.s016	d001.s015
Per ridurre gli effetti indesiderati , i pazienti devono assumere un corticosteroide e acido folico ( un tipo di vitamina ) e ricevere iniezioni di vitamina B12 durante il trattamento con Alimta .	To reduce side effects , patients should take a corticosteroid and folic acid ( a type of vitamin ) , and receive injections of vitamin B12 during treatment with Alimta .	Con el fin de reducir los efectos secundarios , los pacientes deben recibir un corticosteroide y ácido fólico ( un tipo de vitamina ) , así como inyecciones de vitamina B12 durante el tratamiento con Alimta .	d001.s016	d001.s017	d001.s017	d001.s016
Quando Alimta è somministrato con cisplatino , i pazienti devono assumere un farmaco antiemetico ( per prevenire il vomito ) e ricevere un adeguata idratazione ( per prevenire la disidratazione ) prima o dopo l assunzione di cisplatino .	When Alimta is given with cisplatin , an anti-emetic medicine ( to prevent vomiting ) and fluids ( to prevent dehydration ) should also be given before or after the cisplatin dose .	Cuando Alimta se utiliza conjuntamente con cisplatino , hay que administrar además un medicamento « antiemético » ( para evitar los vómitos ) y líquidos ( para evitar la deshidratación ) antes o después de la dosis de cisplatino .	d001.s017	d001.s018	d001.s018	d001.s017
Il trattamento deve essere posticipato o interrotto , o la dose deve essere ridotta , nei pazienti con alterazioni nelle conte ematiche o che riportano altri effetti indesiderati .	Treatment should be delayed or discontinued , or the dose reduced , in patients whose blood counts are abnormal or who have certain other side effects .	Será necesario retrasar o suspender el tratamiento , o reducir la dosis , en pacientes que presenten alteraciones en los recuentos sanguíneos o determinados efectos secundarios .	d001.s018	d001.s019	d001.s019	d001.s018
L impiego di Alimta è sconsigliato nei pazienti con insufficienza renale grave o moderata .	Alimta is not recommended for use in patients with moderate or severe kidney problems .	No se recomienda administrar Alimta a pacientes con problemas renales moderados o graves .	d001.s019	d001.s020	d001.s020	d001.s019
Per maggiori informazioni , si rimanda al Riassunto delle caratteristiche del prodotto , anch esso allegato all EPAR .	For more information , see the Summary of Product Characteristics ( also part of the EPAR ) .	Si desea más información , consulte el Resumen de las Características del Producto , que también forma parte del EPAR .	d001.s020	d001.s021	d001.s021	d001.s020
Come agisce Alimta ?	How does Alimta work ?	¿Cómo actúa Alimta ?	d001.s021	d001.s022	d001.s022	d001.s021
Il principio attivo di Alimta , pemetrexed , è un medicinale citotossico ( medicinale che uccide le cellule in attiva divisione , come le cellule tumorali ) , che appartiene al gruppo degli antimetaboliti .	The active substance in Alimta , pemetrexed , is a cytotoxic medicine ( a medicine that kills cells that are dividing , such as cancer cells ) , which belongs to the group antimetabolites .	El principio activo de Alimta , el pemetrexed , es un medicamento citotóxico ( un medicamento que destruye las células que están en fase de división , como las cancerosas ) que pertenece al grupo de los « antimetabolitos » .	d001.s022	d001.s023	d001.s023	d001.s022
Nell organismo , pemetrexed viene trasformato in una forma attiva che blocca l attività degli enzimi coinvolti nella produzione dei nucleotidi ( gli elementi costitutivi di DNA e RNA , il materiale genetico delle cellule ) .	In the body , pemetrexed is converted into an active form that blocks the activity of the enzymes that are involved in producing nucleotides ( the building blocks of DNA and RNA , the genetic material of cells ) .	En el organismo , el pemetrexed se convierte en una forma activa que bloquea la actividad de las enzimas que participan en la producción de « nucleótidos » ( elementos esenciales del ADN y el ARN , el material genético de las células ) .	d001.s023	d001.s024	d001.s024	d001.s023
Quali studi sono stati effettuati su Alimta ?	How has Alimta been studied ?	¿Qué tipo de estudios se han realizado con Alimta ?	d001.s024	d001.s025	d001.s025	d001.s024
Per il trattamento del mesotelioma pleurico maligno , Alimta è stato esaminato nell ambito di uno studio principale condotto su 456 pazienti che non erano stati sottoposti a chemioterapia in precedenza .	For the treatment of malignant pleural mesothelioma , Alimta has been studied in one main study in 456 patients who had not received chemotherapy for their disease before .	Por lo que se refiere al tratamiento del mesotelioma pleural maligno , Alimta ha sido evaluado en un estudio principal realizado en 456 pacientes que no habían recibido quimioterapia anteriormente .	d001.s025	d001.s026	d001.s026	d001.s025
Gli effetti di Alimta somministrato in combinazione con cisplatino sono stati confrontati con quelli di cisplatino in monoterapia .	The effects of Alimta in combination with cisplatin were compared with those of cisplatin alone .	Se compararon los efectos de Alimta en combinación con cisplatino con los efectos del cisplatino administrado en solitario .	d001.s026	d001.s027	d001.s027	d001.s026
Per il trattamento del carcinoma polmonare non a piccole cellule , gli effetti di Alimta sono stati confrontati con quelli di docetaxel ( un altro farmaco antitumorale ) in uno studio condotto su 571 pazienti con tumore in fase avanzata o metastatica , già sottoposti in precedenza a chemioterapia .	For the treatment of non-small cell lung cancer , the effects of Alimta were compared with those of docetaxel ( another anticancer medicine ) in one study involving 571 patients with locally advanced or metastatic disease who had received chemotherapy in the past .	En cuanto al tratamiento del cáncer de pulmón no microcítico , se compararon los efectos de Alimta con los del docetaxel ( otro medicamento contra el cáncer ) en un estudio realizado en 571 pacientes con enfermedad localmente avanzada o metastásica que habían recibido quimioterapia previamente .	d001.s027	d001.s028	d001.s028	d001.s027
Alimta è stato anche confrontato con gemcitabina ( altro medicinale antitumorale ) , entrambi in associazione con cisplatino , in uno studio su 1.725 pazienti che in passato non erano mai stati sottoposti a chemioterapia per tumore polmonare .	Alimta was also compared with gemcitabine ( another anticancer medicine ) , both in combination with cisplatin , in a study involving 1,725 patients who had not received chemotherapy for lung cancer in the past .	Alimta también se comparó con gemcitabina ( otro medicamento contra el cáncer ) , ambos en combinación con cisplatino , en un estudio con 1.725 pacientes que no habían recibido quimioterapia contra el cáncer de pulmón previamente .	d001.s028	d001.s029	d001.s029	d001.s028
In tutti e tre gli studi , il principale indicatore dell efficacia era il tempo di sopravvivenza dei pazienti .	In all three studies , the main measure of effectiveness was how long the patients survived .	En los tres estudios , el criterio principal de valoración de la eficacia fue el tiempo de supervivencia de los pacientes .	d001.s029	d001.s030	d001.s030	d001.s029
Quali benefici ha mostrato Alimta nel corso degli studi ?	What benefit has Alimta shown during the studies ?	¿Qué beneficio ha demostrado tener Alimta durante los estudios ?	d001.s030	d001.s031	d001.s031	d001.s030
Alimta ha aumentato il tempo di sopravvivenza dei pazienti affetti da mesotelioma pleurico maligno .	Alimta increased the survival time of patients with malignant pleural mesothelioma .	Alimta prolongó el tiempo de supervivencia de los pacientes con mesotelioma pleural maligno .	d001.s031	d001.s032	d001.s032	d001.s031
I soggetti a cui è stato somministrato Alimta in combinazione con cisplatino sono sopravvissuti in media 12,1 mesi , rispetto ai 9,3 mesi dei pazienti che hanno assunto cisplatino in monoterapia .	Patients receiving Alimta and cisplatin survived for an average of 12.1 months , compared with 9.3 months in those receiving cisplatin alone .	Los pacientes que recibieron Alimta y cisplatino sobrevivieron una media de 12,1 meses , mientras que la supervivencia de los enfermos tratados sólo con cisplatino fue de 9,3 meses .	d001.s032	d001.s033	d001.s033	d001.s032
Nel trattamento dei pazienti con carcinoma polmonare non a piccole cellule , Alimta si è rivelato tanto efficace quanto i comparatori .	In the treatment of patients with non-small cell lung cancer , Alimta was as effective as the comparators .	En el tratamiento de pacientes con cáncer de pulmón no microcítico , Alimta fue tan efectivo como los medicamentos de comparación .	d001.s033	d001.s034	d001.s034	d001.s033
Nei pazienti che in passato erano stati sottoposti a chemioterapia , il tempo di sopravvivenza medio è stato di 8,3 mesi con Alimta , contro 7,9 con docetaxel .	In patients who had received chemotherapy in the past , the average survival time was 8.3 months with Alimta , compared with 7.9 months with docetaxel .	En los pacientes que habían recibido quimioterapia previamente , el tiempo medio de supervivencia fue de 8,3 meses con Alimta frente a 7,9 meses con docetaxel .	d001.s034	d001.s035	d001.s035	d001.s034
Nei pazienti che in passato non erano stati sottoposti a chemioterapia , il tempo di sopravvivenza medio è stato di 10,3 mesi in entrambi i gruppi .	In patients who had not received chemotherapy in the past , the average survival time was 10.3 months in both groups .	En pacientes que no habían recibido previamente quimioterapia , el tiempo medio de supervivencia fue de 10,3 meses en ambos grupos .	d001.s035	d001.s036	d001.s036	d001.s035
Tuttavia , in entrambi gli studi i pazienti il cui tumore non interessava cellule squamose hanno riportato tempi di sopravvivenza più lunghi se trattati con Alimta che se trattati con il comparatore .	However , in both studies , patients whose cancer was not affecting squamous cells had longer survival times if they received Alimta than if they received the comparator .	No obstante , los pacientes de ambos estudios cuyo cáncer no afectaba a las células escamosas presentaban un mayor tiempo de supervivencia cuando recibían Alimta que cuando recibían el medicamento de comparación .	d001.s036	d001.s037	d001.s037	d001.s036
Invece , i pazienti il cui tumore interessava cellule squamose hanno riportato tempi di sopravvivenza più brevi se trattati con Alimta . kalgebra è una calcolatrice matematica basata sul linguaggio MathML .	In contrast , patients whose cancer was affecting squamous cells had shorter survival times if they received Alimta . kalgebra is a mathematical calculator based on content markup MathML language .	Por el contrario , los pacientes cuyo cáncer estaba afectando a las células escamosas presentaron tiempos de supervivencia más breve si se les trataba con Alimta . kalgebra es una calculadora matemática basada en el lenguaje de marcado MathML .	d001.s037	d001.s038;d002.s001	d001.s038;d002.s001	d001.s037;d002.s001
Può eseguire semplici operazioni ( aritmetiche e logiche ) in MathML e può rappresentare grafici 2D e 3D .	Nowadays it is capable to make simple MathML operations ( arithmetic and logical ) and to representate 2D and 3D graphs .	Hoy en día es capaz de realizar operaciones simples ( aritméticas y lógicas ) usando MathML y de representarlas en gráficas de dos y tres dimensiones .	d001.s038	d002.s002	d002.s002	d002.s002
Non è necessario conoscere MathML per usare kalgebra . kalgebra è una calcolatrice grafica basata sul linguaggio MathML .	It is actually not necessary to know MathML to use kalgebra . kalgebra is a MathML based graph calculator .	No es necesario conocer MathML para usar kalgebra . kalgebra es una calculadora gráfica basada en MathML .	d001.s039	d002.s003;d002.s004	d002.s003;d002.s004	d002.s003;d002.s004
Anche se inizialmente era orientata all' uso usando MathML , può essere usata da chiunque con un minimo di conoscenza matematica .	Although it was initially MathML oriented it can now be used by everyone with little mathematical knowledge .	Aunque en un principio estuvo orientado a MathML , actualmente puede ser usado por cualquier persona , aunque posea pocos conocimientos matemáticos .	d001.s040	d002.s005	d002.s005	d002.s005
Immagine della finestra principale di kalgebra . Finestra principale di kalgebra . La finestra principale di kalgebra è composta da una scheda Console , una scheda 2D , una scheda 3D e una scheda Dizionario .	Here 's a screenshot of kalgebra main window . kalgebra main window . kalgebra main window consists in a Console tab , a 2D Graph tab , a 3D Graph tab and a Dictionary tab .	Aquí se muestra una captura de la ventana principal de kalgebra . Ventana principal de kalgebra . La ventana principal de kalgebra consta de cuatro pestañas : Consola , Gráfica 2D , Gráfica 3D y Diccionario .	d001.s041	d002.s006;d002.s007;d002.s008	d002.s006;d002.s007;d002.s008	d002.s006;d002.s007;d002.s008
Sotto queste schede si trova un campo di inserimento per scrivere le funzioni o fare calcoli .	Below these tabs you will find an input field to type your functions or do your calculations .	Bajo estas pestañas encontrará un campo de entrada donde podrá introducir sus funciones o realizar sus cálculos .	d001.s042	d002.s009	d002.s009	d002.s009
Se vogliamo capire come funziona , la cosa migliore da fare è comprendere che ciò che viene inserito è convertito in MathML , anche se non è necessario conoscere MathML .	If we want to understand how it works , the best thing we can do is to realize that our input is being converted into MathML although it is not necessary to know MathML .	Para entender cómo funciona , conviene comprender que lo que introducimos está siendo convertido a MathML , aunque no es necesario conocer MathML .	d001.s043	d002.s010	d002.s010	d002.s010
Ho basato la sintassi praticamente sul senso comune , e non dovrebbe essere difficile .	I have based the syntax basically on common sense , it should not be hard for anyone .	He basado la sintaxis en el sentido común , por lo que debería ser asequible para todos .	d001.s044	d002.s011	d002.s011	d002.s011
Ho dato un' occhiata alla sintassi di Maxima e di Maple , in modo da esserne abbastanza simile . + - * / : addizione , sottrazione , moltiplicazione e divisione . ^ , ** : elevamento a potenza , puoi usare entrambi .	I ve looked closely to maxima and maple s syntax so they look very similar . + - * / : Addition , subtraction , multiplication and division . ^ , ** : Power , you can use them both .	He tenido también en cuenta las sintaxis de Maxima y Maple , por lo que es muy similar a estas . + - * / : suma , resta , multiplicación y división . ^ , ** : potencia , puede usar cualquiera de las dos formas .	d001.s045	d002.s012;d002.s013;d002.s014	d002.s012;d002.s013;d002.s014	d002.s012;d002.s013;d002.s014
È anche possibile usare il carattere Unicode ² .	Also it is possible to use the unicode ² characters .	Asimismo , puede usar los caracteres unicode ² .	d001.s046	d002.s015	d002.s015	d002.s015
Con gli elevamenti a potenza è anche possibile effettuare radici . -gt : È il modo di specificare la variabile vincolata in una funzione . ( ) : usato per specificare una priorità più alta . abc(parametri) : Quando l' analizzatore trova una funzione , controlla se « abc » è un operatore .	Powers are one way to make roots too . -gt : It s the way to specify the bounded variable in a function . ( ) : It is used to specify a higher priority . abc(params) : When the parser finds a function , it checks if abc is an operator .	Las potencias son también una forma de expresar raíces . -gt : Permite especificar la variable limitada en una función . ( ) : se usa para especificar una prioridad mayor . abc(parámetros) : Cuando el analizador sintáctico encuentra una función , comprueba si « abc » es un operador .	d001.s047	d002.s016;d002.s017;d002.s018;d002.s019	d002.s016;d002.s017;d002.s018;d002.s019	d002.s016;d002.s017;d002.s018;d002.s019
Se lo è , sarà trattato come un operatore se non lo è , sarà trattato come una funzione utente . : = : Usata per definire il valore di una variabile . ? : Definizione di condizione definita a tratti .	If it is , it will be treated as an operator , if it is not , it will be treated as a user function . : = : It is used to define a variable value . ? : Piecewise condition definition .	Si lo es , lo trata como un operador si no lo es , lo trata como una función de usuario . : = : Se usa para definir el valor de una variable . ? : definición de condiciones en funciones definidas a trozos ( « piecewise » ) .	d001.s048	d002.s020;d002.s021;d002.s022	d002.s020;d002.s021;d002.s022	d002.s020;d002.s021;d002.s022
Una definizione " a tratti " è il modo in cui possiamo definire operazioni condizionali in kalgebra .	Piecewise is the way we can define conditional operations in kalgebra .	Permite definir operaciones condicionales en kalgebra .	d001.s049	d002.s023	d002.s023	d002.s023
Se introduciamo la condizione prima del « ? » , questa condizione sarà usata solo se è vera se viene trovato un « ? » senza condizione , verrà usato come ultima alternativa . { } : contenitore MathML ; Può essere usato per definire un contenitore .	If we introduce the condition before the ? it will use this condition only if it is true , if it finds a ? without any condition , it will enter in the last instance . { } : MathML container . It can be used to define a container .	Cuando introducimos la condición antes del símbolo « ? » , kalgebra utiliza esta condición solo si es verdadera en cambio , si encuentra un símbolo « ? » sin ninguna condición , toma en cuenta el último caso . { } : Puede usarse para definir un contenedor .	d001.s050	d002.s024;d002.s025	d002.s024;d002.s025;d002.s026	d002.s024;d002.s025
Utile principalmente per le funzioni definite a tratti .	Mainly useful for working with piecewise .	Es muy útil a la hora de trabajar con funciones definidas a trozos .	d001.s051	d002.s026	d002.s027	d002.s026
Adesso potresti chiedermi : perché l' utente dovrebbe conoscere MathML ? Semplice : con il MathML possiamo operare con funzioni come cos() , sin() ( e qualsiasi altra funzione trigonometrica ) , sum() o product() .	Now you could ask me , why should the user mind about MathML ? That s easy . With this , we can operate with functions like cos() , sin() , any other trigonometric functions , sum () or product () .	Ahora puede preguntarme por qué debería el usuario preocuparse por MathML . La respuesta es fácil . Con esto podremos realizar operaciones con funciones como cos() , sin() ( o cualquier otra función trigonométrica ) , sum() o product() .	d001.s052	d002.s027;d002.s028	d002.s028;d002.s029	d002.s027
Non importa che tipo di funzione sia .	It does not matter what kind it is .	No importa el tipo de función que sea .	d001.s053	d002.s029	d002.s030	d002.s028
Possiamo usare plus() , times() e qualunque cosa che ha un operatore . La console di kalgebra è utile come calcolatrice .	We can use plus() , times() and everything which has its operator . kalgebra 's console is useful as a calculator .	Podremos usar plus() , times() y cualquier cosa a la que le corresponda un operador . La consola de kalgebra es tan útil como una calculadora .	d001.s054	d002.s030;d002.s031	d002.s031;d002.s032	d002.s029;d002.s030
C è una lista delle variabili dichiarate .	There you have a list of the declared variables .	Aquí tiene una lista de las variables declaradas .	d001.s055	d002.s032	d002.s033	d002.s031
Facendo doppio clic su ognuna di esse puoi vedere una finestra di dialogo che ti permette di modificarne il valore ( un modo per ingannare il log ) .	By double clicking on them you will see a dialog that lets you change their values ( just a way to trick the log ) .	Si pulsa dos veces sobre una de ellas , le aparecerá un diálogo con el que podrá cambiar su valor ( es una forma de engañar al registro ) .	d001.s056	d002.s033	d002.s034	d002.s032
Ogni volta che inserisci un' espressione , il valore della variabile « ans » sarà modificato all' ultimo risultato .	Every time you enter an expression , the " ans " variable value will be changed to the last result .	Cada vez que introduzca una expresión , el valor de la variable « ans » cambiará para reproducir el último resultado .	d001.s057	d002.s034	d002.s035	d002.s033
Ctrl N Nuovo .	Ctrl N New Window .	Ctrl N Nuevo .	d001.s058	d002.s035	d002.s036	d002.s034
Pulisce la console .	Flushes the log .	Refresca el registro .	d001.s059	d002.s036	d002.s037	d002.s035
Ctrl C Carica script .	Ctrl L Load Script .	Ctrl L Cargar un guión .	d001.s060	d002.s037	d002.s038	d002.s036
Esegue le istruzioni presenti in un file .	Executes the instructions in a file sequentially .	Ejecuta las instrucciones en una archivo de forma secuencial .	d001.s061	d002.s038	d002.s039	d002.s037
Un buon metodo per creare " librerie " o riprendere un lavoro interrotto in precedenza .	Nice if you want to define some libraries or resume some previous work .	Es útil si lo que desea es definir una biblioteca o reanudar un trabajo anterior .	d001.s062	d002.s039	d002.s040	d002.s038
Ctrl S Salva script .	Ctrl G Save Script .	Ctrl G Guardar el guión .	d001.s063	d002.s040	d002.s041	d002.s039
Salva le istruzioni eseguite dall' inizio della sessione in modo da poterle riusare .	Saves the instructions you have typed since the session began to be able to reuse .	Guarda las intrucciones que ha introducido desde que comenzó la sesión , con lo que podrá reutilizarlas .	d001.s064	d002.s041	d002.s042	d002.s040
Genera file di testo semplice , quindi è possibile modificarli usando un qualsiasi editor di testo ( come Kate ) .	Generates text files so it should be easy to fix using any text editor , like Kate .	Genera un archivo de texto que podrá corregir usando cualquier editor de texto , por ejemplo Kate .	d001.s065	d002.s042	d002.s043	d002.s041
Ctrl L Salva log .	Ctrl S Save Log .	Ctrl S Guardar el registro .	d001.s066	d002.s043	d002.s044	d002.s042
Salva il log e tutti i risultati su file HTML che può essere stampato o pubblicato .	Saves the log with all results into an HTML file to be able to print or publish .	Guarda el registro con todos los resultados en un archivo HTML que podrá imprimir o publicar .	d001.s067	d002.s044	d002.s045	d002.s043
Ctrl Q Esci .	Ctrl Q Quit .	Ctrl Q Salir .	d001.s068	d002.s045	d002.s046	d002.s044
Chiude il programma .	Shuts the program down .	Cierra el programa .	d001.s069	d002.s046	d002.s047	d002.s045
Per aggiungere un nuovo grafico 2D in kalgebra , devi andare nella scheda Grafico 2D e fare clic sulla scheda Aggiungi per aggiungere una nuova funzione .	To add a new 2D graph on kalgebra , what you have to do is to go to the 2D Graph tab and click in the Add tab to add the new function .	Para añadir un gráfica 2D en kalgebra , lo que tiene que hacer es ir a la pestaña Gráfica 2D y aquí pulsar la pestaña Añadir , que le permitirá añadir una nueva función .	d001.s070	d002.s047	d002.s048	d002.s046
Sarà quindi attivata la casella di testo dove puoi scrivere la funzione .	Then your focus will go to an input text box where you can type your function .	A continuación tendrá dirigirse al cuadro de texto de entrada , donde podrá introducir su función .	d001.s071	d002.s048	d002.s049	d002.s047
Se vuoi usare una tipica funzione f(x) non è necessario specificarla .	If you want to use a typical f(x) function it is not necessary to specify it .	Si quiere usar una función f(x) típica , no es necesario que la especifique .	d001.s072	d002.s049	d002.s050	d002.s048
Quando hai inserito la funzione premi OK per visualizzare il grafico nella finestra principale .	If you have entered the function click on the OK button to display the graph in the main window .	Después de haber introducido la función , pulse el botón Aceptar para dibujar la gráfica en la ventana principal .	d001.s073	d002.s050	d002.s051	d002.s049
Puoi avere più grafici nella stessa vista .	You can set several graphs on the same view .	Es posible dibujar varias gráficas en la misma vista .	d001.s074	d002.s051	d002.s052	d002.s050
Usa il pulsante Aggiungi in modalità « lista » .	Just use the Add button when you are in List mode .	Para esto use simplemente el botón Añadir cuando se encuentre en el modo Lista .	d001.s075	d002.s052	d002.s053	d002.s051
Puoi impostare un diverso colore per ogni grafico .	You can set each graph its own color .	Puede ajustar el color de cada gráfica .	d001.s076	d002.s053	d002.s054	d002.s052
Recentemente la Fondazione ha partecipato all' organizzazione di una conferenza che ha affrontato questa sfida critica .	The Foundation has recently been involved in organising a conference which dealt with this critical challenge .	La Fundación ha intervenido recientemente en la organización de una conferencia sobre este decisivo reto .	d001.s077	d003.s001	d003.s002	d003.s001
Hanno partecipato oltre 100 esponenti delle principali categorie interessate , i quali hanno discusso fra l' altro del ruolo degli attori chiave quali pubbliche autorità , parti sociali , organizzazioni di volontariato e locali nonché utenti dei servizi .	Over 100 participants from the main interest groups attended and debated issues such as the role of key actors including public authorities , social partners , voluntary and community organisations as well as service users .	Asistieron más de 100 participantes en representación de los principales grupos de interés , los cuales discutieron cuestiones tales como el papel de los principales agentes , entre ellos , las autoridades públicas , los interlocutores sociales y las organizaciones comunitarias y de voluntarios , además de los propios usuarios .	d001.s078	d003.s002	d003.s003	d003.s002
Si è convenuto sulla necessità di un' impostazione più olistica , che tenga conto del fatto che gli utenti non beneficiano di questi servizi in isolamento , ma piuttosto quale elemento della loro vita quotidiana .	There were relatively few cases reported of attempts to involve users in service planning but their involvement in service provision was found to be more common .	Se llegó a la conclusión de que es necesario adoptar un enfoque más global que tenga en cuenta que los usuarios no se sirven de esos servicios de forma aislada , sino como parte de su vida cotidiana .	d001.s079	d003.s003	d003.s004	d003.s003
Si è anche preso atto della gamma di aioli diversi svolti .	Note was also taken of the variety of different roles played by public welfare .	Se tomó nota también de la diversidad de funciones que desempeñan estos servicios .	d001.s080	d003.s004	d003.s005	d003.s004
Unitamente alla Commissione europea , al Ministero degli affari sociali spagnolo e al governo regionale della Galizia , la Fondazione ha organizzato una conferenza europea sul tema Esclusione sociale : una grande sfida per i servizi pubblici di assistenza .	The Foundation organised , together with the European Commission , the Spanish Ministry of Social Affairs and the Galician regional government , a European conference on social exclusion : a major challenge for public welfare services .	La Fundación organizó , junto con la Comisión Europea , el Ministerio español de Asuntos Sociales y la Comunidad Autónoma de Galicia , una conferencia europea sobre el tema " Exclusión social : Un gran reto para los servicios públicos de protección social " .	d001.s081	d003.s005	d003.s006	d003.s005
Recentemente la Fondazione ha pubblicato , nel quadro del progetto EPOC , uno studio comparativo che valuta la misura in cui la partecipazione diretta può umanizzare il lavoro migliorando allo stesso tempo la redditività .	The Foundation recently published a comparative study as part of the EPOC project which assesses the extent to which direct participation can humanise work while increasing profitability .	La Fundación publicó recientemente en el marco del proyecto EPOC un estudio comparativo en el que se evalúa hasta qué punto la participación directa puede humanizar el trabajo e incrementar al mismo tiempo la rentabilidad .	d001.s082	d003.s006	d003.s007	d003.s006
Lo studio si basa su 195 interviste personali con alti dirigenti delle parti sociali , in rappresentanza delle principali organizzazioni nazionali di quindici paesi europei .	The study is based on 195 personal interviews with senior officials of the social partners as representatives of national level peak organisations in fifteen European countries .	El estudio se basa en 195 entrevistas personales con altos responsables de los interlocutores sociales , en su calidad de representantes de importantes organizaciones nacionales de 15 países europeos .	d001.s083	d003.s007	d003.s008	d003.s007
Quali settori industriali di rilievo , sono stati inclusi anche l' industria metallurgica e il settore bancario .	As important industrial sectors , the metal industry and the banking sector were also included .	La industria del metal y el sector bancario se incluyeron también en atención a su importancia .	d001.s084	d003.s008	d003.s009	d003.s008
I principali oratori in occasione della conferenza sull' esclusione sociale ( da sinistra a destra ) : Cristina louro , Direzione generale per l' Occupazione , le relazioni industriali e gli affari sociali , Commissione europea Fernando Gomes , Comitato delle regioni Barbara Weiler , deputato al Parlamento europeo José María Gil-Robles Gil-Delgado , vicepresidente del Parlamento europeo John Cairoti , Comitato economico e sociale .	Key speakers at the social exclusion conference were ( left to right ) Cristina Louro , Employment , Industrial Relations and Social Affairs Directorate , European Commission Fernando Gomes , a high degree of Committee of the Regions Barbara Weiler , Member of the European Parliament José Maria Gil-Robles , Vice-President , European Parliament and John Carroll , Economic and Social Committee .	Los principales oradores en la conferencia sobre exclusión socialfueron ( de izquierda a derecha ) Cristina Louro , Dirección General de Empleo , Relaciones Laborales y Asuntos Sociales de la Comisión Europea Fernando Gomes , Comité de las Regiones Barbara Weiler , diputada al Parlamento Europeo José María Gil-Robles Gil-Delgado , Vicepresidente , Parlamento Europeo , John Carroll Comité Económico y Social .	d001.s085	d003.s009	d003.s010	d003.s009
Studi di casi Ogni rapporto nazionale contiene una serie di 25-30 iniziative , selezionate fra quelle più idonee ad illustrare politiche e prassi volte a migliorare l' assunzione , la formazione e lo sviluppo dei lavoratori anziani nell' azienda e nella comunità .	Case Studies Each national report contains a portfolio of between 25 and 30 initiatives which best present policies and practices to improve the recruitment , training and development of ageing workers in both the work place and the community .	En cada informe nacional se incluyen las 25 o 30 iniciativas que mejor reflejan prácticas y políticas de mejora de la contratación , la formación y el desarrollo profesional de los trabajadores mayores en el lugar de trabajo y a nivel de la comunidad .	d001.s086	d003.s010	d003.s011	d003.s010
Per ciascun paese due o tre iniziative sono state ulteriormente selezionate in vista di uno studio di caso più approfondito .	For each country , two or three initiatives have been selected for further in depth case study .	Se seleccionaron dos o tres iniciativas por cada país , para que fueran objeto de un estudio de caso detallado .	d001.s087	d003.s011	d003.s012	d003.s011
Questi studi hanno analizzato il contesto delle iniziative e il loro impatto sui modelli occupazionali e sulle organizzazioni del lavoro , valutando inoltre i vantaggi e i problemi dell' iniziativa .	These case studies analysed the background of the initiatives , their impact on employment patterns and work organisations and assessed the benefits and problems of the initiative .	En estos estudios de caso se han analizado el contexto de esas iniciativas y sus repercusiones en las pautas de empleo y en las organizaciones , y se han evaluado las ventajas y problemas derivados de las mismas .	d001.s088	d003.s012	d003.s013	d003.s012
Hanno anche avuto luogo visite e interviste con esponenti chiave del personale .	Visits and interviews with key personnel were also undertaken .	Se han realizado además visitas y entrevistas a miembros clave del personal .	d001.s089	d003.s013	d003.s014	d003.s013
Gli studi nazionali sfoceranno in un rapporto europeo che sintetizzerà le prassi più comuni .	These national studies will form the basis of a European report which synthesises overall practices .	Estos estudios nacionales constituirán la liase de un informe europeo en el que se resumirán las prácticas generales .	d001.s090	d003.s014	d003.s015	d003.s014
Questo rapporto e una raccolta di iniziative saranno pubblicati nel 1996 e costituiranno la base di una conferenza prevista per l' autunno dello stesso anno .	The report and a casebook of initiatives will be published in 1996 and provide the backdrop for a conference to be staged in Autumn , 1996 .	El informe y un repertorio de iniciativas se publicarán en 1996 , y servirán de telón de fondo a una conferencia que se celebrará el próximo otoño .	d001.s091	d003.s015	d003.s016	d003.s015
La Fondazione intende documentare le caratteristiche delle barriere inerenti all' età a livello di assunzione e formazione e analizzarne le cause .	The Foundation aims to document the characteristics of age barriers in job recruitment and training and to analyse their causes .	La Fundación se propone documentar las características de los obstáculos relacionados con la edad en materia de contratación y formación , y analizar sus causas .	d001.s092	d003.s016	d003.s017	d003.s016
Vengono esaminati anche i punti di vista delle parti sociali , dedicando un' attenzione particolare alle proposte volte ad eliminare le barriere inerenti all' età .	The perspectives of the social partners is also being examined , with particular attention paid to proposals for removing age barriers .	Está examinando asimismo los puntos de vista de los interlocutores sociales , prestando especial atención a las propuestas para eliminar dichos obstáculos .	d001.s093	d003.s017	d003.s018	d003.s017
In terzo luogo , il progetto documenta e valuta iniziative , pubbliche e private , volte a lottare contro le barriere legate all' età , specialmente a favore dei lavoratori anziani .	Thirdly , the project documents and assesses initiatives , in both the public and private sectors which combat age barriers , especially for older workers .	En tercer lugar , el proyecto documenta y evalúa las iniciativas de los sectores público y privado para combatir estas limitaciones , especialmente en relación con los trabajadores mayores .	d001.s094	d003.s018	d003.s019	d003.s018
Ricercando alternative al prepensionamento e al licenziamento , il progetto si interessa principalmente al mantenimento , alla reintegrazione e alla riqualificazione dei lavoratori anziani .	Seeking alternatives to early retirement and redundancy , the project is primarily concerned with the retention , reintegration and retraining of older workers .	El proyecto , que busca alternativas a la jubilación anticipada y al despido , se ocupa ante todo de la retención , la reintegración y la reconversión profesional de los trabajadores mayores .	d001.s095	d003.s019	d003.s020	d003.s019
Sono presi in considerazione il sesso e l' appartenenza etnica dei lavoratori , e la loro correlazione con la discriminazione in base all' età .	The gender and ethnic backgrounds of workers and how these relate to age discrimination are examined .	Estudia asimismo liasta qué punto influyen el sexo y la raza de los trabajadores en la discriminación por razón de la edad .	d001.s096	d003.s020	d003.s021	d003.s020
Il progetto esamina anche iniziative volte a lottare contro la discriminazione basata sull' età nelle zone rurali e nelle piccole e medie imprese .	The project also considers initiatives to combat age discrimination in rural areas and in small and medium sized enterprises .	El proyecto tiene en cuenta , por otra paite , las iniciativas para luchar contra esta clase de discriminación en las zonas rurales y en las pequeñas y medianas empresas .	d001.s097	d003.s021	d003.s022	d003.s021
La ricerca ha per oggetto sette Stati membri : Belgio , Francia , Germania , Grecia , Italia , Paesi Bassi e Regno Unito .	Seven member states are covered by the project : Belgium , France , Germany , Greece , Italy , the Netherlands and the United Kingdom .	Siete Estados miembros se incluyen en el proyecto : Alemania , Bélgica , Francia , Grecia , Italia , Países Bajos y Reino Unido .	d001.s098	d003.s022	d003.s023	d003.s022
Sintesi destinata al pubblico . Il presente documento è la sintesi di una relazione di valutazione pubblica europea ( EPAR ) .	This document is a summary of the European Public Assessment Report . It explains how the Committee for Medicinal Products for Veterinary Use ( CVMP ) assessed the studies performed , to reach their recommendations on how to use the medicine .	Resumen del EPAR para el público general . En el presente documento se resume el Informe Público Europeo de Evaluación , y se explica cómo la evaluación del Comité de Medicamentos de Uso Veterinario ( CVMP ) , efectuada a partir de los estudios existentes , ha llevado a las recomendaciones sobre las condiciones de uso del medicamento .	d001.s099	d004.s001;d004.s002	d004.s001;d004.s002	d004.s001;d004.s002
Che cos è Cerenia ?	What is Cerenia ?	¿Qué es Cerenia ?	d001.s100	d004.s003	d004.s003	d004.s003
Cerenia contiene il principio attivo maropitant ed è disponibile sotto forma di compressa o di soluzione iniettabile .	Cerenia contains the active substance maropitant and is available as tablet or as solution for injection .	Cerenia contiene el principio activo maropitant y se presenta en forma de comprimidos o de solución inyectables .	d001.s101	d004.s004	d004.s004	d004.s004
Le compresse sono di color arancione chiaro e hanno una tacca su entrambi i lati , per facilitarne la divisione in due metà .	The tablets are pale-orange and have a score line on both sides so that they can be halved .	Los comprimidos son de color naranja claro y tienen una ranura en ambas caras , lo que permite dividirlos por la mitad .	d001.s102	d004.s005	d004.s005	d004.s005
Ciascuna compressa è marcata da un lato con il logo Pfizer e dall altro lato con le lettere MPT e con numeri che indicano la quantità di maropitant .	Each tablet is marked with the Pfizer logo on one side and with the letters MPT and the quantity of maropitant on the other side .	Cada comprimido va marcado con el logo Pfizer en una cara y las letras MPT y la cantidad de maropitant en la otra .	d001.s103	d004.s006	d004.s006	d004.s006
Per che cosa si usa Cerenia ?	What is Cerenia used for ?	¿Para qué se utiliza Cerenia ?	d001.s104	d004.s007	d004.s007	d004.s007
Cerenia è un antiemetico , ossia un medicinale che arresta il vomito .	Cerenia is an anti-emetic , this means that it stops vomiting .	Cerenia es un antiemético ( ataja los vómitos ) .	d001.s105	d004.s008	d004.s008	d004.s008
È usato nei cani per prevenire il vomito causato , per esempio , dalla chemioterapia ( medicinali usati per la cura del cancro , alcuni dei quali noti per provocare il vomito ) .	It is used in dogs to prevent vomiting such as vomiting caused by chemotherapy ( medicines used for the treatment of cancer , some of which are known to cause vomiting ) .	Se utiliza en perros para la prevención de los vómitos , por ejemplo los causados por la quimioterapia ( fármacos utilizados para el tratamiento del cáncer , algunos de los cuales producen vómitos ) .	d001.s106	d004.s009	d004.s009	d004.s009
In combinazione con altre misure di supporto , per esempio altre terapie veterinarie o una dieta speciale , Cerenia può anche essere usato nel trattamento del vomito ( sia come iniezione che come iniezione seguita da compresse ) .	In combination with supportive measures such as other veterinary treatment or a special diet , Cerenia can also be used in the treatment of vomiting ( either as injection or as injection followed by tablets ) .	Combinado con otras medidas complementarias , como otros tratamientos veterinarios o una dieta especial , Cerenia se utiliza también como tratamiento del vómito ( como inyección o como inyección seguida de comprimidos ) .	d001.s107	d004.s010	d004.s010	d004.s010
Per tali scopi Cerenia può essere somministrato fino a un massimo di cinque giorni .	For these purposes , Cerenia can be given for up to five days .	A estos efectos , Cerenia se puede administrar durante un período de hasta cinco días .	d001.s108	d004.s011	d004.s011	d004.s011
Come agisce Cerenia ?	How does Cerenia work ?	¿Cómo actúa Cerenia ?	d001.s109	d004.s012	d004.s012	d004.s012
Cerenia blocca un recettore della neurochinina ( NK1 ) che agisce a livello del sistema nervoso centrale .	Cerenia blocks a neurokinin 1 ( NK1 ) receptor , which acts in the central nervous system .	Cerenia bloquea los receptores de neurocinina 1 ( NK1 ) en el sistema nervioso central .	d001.s110	d004.s013	d004.s013	d004.s013
Come è stata studiata l efficacia di Cerenia ?	How has Cerenia been studied ?	¿Qué tipo de estudios se han realizado sobre Cerenia ?	d001.s111	d004.s014	d004.s014	d004.s014
Sono stati condotti numerosi studi con Cerenia , sia su cani da laboratorio sia su animali in cura presso studi veterinari di diversi paesi europei e negli Stati Uniti d America .	A large number of studies with Cerenia were carried out either in laboratory dogs or in animal patients at veterinary practises in several European countries and in the USA .	Se han realizado una gran cantidad de estudios con Cerenia en perros de laboratorio y en perros pacientes de clínicas veterinarias de varios países europeos y de EE.UU.	d001.s112	d004.s015	d004.s015	d004.s015
Quali benefici ha mostrato Cerenia nel corso degli studi ?	What benefit has Cerenia shown during the studies ?	¿Qué beneficios ha demostrado Cerenia durante dichos estudios ?	d001.s113	d004.s016	d004.s016	d004.s016
Dai risultati degli studi è emerso che Cerenia è più efficace del placebo : nei cani trattati con il medicinale gli attacchi di vomito sono stati meno frequenti rispetto agli animali trattati con il placebo , sia nel trattamento che nella prevenzione del vomito .	The results of the studies showed that Cerenia was more effective than the placebo : less vomiting was seen in dogs that received the medicine than in dogs that received a placebo , both in the treatment or in the prevention of vomiting .	Los resultados de los estudios demostraron que Cerenia fue más eficaz que el placebo : se observaron menos vómitos en los perros que recibieron el medicamento que en los perros que recibieron placebo , bien como tratamiento , bien como prevención del vómito .	d001.s114	d004.s017	d004.s017	d004.s017
Il trattamento di un cane con vomito deve iniziare con l iniezione , perché gli animali con attacchi di vomito possono non essere in grado di trattenere la compressa nell organismo ( che può essere vomitata intatta ) .	The treatment of a vomiting dog should be started with the injection , since vomiting animals might not be able to keep a tablet down ( as they might throw the intact tablet up again ) .	El tratamiento de un perro con vómitos debe iniciarse en forma inyectable puesto que los animales con vómitos podrían no retener el comprimido ( podrían vomitar el comprimido intacto ) .	d001.s115	d004.s018	d004.s018	d004.s018
Per il trattamento di follow-up , le compresse possono essere somministrate dal padrone del cane .	For follow-up treatment , the animal owner can administer the tablets to the dog .	Para la continuación del tratamiento , el propietario puede administrar el medicamento al animal en forma de comprimidos .	d001.s116	d004.s019	d004.s019	d004.s019
Inoltre , la cura del vomito deve essere associata ad altre misure di supporto o ad altre terapie veterinarie che intervengano sulle cause del vomito .	Also , the treatment of vomiting should only be together with other supportive measure or other veterinary therapy while addressing the underlying causes of the vomiting .	El tratamiento del vómito debe realizarse siempre en asociación con otras medidas de apoyo u otros tratamientos veterinarios para combatir también la causa subyacente del vómito .	d001.s117	d004.s020	d004.s020	d004.s020
Quali sono i rischi associati a Cerenia ?	What is the risk associated with Cerenia ?	¿Cuáles son los efectos secundarios de Cerenia ?	d001.s118	d004.s021	d004.s021	d004.s021
Cerenia è generalmente ben tollerato se somministrato giornalmente con dosi fino a 5 volte la dose raccomandata per un lungo periodo di tempo ( fino a 3 volte la durata di trattamento raccomandata ) .	Cerenia was generally well tolerated when administered daily at dosages up to 5 times the recommended doses for an extended period of time ( up to 3 times the recommended maximum duration of treatment ) .	En general , Cerenia fue bien tolerado cuando se administró diariamente a dosis de hasta 5 veces la dosis recomendada durante un período de tiempo prolongado ( hasta 3 veces la duración máxima recomendada del tratamiento ) .	d001.s119	d004.s022	d004.s022	d004.s022
Quali sono le precauzioni che deve prendere la persona che somministra il medicinale o entra in contatto con l animale ?	What are the precautions for the person who gives the medicine or comes into contact with the animal ?	¿Qué precauciones debe adoptar la persona que administre el medicamento o esté en contacto con el animal ?	d001.s120	d004.s023	d004.s023	d004.s023
Cerenia non presenta particolari rischi per l uomo .	Cerenia does not represent a particular risk for people .	Cerenia no presenta ningún riesgo especial para el ser humano .	d001.s121	d004.s024	d004.s024	d004.s024
