Token ID	Token	POS	Lemma	BN Synset
d001.s001.t001	本	X	本	
d001.s001.t002	文件	NOUN	文件	bn:00028015n
d001.s001.t003	是	VERB	是	bn:00083182v
d001.s001.t004	欧洲	ADJ	欧洲	bn:00102440a
d001.s001.t005	公共	ADJ	公共	bn:00109211a
d001.s001.t006	评估	NOUN	评估	bn:00031973n
d001.s001.t007	报告	NOUN	报告	bn:00067181n
d001.s001.t008	(	X	(	
d001.s001.t009	EPAR	NOUN	EPAR	bn:00004853n
d001.s001.t010	)	X	)	
d001.s001.t011	的	X	的	
d001.s001.t012	摘要	NOUN	摘要	bn:00000489n
d001.s001.t013	。	X	。	
d001.s002.t001	它	X	它	
d001.s002.t002	解释	VERB	解释	bn:00085084v
d001.s002.t003	了	X	了	
d001.s002.t004	人	ADJ	人	bn:00104385a
d001.s002.t005	用	NOUN	用	bn:00082711v
d001.s002.t006	药品	NOUN	药品	bn:00054128n
d001.s002.t007	委员会	NOUN	委员会	bn:00021015n
d001.s002.t008	(	X	(	
d001.s002.t009	CHMP	NOUN	CHMP	bn:00033851n
d001.s002.t010	)	X	)	
d001.s002.t011	如何	ADV	如何	bn:00115474r
d001.s002.t012	评估	VERB	评估	bn:00082720v
d001.s002.t013	所	X	所	
d001.s002.t014	进行	VERB	进行	bn:00088913v
d001.s002.t015	的	X	的	
d001.s002.t016	研究	NOUN	研究	bn:00067280n
d001.s002.t017	，	X	，	
d001.s002.t018	以	X	以	
d001.s002.t019	得出	VERB	得出	bn:00082418v
d001.s002.t020	关于	X	关于	
d001.s002.t021	如何	ADV	如何	bn:00114152r
d001.s002.t022	使用	VERB	使用	bn:00082873v
d001.s002.t023	药物	NOUN	药物	bn:00028872n
d001.s002.t024	的	X	的	
d001.s002.t025	建议	NOUN	建议	bn:00001592n
d001.s002.t026	。	X	。	
d001.s003.t001	如果	X	如果	
d001.s003.t002	您	X	您	
d001.s003.t003	需要	VERB	需要	bn:00082822v
d001.s003.t004	更	ADV	更	bn:00116284r
d001.s003.t005	多	ADJ	多	bn:00105858a
d001.s003.t006	有关	X	有关	
d001.s003.t007	您	X	您	
d001.s003.t008	的	X	的	
d001.s003.t009	医疗	ADJ	医疗	bn:00111810a
d001.s003.t010	状况	NOUN	状况	bn:00021644n
d001.s003.t011	或	X	或	
d001.s003.t012	治疗	ADJ	治疗	bn:00111810a
d001.s003.t013	的	X	的	
d001.s003.t014	信息	NOUN	信息	bn:00046698n
d001.s003.t015	，	X	，	
d001.s003.t016	请	VERB	请	bn:00083476v
d001.s003.t017	阅读	VERB	阅读	bn:00092424v
d001.s003.t018	药品	NOUN	药品	bn:00054128n
d001.s003.t019	说明书	NOUN	说明书	bn:00028015n
d001.s003.t020	（	X	（	
d001.s003.t021	也	ADV	也	bn:00114246r
d001.s003.t022	是	VERB	是	bn:00083182v
d001.s003.t023	EPAR	NOUN	EPAR	bn:00028015n
d001.s003.t024	的	X	的	
d001.s003.t025	一部分	NOUN	一部分	bn:00021395n
d001.s003.t026	）	X	）	
d001.s003.t027	或	X	或	
d001.s003.t028	联系	VERB	联系	bn:00085696v
d001.s003.t029	您	X	您	
d001.s003.t030	的	X	的	
d001.s003.t031	医生	NOUN	医生	bn:00027976n
d001.s003.t032	或	X	或	
d001.s003.t033	药剂师	NOUN	药剂师	bn:00004992n
d001.s003.t034	。	X	。	
d001.s004.t001	如果	X	如果	
d001.s004.t002	您	X	您	
d001.s004.t003	想	VERB	想	bn:00086682v
d001.s004.t004	了解	VERB	了解	bn:00095375v
d001.s004.t005	有关	ADJ	有关	bn:00109659a
d001.s004.t006	CHMP	NOUN	CHMP	bn:00033851n
d001.s004.t007	建议	NOUN	建议	bn:00001592n
d001.s004.t008	的	X	的	
d001.s004.t009	更	ADV	更	bn:00116284r
d001.s004.t010	多	X	多	
d001.s004.t011	信息	NOUN	信息	bn:00046705n
d001.s004.t012	，	X	，	
d001.s004.t013	请	VERB	请	bn:00082828v
d001.s004.t014	阅读	VERB	阅读	bn:00092424v
d001.s004.t015	科学	ADJ	科学	bn:00110176a
d001.s004.t016	讨论	NOUN	讨论	bn:00027523n
d001.s004.t017	（	X	（	
d001.s004.t018	也	ADV	也	bn:00114246r
d001.s004.t019	是	VERB	是	bn:00083181v
d001.s004.t020	EPAR	NOUN	EPAR	bn:00046516n
d001.s004.t021	的	X	的	
d001.s004.t022	一部分	NOUN	一部分	bn:00021395n
d001.s004.t023	）	X	）	
d001.s004.t024	。	X	。	
d001.s005.t001	什么	X	什么	
d001.s005.t002	是	VERB	是	bn:00083181v
d001.s005.t003	Alimta	NOUN	Alimta	bn:00046516n
d001.s005.t004	？	X	？	
d001.s006.t001	Alimta	NOUN	Alimta	bn:00006975n
d001.s006.t002	是	VERB	是	bn:00083181v
d001.s006.t003	一	X	一	
d001.s006.t004	种	NOUN	种	bn:00070254n
d001.s006.t005	粉末	NOUN	粉末	bn:00063926n
d001.s006.t006	，	X	，	
d001.s006.t007	可	VERB	可	bn:00083181v
d001.s006.t008	制成	VERB	制成	bn:00082418v
d001.s006.t009	输液	NOUN	输液	bn:00047235n
d001.s006.t010	溶液	NOUN	溶液	bn:00072760n
d001.s006.t011	（	X	（	
d001.s006.t012	滴入	VERB	滴入	bn:00087321v
d001.s006.t013	静脉	NOUN	静脉	bn:00079681n
d001.s006.t014	）	X	）	
d001.s006.t015	。	X	。	
d001.s007.t001	它	X	它	
d001.s007.t002	含有	VERB	含有	bn:00089894v
d001.s007.t003	活性	ADJ	活性	bn:00001174n
d001.s007.t004	成分	NOUN	成分	bn:00046750n
d001.s007.t005	培美	NOUN	培美	bn:00001173n
d001.s007.t006	曲塞	NOUN	曲塞	bn:00046516n
d001.s007.t007	。	X	。	
d001.s008.t001	Alimta	NOUN	Alimta	bn:00026905n
d001.s008.t002	的	X	的	
d001.s008.t003	用途	NOUN	用途	bn:00071887n
d001.s008.t004	是	VERB	是	bn:00083181v
d001.s008.t005	什么	X	什么	
d001.s008.t006	？	X	？	
d001.s009.t001	Alimta	NOUN	Alimta	bn:00006975n
d001.s009.t002	用于	VERB	用于	bn:00082822v
d001.s009.t003	治疗	VERB	治疗	bn:00084532v
d001.s009.t004	两	X	两	
d001.s009.t005	种	NOUN	种	bn:00070254n
d001.s009.t006	类型	NOUN	类型	bn:00012759n
d001.s009.t007	的	X	的	
d001.s009.t008	癌症	NOUN	癌症	bn:00015180n
d001.s009.t009	：	X	：	
d001.s009.t010	胸膜	NOUN	胸膜	bn:00063016n
d001.s009.t011	间	X	间	
d001.s009.t012	皮瘤	NOUN	皮瘤	bn:00099307a
d001.s009.t013	（	X	（	
d001.s009.t014	肺部	NOUN	肺部	bn:00058117n
d001.s009.t015	内膜	NOUN	内膜	bn:00047248n
d001.s009.t016	癌症	NOUN	癌症	bn:00015180n
d001.s009.t017	，	X	，	
d001.s009.t018	通常	ADV	通常	bn:00114778r
d001.s009.t019	由	X	由	
d001.s009.t020	接触	VERB	接触	bn:00095040v
d001.s009.t021	石棉	NOUN	石棉	bn:00006236n
d001.s009.t022	引起	VERB	引起	bn:00082442v
d001.s009.t023	）	X	）	
d001.s009.t024	。	X	。	
d001.s010.t001	当	X	当	
d001.s010.t002	癌症	NOUN	癌症	bn:00015180n
d001.s010.t003	无法切除	ADJ	无法切除	bn:00100181a
d001.s010.t004	（	X	（	
d001.s010.t005	不能	ADV	不能	bn:00087968v
d001.s010.t006	仅	ADV	仅	bn:00114626r
d001.s010.t007	通过	X	通过	
d001.s010.t008	手术	NOUN	手术	bn:00059129n
d001.s010.t009	切除	VERB	切除	bn:00082163v
d001.s010.t010	）	X	）	
d001.s010.t011	且	X	且	
d001.s010.t012	为	X	为	
d001.s010.t013	恶性	ADJ	恶性	bn:00106363a
d001.s010.t014	（	X	（	
d001.s010.t015	已经	ADV	已经	bn:00114245r
d001.s010.t016	扩散	VERB	扩散	bn:00092062v
d001.s010.t017	或	X	或	
d001.s010.t018	可能	ADV	可能	bn:00114523r
d001.s010.t019	轻易	ADV	轻易	bn:00114079r
d001.s010.t020	扩散	VERB	扩散	bn:00092062v
d001.s010.t021	到	X	到	
d001.s010.t022	身体	NOUN	身体	bn:00011744n
d001.s010.t023	其他	ADJ	其他	bn:00108011a
d001.s010.t024	部位	NOUN	部位	bn:00021395n
d001.s010.t025	）	X	）	
d001.s010.t026	，	X	，	
d001.s010.t027	且	X	且	
d001.s010.t028	之前	ADV	之前	bn:00114512r
d001.s010.t029	未	ADV	未	bn:00116326r
d001.s010.t030	接受	VERB	接受	bn:00082201v
d001.s010.t031	过	X	过	
d001.s010.t032	化疗	NOUN	化疗	bn:00076647n
d001.s010.t033	（	X	（	
d001.s010.t034	抗癌	ADJ	抗癌	bn:00097220a
d001.s010.t035	药物	NOUN	药物	bn:00028872n
d001.s010.t036	）	X	）	
d001.s010.t037	的	X	的	
d001.s010.t038	晚期	ADJ	晚期	bn:00096528a
d001.s010.t039	或	X	或	
d001.s010.t040	转移性	ADJ	转移性	bn:00054585n
d001.s010.t041	非	ADJ	非	bn:00098251a
d001.s010.t042	小	ADJ	小	bn:00106058a
d001.s010.t043	细胞	NOUN	细胞	bn:00017027n
d001.s010.t044	肺癌	NOUN	肺癌	bn:00052343n
d001.s010.t045	患者	NOUN	患者	bn:00061017n
d001.s010.t046	（	X	（	
d001.s010.t047	未	ADV	未	bn:00116326r
d001.s010.t048	影响	VERB	影响	bn:00082426v
d001.s010.t049	鳞状	ADJ	鳞状	bn:00104578a
d001.s010.t050	细胞	NOUN	细胞	bn:00017027n
d001.s010.t051	）	X	）	
d001.s010.t052	时	X	时	
d001.s010.t053	，	X	，	
d001.s010.t054	Alimta	NOUN	Alimta	bn:00051901n
d001.s010.t055	与	X	与	
d001.s010.t056	顺	ADJ	顺	bn:00097218a
d001.s010.t057	铂	NOUN	铂	bn:00006910n
d001.s010.t058	（	X	（	
d001.s010.t059	另	X	另	
d001.s010.t060	一	X	一	
d001.s010.t061	种	NOUN	种	bn:00073210n
d001.s010.t062	抗癌	ADJ	抗癌	bn:00097220a
d001.s010.t063	药物	NOUN	药物	bn:00028872n
d001.s010.t064	）	X	）	
d001.s010.t065	一起	ADV	一起	bn:00114206r
d001.s010.t066	使用	VERB	使用	bn:00082873v
d001.s010.t067	。	X	。	
d001.s011.t001	对于	X	对于	
d001.s011.t002	以前	ADV	以前	bn:00114512r
d001.s011.t003	未	ADV	未	bn:00116326r
d001.s011.t004	接受	VERB	接受	bn:00082199v
d001.s011.t005	过	X	过	
d001.s011.t006	治疗	NOUN	治疗	bn:00047235n
d001.s011.t007	的	X	的	
d001.s011.t008	患者	NOUN	患者	bn:00061017n
d001.s011.t009	，	X	，	
d001.s011.t010	Alimta	NOUN	Alimta	bn:00006975n
d001.s011.t011	与	X	与	
d001.s011.t012	顺铂	NOUN	顺铂	bn:00046516n
d001.s011.t013	联合	ADV	联合	bn:00083597v
d001.s011.t014	使用	VERB	使用	bn:00082873v
d001.s011.t015	；	X	；	
d001.s011.t016	对于	X	对于	
d001.s011.t017	以前	ADV	以前	bn:00114512r
d001.s011.t018	接受	VERB	接受	bn:00082203v
d001.s011.t019	过	X	过	
d001.s011.t020	其他	ADJ	其他	bn:00108011a
d001.s011.t021	类型	NOUN	类型	bn:00012759n
d001.s011.t022	化疗	NOUN	化疗	bn:00001124n
d001.s011.t023	的	X	的	
d001.s011.t024	患者	NOUN	患者	bn:00061017n
d001.s011.t025	，	X	，	
d001.s011.t026	Alimta	NOUN	Alimta	bn:00051760n
d001.s011.t027	可	VERB	可	bn:00083181v
d001.s011.t028	单独	ADV	单独	bn:00110423a
d001.s011.t029	使用	VERB	使用	bn:00082873v
d001.s011.t030	。	X	。	
d001.s012.t001	这	X	这	
d001.s012.t002	种	NOUN	种	bn:00073210n
d001.s012.t003	药	NOUN	药	bn:00054128n
d001.s012.t004	必须	ADV	必须	bn:00091028v
d001.s012.t005	凭	X	凭	
d001.s012.t006	处方	NOUN	处方	bn:00064195n
d001.s012.t007	才	ADV	才	bn:00114634r
d001.s012.t008	能	VERB	能	bn:00096153a
d001.s012.t009	买到	VERB	买到	bn:00091192v
d001.s012.t010	。	X	。	
d001.s013.t001	Alimta	NOUN	Alimta	bn:00052120n
d001.s013.t002	如何	ADV	如何	bn:00114422r
d001.s013.t003	使用	VERB	使用	bn:00082711v
d001.s013.t004	？	X	？	
d001.s014.t001	Alimta	NOUN	Alimta	bn:00006975n
d001.s014.t002	只	ADV	只	bn:00054438n
d001.s014.t003	能	VERB	能	bn:00096153a
d001.s014.t004	在	X	在	
d001.s014.t005	具有	VERB	具有	bn:00089241v
d001.s014.t006	抗癌	ADJ	抗癌	bn:00097220a
d001.s014.t007	化疗	NOUN	化疗	bn:00047235n
d001.s014.t008	使用	NOUN	使用	bn:00030627n
d001.s014.t009	资质	NOUN	资质	bn:00007294n
d001.s014.t010	的	X	的	
d001.s014.t011	医生	NOUN	医生	bn:00027976n
d001.s014.t012	的	X	的	
d001.s014.t013	监督	NOUN	监督	bn:00059908n
d001.s014.t014	下	X	下	
d001.s014.t015	使用	VERB	使用	bn:00082873v
d001.s014.t016	。	X	。	
d001.s015.t001	Alimta	NOUN	Alimta	bn:00006975n
d001.s015.t002	的	X	的	
d001.s015.t003	推荐	NOUN	推荐	bn:00041086n
d001.s015.t004	剂量	NOUN	剂量	bn:00028320n
d001.s015.t005	为	VERB	为	bn:00089309v
d001.s015.t006	每	X	每	
d001.s015.t007	平方米	NOUN	平方米	bn:00017102n
d001.s015.t008	体表	NOUN	体表	bn:00042601n
d001.s015.t009	面积	NOUN	面积	bn:00005518n
d001.s015.t010	500	X	500	
d001.s015.t011	毫克	NOUN	毫克	bn:00054701n
d001.s015.t012	（	X	（	
d001.s015.t013	根据	VERB	根据	bn:00032045n
d001.s015.t014	患者	NOUN	患者	bn:00061017n
d001.s015.t015	的	X	的	
d001.s015.t016	身高	NOUN	身高	bn:00043545n
d001.s015.t017	和	X	和	
d001.s015.t018	体重	NOUN	体重	bn:00011779n
d001.s015.t019	计算	VERB	计算	bn:00084373v
d001.s015.t020	）	X	）	
d001.s015.t021	。	X	。	
d001.s016.t001	每	X	每	
d001.s016.t002	三	X	三	
d001.s016.t003	周	NOUN	周	bn:00043484n
d001.s016.t004	进行	VERB	进行	bn:00085715v
d001.s016.t005	一	X	一	
d001.s016.t006	次	NOUN	次	bn:00019047n
d001.s016.t007	静脉	ADJ	静脉	bn:00113540a
d001.s016.t008	输	NOUN	输	bn:00090486v
d001.s016.t009	注	NOUN	注	bn:00091897v
d001.s016.t010	，	X	，	
d001.s016.t011	每次	ADV	每次	bn:00115252r
d001.s016.t012	持续	VERB	持续	bn:00090070v
d001.s016.t013	10	X	10	
d001.s016.t014	分钟	NOUN	分钟	bn:00055094n
d001.s016.t015	。	X	。	
d001.s017.t001	为了	X	为了	
d001.s017.t002	减少	VERB	减少	bn:00084079v
d001.s017.t003	副作用	NOUN	副作用	bn:00071445n
d001.s017.t004	，	X	，	
d001.s017.t005	患者	NOUN	患者	bn:00061017n
d001.s017.t006	在	X	在	
d001.s017.t007	使用	VERB	使用	bn:00082873v
d001.s017.t008	Alimta	NOUN	Alimta	bn:00006975n
d001.s017.t009	治疗	VERB	治疗	bn:00084532v
d001.s017.t010	期间	NOUN	期间	bn:00061605n
d001.s017.t011	应该	VERB	应该	bn:00083357v
d001.s017.t012	服用	VERB	服用	bn:00087321v
d001.s017.t013	皮质类固醇	NOUN	皮质类固醇	bn:00001507n
d001.s017.t014	和	X	和	
d001.s017.t015	叶酸	NOUN	叶酸	bn:00035585n
d001.s017.t016	（	X	（	
d001.s017.t017	一	X	一	
d001.s017.t018	种	NOUN	种	bn:00073210n
d001.s017.t019	维生素	NOUN	维生素	bn:00080147n
d001.s017.t020	）	X	）	
d001.s017.t021	，	X	，	
d001.s017.t022	并	ADV	并	bn:00114281r
d001.s017.t023	注射	VERB	注射	bn:00089749v
d001.s017.t024	维生素	NOUN	维生素	bn:00080147n
d001.s017.t025	B12	NOUN	B12	bn:00004712n
d001.s017.t026	。	X	。	
d001.s018.t001	当	X	当	
d001.s018.t002	Alimta	NOUN	Alimta	bn:00006975n
d001.s018.t003	与	X	与	
d001.s018.t004	顺铂	NOUN	顺铂	bn:00051454n
d001.s018.t005	一起	ADV	一起	bn:00114206r
d001.s018.t006	服用	VERB	服用	bn:00088826v
d001.s018.t007	时	X	时	
d001.s018.t008	，	X	，	
d001.s018.t009	还	ADV	还	bn:00115147r
d001.s018.t010	应	VERB	应	bn:00083181v
d001.s018.t011	在	X	在	
d001.s018.t012	顺铂	NOUN	顺铂	bn:00046516n
d001.s018.t013	给	VERB	给	bn:00082710v
d001.s018.t014	药	NOUN	药	bn:00054128n
d001.s018.t015	之前	ADV	之前	bn:00114512r
d001.s018.t016	或	X	或	
d001.s018.t017	之后	ADV	之后	bn:00115742r
d001.s018.t018	给予	VERB	给予	bn:00082364v
d001.s018.t019	止吐	ADJ	止吐	bn:00097030a
d001.s018.t020	药	NOUN	药	bn:00054128n
d001.s018.t021	（	X	（	
d001.s018.t022	以	X	以	
d001.s018.t023	防止	VERB	防止	bn:00082954v
d001.s018.t024	呕吐	NOUN	呕吐	bn:00027565n
d001.s018.t025	）	X	）	
d001.s018.t026	和	X	和	
d001.s018.t027	液体	NOUN	液体	bn:00035426n
d001.s018.t028	（	X	（	
d001.s018.t029	以	X	以	
d001.s018.t030	防止	VERB	防止	bn:00082954v
d001.s018.t031	脱水	NOUN	脱水	bn:00025983n
d001.s018.t032	）	X	）	
d001.s018.t033	。	X	。	
d001.s019.t001	对于	X	对于	
d001.s019.t002	血细胞	NOUN	血细胞	bn:00011360n
d001.s019.t003	计数	NOUN	计数	bn:00023140n
d001.s019.t004	异常	ADJ	异常	bn:00096158a
d001.s019.t005	或	X	或	
d001.s019.t006	出现	VERB	出现	bn:00082788v
d001.s019.t007	其他	ADJ	其他	bn:00108011a
d001.s019.t008	副作用	NOUN	副作用	bn:00071445n
d001.s019.t009	的	X	的	
d001.s019.t010	患者	NOUN	患者	bn:00061017n
d001.s019.t011	，	X	，	
d001.s019.t012	应	VERB	应	bn:00083181v
d001.s019.t013	推迟	VERB	推迟	bn:00086459v
d001.s019.t014	或	X	或	
d001.s019.t015	停止	VERB	停止	bn:00084710v
d001.s019.t016	治疗	NOUN	治疗	bn:00047235n
d001.s019.t017	，	X	，	
d001.s019.t018	或	X	或	
d001.s019.t019	减少	VERB	减少	bn:00084079v
d001.s019.t020	剂量	NOUN	剂量	bn:00028320n
d001.s019.t021	。	X	。	
d001.s020.t001	不	ADV	不	bn:00057809n
d001.s020.t002	建议	VERB	建议	bn:00082417v
d001.s020.t003	患有	VERB	患有	bn:00086708v
d001.s020.t004	中度	ADJ	中度	bn:00017216n
d001.s020.t005	或	X	或	
d001.s020.t006	重度	ADJ	重度	bn:00104589a
d001.s020.t007	肾脏	NOUN	肾脏	bn:00049083n
d001.s020.t008	疾病	NOUN	疾病	bn:00027546n
d001.s020.t009	的	X	的	
d001.s020.t010	患者	NOUN	患者	bn:00061017n
d001.s020.t011	使用	VERB	使用	bn:00082873v
d001.s020.t012	Alimta	NOUN	Alimta	bn:00052120n
d001.s020.t013	。	X	。	
d001.s021.t001	欲	VERB	欲	bn:00083181v
d001.s021.t002	了解	VERB	了解	bn:00095375v
d001.s021.t003	更	ADV	更	bn:00116284r
d001.s021.t004	多	X	多	
d001.s021.t005	信息	NOUN	信息	bn:00046698n
d001.s021.t006	，	X	，	
d001.s021.t007	请	VERB	请	bn:00082828v
d001.s021.t008	参阅	VERB	参阅	bn:00088489v
d001.s021.t009	产品	NOUN	产品	bn:00054416n
d001.s021.t010	特性	NOUN	特性	bn:00017762n
d001.s021.t011	摘要	NOUN	摘要	bn:00000489n
d001.s021.t012	（	X	（	
d001.s021.t013	也	ADV	也	bn:00114246r
d001.s021.t014	是	VERB	是	bn:00083182v
d001.s021.t015	EPAR	NOUN	EPAR	bn:00059436n
d001.s021.t016	的	X	的	
d001.s021.t017	一部分	NOUN	一部分	bn:00021395n
d001.s021.t018	）	X	）	
d001.s021.t019	。	X	。	
d001.s022.t001	Alimta	NOUN	Alimta	bn:00014919n
d001.s022.t002	如何	ADV	如何	bn:00114422r
d001.s022.t003	发挥	VERB	发挥	bn:00087833v
d001.s022.t004	作用	NOUN	作用	bn:00036822n
d001.s022.t005	？	X	？	
d001.s023.t001	Alimta	NOUN	Alimta	bn:00006975n
d001.s023.t002	中	X	中	
d001.s023.t003	的	X	的	
d001.s023.t004	活性	ADJ	活性	bn:00001174n
d001.s023.t005	成分	NOUN	成分	bn:00046750n
d001.s023.t006	培美曲塞	NOUN	培美曲塞	bn:00026482n
d001.s023.t007	是	VERB	是	bn:00083181v
d001.s023.t008	一	X	一	
d001.s023.t009	种	NOUN	种	bn:00070254n
d001.s023.t010	细胞	NOUN	细胞	bn:00017027n
d001.s023.t011	毒	ADJ	毒	bn:00063256n
d001.s023.t012	药物	NOUN	药物	bn:00028872n
d001.s023.t013	（	X	（	
d001.s023.t014	杀死	VERB	杀死	bn:00090098v
d001.s023.t015	正在	ADV	正在	bn:00117138r
d001.s023.t016	分裂	VERB	分裂	bn:00084611v
d001.s023.t017	的	X	的	
d001.s023.t018	细胞	NOUN	细胞	bn:00017027n
d001.s023.t019	，	X	，	
d001.s023.t020	如	ADV	如	bn:00115147r
d001.s023.t021	癌细胞	NOUN	癌细胞	bn:00015187n
d001.s023.t022	的	X	的	
d001.s023.t023	药物	NOUN	药物	bn:00028872n
d001.s023.t024	）	X	）	
d001.s023.t025	，	X	，	
d001.s023.t026	属于	VERB	属于	bn:00083389v
d001.s023.t027	抗代谢药	NOUN	抗代谢药	bn:00004691n
d001.s023.t028	类	NOUN	类	bn:00016733n
d001.s023.t029	。	X	。	
d001.s024.t001	在	X	在	
d001.s024.t002	体内	NOUN	体内	bn:00105292a
d001.s024.t003	，	X	，	
d001.s024.t004	培美曲塞	NOUN	培美曲塞	bn:00046516n
d001.s024.t005	被	X	被	
d001.s024.t006	转化	VERB	转化	bn:00095092v
d001.s024.t007	成	X	成	
d001.s024.t008	活性	ADJ	活性	bn:00001174n
d001.s024.t009	形式	NOUN	形式	bn:00035908n
d001.s024.t010	，	X	，	
d001.s024.t011	从而	ADV	从而	bn:00117263r
d001.s024.t012	抑制	VERB	抑制	bn:00085638v
d001.s024.t013	参与	VERB	参与	bn:00091450v
d001.s024.t014	生成	VERB	生成	bn:00086708v
d001.s024.t015	核苷酸	NOUN	核苷酸	bn:00008788n
d001.s024.t016	（	X	（	
d001.s024.t017	DNA	NOUN	DNA	bn:00026301n
d001.s024.t018	和	X	和	
d001.s024.t019	RNA	NOUN	RNA	bn:00067714n
d001.s024.t020	的	X	的	
d001.s024.t021	组成部分	NOUN	组成部分	bn:00021396n
d001.s024.t022	，	X	，	
d001.s024.t023	即	VERB	即	bn:00115715r
d001.s024.t024	细胞	NOUN	细胞	bn:00017027n
d001.s024.t025	的	X	的	
d001.s024.t026	遗传物质	NOUN	遗传物质	bn:00037738n
d001.s024.t027	）	X	）	
d001.s024.t028	的	X	的	
d001.s024.t029	酶	NOUN	酶	bn:00031085n
d001.s024.t030	的	X	的	
d001.s024.t031	活性	NOUN	活性	bn:00001174n
d001.s024.t032	。	X	。	
d001.s025.t001	Alimta	NOUN	Alimta	bn:00069450n
d001.s025.t002	的	X	的	
d001.s025.t003	研究	NOUN	研究	bn:00067280n
d001.s025.t004	进展	VERB	进展	bn:00001557n
d001.s025.t005	如何	ADV	如何	bn:00114073r
d001.s025.t006	？	X	？	
d001.s026.t001	为了	X	为了	
d001.s026.t002	治疗	VERB	治疗	bn:00084532v
d001.s026.t003	恶性	ADJ	恶性	bn:00106363a
d001.s026.t004	胸膜间	ADJ	胸膜间	bn:00099465a
d001.s026.t005	皮瘤	NOUN	皮瘤	bn:00099307a
d001.s026.t006	，	X	，	
d001.s026.t007	Alimta	NOUN	Alimta	bn:00046516n
d001.s026.t008	已	ADV	已	bn:00114245r
d001.s026.t009	在	X	在	
d001.s026.t010	一	X	一	
d001.s026.t011	项	NOUN	项	bn:00056816n
d001.s026.t012	主要	ADJ	主要	bn:00099598a
d001.s026.t013	研究	NOUN	研究	bn:00067280n
d001.s026.t014	中	X	中	
d001.s026.t015	对	X	对	
d001.s026.t016	456	X	456	
d001.s026.t017	名	NOUN	名	bn:00056758n
d001.s026.t018	之前	ADV	之前	bn:00114512r
d001.s026.t019	未	ADV	未	bn:00115313r
d001.s026.t020	接受	VERB	接受	bn:00082199v
d001.s026.t021	过	X	过	
d001.s026.t022	化疗	NOUN	化疗	bn:00001124n
d001.s026.t023	的	X	的	
d001.s026.t024	患者	NOUN	患者	bn:00061017n
d001.s026.t025	进行	VERB	进行	bn:00088913v
d001.s026.t026	了	X	了	
d001.s026.t027	研究	NOUN	研究	bn:00067280n
d001.s026.t028	。	X	。	
d001.s027.t001	比较	VERB	比较	bn:00085450v
d001.s027.t002	了	X	了	
d001.s027.t003	Alimta	NOUN	Alimta	bn:00006975n
d001.s027.t004	与	X	与	
d001.s027.t005	顺铂	NOUN	顺铂	bn:00075785n
d001.s027.t006	联合	ADV	联合	bn:00082868v
d001.s027.t007	治疗	VERB	治疗	bn:00084532v
d001.s027.t008	与	X	与	
d001.s027.t009	单独	ADV	单独	bn:00110423a
d001.s027.t010	使用	VERB	使用	bn:00082873v
d001.s027.t011	顺铂	NOUN	顺铂	bn:00046516n
d001.s027.t012	治疗	VERB	治疗	bn:00084532v
d001.s027.t013	的	X	的	
d001.s027.t014	效果	NOUN	效果	bn:00021961n
d001.s027.t015	。	X	。	
d001.s028.t001	在	X	在	
d001.s028.t002	非	ADJ	非	bn:00098251a
d001.s028.t003	小	ADJ	小	bn:00106058a
d001.s028.t004	细胞	NOUN	细胞	bn:00017027n
d001.s028.t005	肺癌	NOUN	肺癌	bn:00052343n
d001.s028.t006	的	X	的	
d001.s028.t007	治疗	NOUN	治疗	bn:00047235n
d001.s028.t008	方面	NOUN	方面	bn:00006382n
d001.s028.t009	，	X	，	
d001.s028.t010	一	X	一	
d001.s028.t011	项	NOUN	项	bn:00056816n
d001.s028.t012	涉及	VERB	涉及	bn:00083240v
d001.s028.t013	571	X	571	
d001.s028.t014	名	NOUN	名	bn:00056758n
d001.s028.t015	既往	ADV	既往	bn:00115147r
d001.s028.t016	接受	VERB	接受	bn:00082201v
d001.s028.t017	过	X	过	
d001.s028.t018	化疗	NOUN	化疗	bn:00001124n
d001.s028.t019	的	X	的	
d001.s028.t020	局部	ADV	局部	bn:00021395n
d001.s028.t021	晚期	ADJ	晚期	bn:00096528a
d001.s028.t022	或	X	或	
d001.s028.t023	转移性	ADJ	转移性	bn:00054585n
d001.s028.t024	疾病	NOUN	疾病	bn:00027546n
d001.s028.t025	患者	NOUN	患者	bn:00061017n
d001.s028.t026	的	X	的	
d001.s028.t027	研究	NOUN	研究	bn:00067280n
d001.s028.t028	比较	VERB	比较	bn:00085450v
d001.s028.t029	了	X	了	
d001.s028.t030	Alimta	NOUN	Alimta	bn:00046516n
d001.s028.t031	与	X	与	
d001.s028.t032	多西他赛	NOUN	多西他赛	bn:00028512n
d001.s028.t033	（	X	（	
d001.s028.t034	另	X	另	
d001.s028.t035	一	X	一	
d001.s028.t036	种	NOUN	种	bn:00073210n
d001.s028.t037	抗癌	ADJ	抗癌	bn:00097220a
d001.s028.t038	药物	NOUN	药物	bn:00028872n
d001.s028.t039	）	X	）	
d001.s028.t040	的	X	的	
d001.s028.t041	效果	NOUN	效果	bn:00021961n
d001.s028.t042	。	X	。	
d001.s029.t001	在	X	在	
d001.s029.t002	一	X	一	
d001.s029.t003	项	NOUN	项	bn:00056816n
d001.s029.t004	涉及	VERB	涉及	bn:00083240v
d001.s029.t005	1725	X	1725	
d001.s029.t006	名	NOUN	名	bn:00056758n
d001.s029.t007	过去	NOUN	过去	bn:00060927n
d001.s029.t008	未	ADV	未	bn:00114778r
d001.s029.t009	接受	VERB	接受	bn:00082199v
d001.s029.t010	过	X	过	
d001.s029.t011	化疗	NOUN	化疗	bn:00001124n
d001.s029.t012	的	X	的	
d001.s029.t013	肺癌	NOUN	肺癌	bn:00052343n
d001.s029.t014	患者	NOUN	患者	bn:00061017n
d001.s029.t015	的	X	的	
d001.s029.t016	研究	NOUN	研究	bn:00067280n
d001.s029.t017	中	X	中	
d001.s029.t018	，	X	，	
d001.s029.t019	阿利泰	NOUN	阿利泰	bn:00057971n
d001.s029.t020	还	ADV	还	bn:00115376r
d001.s029.t021	与	X	与	
d001.s029.t022	吉西他滨	NOUN	吉西他滨	bn:00028512n
d001.s029.t023	(	X	(	
d001.s029.t024	另	X	另	
d001.s029.t025	一	X	一	
d001.s029.t026	种	NOUN	种	bn:00070254n
d001.s029.t027	抗癌	ADJ	抗癌	bn:00097220a
d001.s029.t028	药	NOUN	药	bn:00054128n
d001.s029.t029	)	X	)	
d001.s029.t030	进行	VERB	进行	bn:00088913v
d001.s029.t031	了	X	了	
d001.s029.t032	比较	NOUN	比较	bn:00021303n
d001.s029.t033	，	X	，	
d001.s029.t034	两者	NOUN	两者	bn:00098723a
d001.s029.t035	都	ADV	都	bn:00114245r
d001.s029.t036	与	X	与	
d001.s029.t037	顺铂	NOUN	顺铂	bn:00046516n
d001.s029.t038	联合	ADV	联合	bn:00021901n
d001.s029.t039	使用	VERB	使用	bn:00082873v
d001.s029.t040	。	X	。	
d001.s030.t001	在	X	在	
d001.s030.t002	这	X	这	
d001.s030.t003	三	X	三	
d001.s030.t004	项	NOUN	项	bn:00056816n
d001.s030.t005	研究	NOUN	研究	bn:00067280n
d001.s030.t006	中	X	中	
d001.s030.t007	，	X	，	
d001.s030.t008	疗效	NOUN	疗效	bn:00029888n
d001.s030.t009	的	X	的	
d001.s030.t010	主要	ADJ	主要	bn:00099598a
d001.s030.t011	衡量标准	NOUN	衡量标准	bn:00054657n
d001.s030.t012	是	VERB	是	bn:00083182v
d001.s030.t013	患者	NOUN	患者	bn:00061017n
d001.s030.t014	存活	VERB	存活	bn:00082901v
d001.s030.t015	的	X	的	
d001.s030.t016	时间	NOUN	时间	bn:00077267n
d001.s030.t017	。	X	。	
d001.s031.t001	Alimta	NOUN	Alimta	bn:00026905n
d001.s031.t002	在	X	在	
d001.s031.t003	研究	NOUN	研究	bn:00067280n
d001.s031.t004	期间	NOUN	期间	bn:00061605n
d001.s031.t005	显示出	VERB	显示出	bn:00082442v
d001.s031.t006	了	X	了	
d001.s031.t007	什么	X	什么	
d001.s031.t008	益处	NOUN	益处	bn:00009905n
d001.s031.t009	？	X	？	
d001.s032.t001	Alimta	NOUN	Alimta	bn:00026905n
d001.s032.t002	延长	VERB	延长	bn:00087274v
d001.s032.t003	了	X	了	
d001.s032.t004	恶性	ADJ	恶性	bn:00106363a
d001.s032.t005	胸膜间	ADJ	胸膜间	bn:00099465a
d001.s032.t006	皮瘤	NOUN	皮瘤	bn:00099307a
d001.s032.t007	患者	NOUN	患者	bn:00061017n
d001.s032.t008	的	X	的	
d001.s032.t009	生存	NOUN	生存	bn:00030811n
d001.s032.t010	时间	NOUN	时间	bn:00029170n
d001.s032.t011	。	X	。	
d001.s033.t001	接受	VERB	接受	bn:00082198v
d001.s033.t002	Alimta	NOUN	Alimta	bn:00006975n
d001.s033.t003	和	X	和	
d001.s033.t004	顺铂	NOUN	顺铂	bn:00057971n
d001.s033.t005	治疗	NOUN	治疗	bn:00047235n
d001.s033.t006	的	X	的	
d001.s033.t007	患者	NOUN	患者	bn:00061017n
d001.s033.t008	平均	ADJ	平均	bn:00097859a
d001.s033.t009	生存	VERB	生存	bn:00087844v
d001.s033.t010	为	VERB	为	bn:00089309v
d001.s033.t011	12.1	X	12.1	
d001.s033.t012	个	NOUN	个	bn:00078738n
d001.s033.t013	月	NOUN	月	bn:00055794n
d001.s033.t014	，	X	，	
d001.s033.t015	然而	ADV	然而	bn:00114216r
d001.s033.t016	仅	ADV	仅	bn:00114626r
d001.s033.t017	接受	VERB	接受	bn:00082198v
d001.s033.t018	顺铂	NOUN	顺铂	bn:00026482n
d001.s033.t019	治疗	NOUN	治疗	bn:00047235n
d001.s033.t020	的	X	的	
d001.s033.t021	患者	NOUN	患者	bn:00061017n
d001.s033.t022	平均	ADJ	平均	bn:00097859a
d001.s033.t023	为	VERB	为	bn:00089309v
d001.s033.t024	9.3	X	9.3	
d001.s033.t025	个	NOUN	个	bn:00078738n
d001.s033.t026	月	NOUN	月	bn:00055794n
d001.s033.t027	。	X	。	
d001.s034.t001	在	X	在	
d001.s034.t002	治疗	VERB	治疗	bn:00084532v
d001.s034.t003	非	ADJ	非	bn:00098251a
d001.s034.t004	小	ADJ	小	bn:00106058a
d001.s034.t005	细胞	NOUN	细胞	bn:00017027n
d001.s034.t006	肺癌	NOUN	肺癌	bn:00052343n
d001.s034.t007	患者	NOUN	患者	bn:00061017n
d001.s034.t008	方面	NOUN	方面	bn:00006382n
d001.s034.t009	，	X	，	
d001.s034.t010	Alimta	NOUN	Alimta	bn:00006975n
d001.s034.t011	与	X	与	
d001.s034.t012	对照	ADJ	对照	bn:00097269a
d001.s034.t013	药物	NOUN	药物	bn:00028872n
d001.s034.t014	一样	ADV	一样	bn:00116284r
d001.s034.t015	有效	ADJ	有效	bn:00102038a
d001.s034.t016	。	X	。	
d001.s035.t001	对于	X	对于	
d001.s035.t002	过去	NOUN	过去	bn:00060927n
d001.s035.t003	接受	VERB	接受	bn:00082203v
d001.s035.t004	过	X	过	
d001.s035.t005	化疗	NOUN	化疗	bn:00001124n
d001.s035.t006	的	X	的	
d001.s035.t007	患者	NOUN	患者	bn:00061017n
d001.s035.t008	，	X	，	
d001.s035.t009	使用	VERB	使用	bn:00082873v
d001.s035.t010	Alimta	NOUN	Alimta	bn:00006975n
d001.s035.t011	治疗	VERB	治疗	bn:00084532v
d001.s035.t012	后	X	后	
d001.s035.t013	平均	ADJ	平均	bn:00097859a
d001.s035.t014	生存	NOUN	生存	bn:00030811n
d001.s035.t015	期	NOUN	期	bn:00061605n
d001.s035.t016	为	VERB	为	bn:00089309v
d001.s035.t017	8.3	X	8.3	
d001.s035.t018	个	NOUN	个	bn:00078738n
d001.s035.t019	月	NOUN	月	bn:00055794n
d001.s035.t020	，	X	，	
d001.s035.t021	而	ADV	而	bn:00115972r
d001.s035.t022	使用	VERB	使用	bn:00082873v
d001.s035.t023	多西他赛	NOUN	多西他赛	bn:00028512n
d001.s035.t024	治疗	VERB	治疗	bn:00084532v
d001.s035.t025	后	X	后	
d001.s035.t026	平均	ADJ	平均	bn:00097859a
d001.s035.t027	生存	NOUN	生存	bn:00030811n
d001.s035.t028	期	NOUN	期	bn:00061605n
d001.s035.t029	为	VERB	为	bn:00089309v
d001.s035.t030	7.9	X	7.9	
d001.s035.t031	个	NOUN	个	bn:00078738n
d001.s035.t032	月	NOUN	月	bn:00055794n
d001.s035.t033	。	X	。	
d001.s036.t001	对于	X	对于	
d001.s036.t002	既往	ADV	既往	bn:00115147r
d001.s036.t003	未	ADV	未	bn:00116623r
d001.s036.t004	接受	VERB	接受	bn:00082203v
d001.s036.t005	过	X	过	
d001.s036.t006	化疗	NOUN	化疗	bn:00001124n
d001.s036.t007	的	X	的	
d001.s036.t008	患者	NOUN	患者	bn:00061017n
d001.s036.t009	，	X	，	
d001.s036.t010	两	X	两	
d001.s036.t011	组	NOUN	组	bn:00025721n
d001.s036.t012	平均	ADJ	平均	bn:00097859a
d001.s036.t013	生存	NOUN	生存	bn:00030811n
d001.s036.t014	期	NOUN	期	bn:00061605n
d001.s036.t015	均	ADV	均	bn:00084611v
d001.s036.t016	为	VERB	为	bn:00089309v
d001.s036.t017	10.3	X	10.3	
d001.s036.t018	个	NOUN	个	bn:00078738n
d001.s036.t019	月	NOUN	月	bn:00055794n
d001.s036.t020	。	X	。	
d001.s037.t001	然而	ADV	然而	bn:00114216r
d001.s037.t002	，	X	，	
d001.s037.t003	在	X	在	
d001.s037.t004	这	X	这	
d001.s037.t005	两	X	两	
d001.s037.t006	项	NOUN	项	bn:00056816n
d001.s037.t007	研究	NOUN	研究	bn:00067280n
d001.s037.t008	中	X	中	
d001.s037.t009	，	X	，	
d001.s037.t010	对于	X	对于	
d001.s037.t011	癌症	NOUN	癌症	bn:00015180n
d001.s037.t012	未	ADV	未	bn:00117070r
d001.s037.t013	影响	VERB	影响	bn:00082426v
d001.s037.t014	到	X	到	
d001.s037.t015	鳞状	ADJ	鳞状	bn:00104578a
d001.s037.t016	细胞	NOUN	细胞	bn:00017027n
d001.s037.t017	的	X	的	
d001.s037.t018	患者	NOUN	患者	bn:00061017n
d001.s037.t019	，	X	，	
d001.s037.t020	接受	VERB	接受	bn:00082198v
d001.s037.t021	Alimta	NOUN	Alimta	bn:00048976n
d001.s037.t022	治疗	NOUN	治疗	bn:00047235n
d001.s037.t023	的	X	的	
d001.s037.t024	患者	NOUN	患者	bn:00061017n
d001.s037.t025	比	X	比	
d001.s037.t026	接受	VERB	接受	bn:00082198v
d001.s037.t027	对照	ADJ	对照	bn:00097269a
d001.s037.t028	药物	NOUN	药物	bn:00028872n
d001.s037.t029	治疗	NOUN	治疗	bn:00047235n
d001.s037.t030	的	X	的	
d001.s037.t031	患者	NOUN	患者	bn:00061017n
d001.s037.t032	存活	NOUN	存活	bn:00026697n
d001.s037.t033	时间	NOUN	时间	bn:00077267n
d001.s037.t034	更	ADV	更	bn:00116284r
d001.s037.t035	长	ADJ	长	bn:00106124a
d001.s037.t036	。	X	。	
d001.s038.t001	相反	ADV	相反	bn:00114842r
d001.s038.t002	，	X	，	
d001.s038.t003	癌症	NOUN	癌症	bn:00015180n
d001.s038.t004	影响	VERB	影响	bn:00082426v
d001.s038.t005	鳞状	ADJ	鳞状	bn:00104578a
d001.s038.t006	细胞	NOUN	细胞	bn:00017027n
d001.s038.t007	的	X	的	
d001.s038.t008	患者	NOUN	患者	bn:00061017n
d001.s038.t009	如果	X	如果	
d001.s038.t010	接受	VERB	接受	bn:00082198v
d001.s038.t011	Alimta	NOUN	Alimta	bn:00054841n
d001.s038.t012	治疗	NOUN	治疗	bn:00047235n
d001.s038.t013	则	ADV	则	bn:00114248r
d001.s038.t014	存活	NOUN	存活	bn:00026697n
d001.s038.t015	时间	NOUN	时间	bn:00029170n
d001.s038.t016	较	ADV	较	bn:00116284r
d001.s038.t017	短	ADJ	短	bn:00110562a
d001.s038.t018	。	X	。	
d002.s001.t001	kalgebra	NOUN	kalgebra	bn:00002676n
d002.s001.t002	是	VERB	是	bn:00083181v
d002.s001.t003	一个	X	一个	
d002.s001.t004	基于	VERB	基于	bn:00084209v
d002.s001.t005	内容	NOUN	内容	bn:00022153n
d002.s001.t006	标记	NOUN	标记	bn:00034012n
d002.s001.t007	MathML	NOUN	MathML	bn:00070813n
d002.s001.t008	语言	NOUN	语言	bn:00049910n
d002.s001.t009	的	X	的	
d002.s001.t010	数学	NOUN	数学	bn:00053823n
d002.s001.t011	计算器	NOUN	计算器	bn:00014687n
d002.s001.t012	。	X	。	
d002.s002.t001	现在	ADV	现在	bn:00114424r
d002.s002.t002	它	X	它	
d002.s002.t003	能够	VERB	能够	bn:00096153a
d002.s002.t004	进行	VERB	进行	bn:00087628v
d002.s002.t005	简单	ADJ	简单	bn:00110649a
d002.s002.t006	的	X	的	
d002.s002.t007	MathML	NOUN	MathML	bn:00070813n
d002.s002.t008	运算	NOUN	运算	bn:00059128n
d002.s002.t009	（	X	（	
d002.s002.t010	算术的	ADJ	算术的	bn:00097495a
d002.s002.t011	和	X	和	
d002.s002.t012	逻辑的	ADJ	逻辑的	bn:00109650a
d002.s002.t013	）	X	）	
d002.s002.t014	以及	X	以及	
d002.s002.t015	表示	VERB	表示	bn:00082913v
d002.s002.t016	2D	NOUN	2D	bn:00025827n
d002.s002.t017	和	X	和	
d002.s002.t018	3D	NOUN	3D	bn:00000101n
d002.s002.t019	图形	NOUN	图形	bn:00005929n
d002.s002.t020	。	X	。	
d002.s003.t001	实际上	ADV	实际上	bn:00115252r
d002.s003.t002	，	X	，	
d002.s003.t003	不	ADV	不	bn:00057809n
d002.s003.t004	需要	VERB	需要	bn:00082822v
d002.s003.t005	了解	VERB	了解	bn:00095375v
d002.s003.t006	MathML	NOUN	MathML	bn:00046516n
d002.s003.t007	就	ADV	就	bn:00114626r
d002.s003.t008	可以	VERB	可以	bn:00096151a
d002.s003.t009	使用	VERB	使用	bn:00082711v
d002.s003.t010	kalgebra	NOUN	kalgebra	bn:00002676n
d002.s003.t011	。	X	。	
d002.s004.t001	kalgebra	NOUN	kalgebra	bn:00002676n
d002.s004.t002	是	VERB	是	bn:00083181v
d002.s004.t003	一个	X	一个	
d002.s004.t004	基于	VERB	基于	bn:00084209v
d002.s004.t005	MathML	NOUN	MathML	bn:00046516n
d002.s004.t006	的	X	的	
d002.s004.t007	图形	NOUN	图形	bn:00005929n
d002.s004.t008	计算器	NOUN	计算器	bn:00014687n
d002.s004.t009	。	X	。	
d002.s005.t001	尽管	X	尽管	
d002.s005.t002	它	X	它	
d002.s005.t003	最初	ADV	最初	bn:00115832r
d002.s005.t004	是	VERB	是	bn:00083181v
d002.s005.t005	面向	VERB	面向	bn:00087942v
d002.s005.t006	MathML	NOUN	MathML	bn:00046516n
d002.s005.t007	的	X	的	
d002.s005.t008	，	X	，	
d002.s005.t009	但是	ADV	但是	bn:00114216r
d002.s005.t010	现在	ADV	现在	bn:00116382r
d002.s005.t011	任何	X	任何	
d002.s005.t012	具有	VERB	具有	bn:00089241v
d002.s005.t013	少量	ADJ	少量	bn:00116212r
d002.s005.t014	数学	ADJ	数学	bn:00106488a
d002.s005.t015	知识	NOUN	知识	bn:00020452n
d002.s005.t016	的	X	的	
d002.s005.t017	人	NOUN	人	bn:00046516n
d002.s005.t018	都	ADV	都	bn:00114245r
d002.s005.t019	可以	VERB	可以	bn:00096151a
d002.s005.t020	使用	VERB	使用	bn:00082873v
d002.s005.t021	它	X	它	
d002.s005.t022	。	X	。	
d002.s006.t001	这	X	这	
d002.s006.t002	是	VERB	是	bn:00083182v
d002.s006.t003	kalgebra	NOUN	kalgebra	bn:00002676n
d002.s006.t004	主	ADJ	主	bn:00052018n
d002.s006.t005	窗口	NOUN	窗口	bn:00081292n
d002.s006.t006	的	X	的	
d002.s006.t007	屏幕截图	NOUN	屏幕截图	bn:00045772n
d002.s007.t001	kalgebra	NOUN	kalgebra	bn:00051346n
d002.s007.t002	主窗口	NOUN	主窗口	bn:00075481n
d002.s008.t001	kalgebra	NOUN	kalgebra	bn:00002676n
d002.s008.t002	主窗口	NOUN	主窗口	bn:00024098n
d002.s008.t003	由	X	由	
d002.s008.t004	一	X	一	
d002.s008.t005	个	NOUN	个	bn:00078738n
d002.s008.t006	控制台	NOUN	控制台	bn:00022002n
d002.s008.t007	选项卡	NOUN	选项卡	bn:00048996n
d002.s008.t008	、	X	、	
d002.s008.t009	一	X	一	
d002.s008.t010	个	NOUN	个	bn:00078738n
d002.s008.t011	二维	NOUN	二维	bn:00036116n
d002.s008.t012	图形	NOUN	图形	bn:00005929n
d002.s008.t013	选项卡	NOUN	选项卡	bn:00048996n
d002.s008.t014	、	X	、	
d002.s008.t015	一个	X	一个	
d002.s008.t016	三维	NOUN	三维	bn:00036116n
d002.s008.t017	图形	NOUN	图形	bn:00005929n
d002.s008.t018	选项卡	NOUN	选项卡	bn:00048996n
d002.s008.t019	和	X	和	
d002.s008.t020	一	X	一	
d002.s008.t021	个	NOUN	个	bn:00078738n
d002.s008.t022	词典	NOUN	词典	bn:00026967n
d002.s008.t023	选项卡	NOUN	选项卡	bn:00048996n
d002.s008.t024	组成	VERB	组成	bn:00085670v
d002.s008.t025	。	X	。	
d002.s009.t001	在	X	在	
d002.s009.t002	这些	X	这些	
d002.s009.t003	选项卡	NOUN	选项卡	bn:00021395n
d002.s009.t004	下面	ADV	下面	bn:00107238a
d002.s009.t005	，	X	，	
d002.s009.t006	您	X	您	
d002.s009.t007	将	X	将	
d002.s009.t008	看到	VERB	看到	bn:00083356v
d002.s009.t009	一	X	一	
d002.s009.t010	个	NOUN	个	bn:00078738n
d002.s009.t011	输入	NOUN	输入	bn:00046850n
d002.s009.t012	字段	NOUN	字段	bn:00034274n
d002.s009.t013	，	X	，	
d002.s009.t014	您	X	您	
d002.s009.t015	可以	VERB	可以	bn:00096151a
d002.s009.t016	用	VERB	用	bn:00082711v
d002.s009.t017	它	X	它	
d002.s009.t018	来	X	来	
d002.s009.t019	输入	VERB	输入	bn:00089626v
d002.s009.t020	函数	NOUN	函数	bn:00036821n
d002.s009.t021	或	X	或	
d002.s009.t022	进行	VERB	进行	bn:00088913v
d002.s009.t023	计算	NOUN	计算	bn:00014688n
d002.s009.t024	。	X	。	
d002.s010.t001	如果	X	如果	
d002.s010.t002	我们	X	我们	
d002.s010.t003	想	VERB	想	bn:00086682v
d002.s010.t004	了解	VERB	了解	bn:00095375v
d002.s010.t005	它	X	它	
d002.s010.t006	是	VERB	是	bn:00083181v
d002.s010.t007	如何	ADV	如何	bn:00114047r
d002.s010.t008	工作	VERB	工作	bn:00095812v
d002.s010.t009	的	X	的	
d002.s010.t010	，	X	，	
d002.s010.t011	我们	X	我们	
d002.s010.t012	能	VERB	能	bn:00096153a
d002.s010.t013	做	VERB	做	bn:00087106v
d002.s010.t014	的	X	的	
d002.s010.t015	最好	ADV	最好	bn:00114536r
d002.s010.t016	的	X	的	
d002.s010.t017	事情	NOUN	事情	bn:00076919n
d002.s010.t018	就是	ADV	就是	bn:00115376r
d002.s010.t019	意识到	VERB	意识到	bn:00092443v
d002.s010.t020	我们	X	我们	
d002.s010.t021	的	X	的	
d002.s010.t022	输入	NOUN	输入	bn:00046850n
d002.s010.t023	正在	ADV	正在	bn:00115313r
d002.s010.t024	转换	VERB	转换	bn:00084784v
d002.s010.t025	成	VERB	成	bn:00083294v
d002.s010.t026	MathML	NOUN	MathML	bn:00046516n
d002.s010.t027	，	X	，	
d002.s010.t028	尽管	X	尽管	
d002.s010.t029	没有	VERB	没有	bn:00090161v
d002.s010.t030	必要	NOUN	必要	bn:00026107n
d002.s010.t031	了解	VERB	了解	bn:00095375v
d002.s010.t032	MathML	NOUN	MathML	bn:00046516n
d002.s010.t033	。	X	。	
d002.s011.t001	我	X	我	
d002.s011.t002	的	X	的	
d002.s011.t003	语法	NOUN	语法	bn:00041302n
d002.s011.t004	基本上	ADV	基本上	bn:00114508r
d002.s011.t005	是	VERB	是	bn:00083181v
d002.s011.t006	基于	VERB	基于	bn:00084209v
d002.s011.t007	常识	NOUN	常识	bn:00021113n
d002.s011.t008	的	X	的	
d002.s011.t009	，	X	，	
d002.s011.t010	对于	X	对于	
d002.s011.t011	任何	X	任何	
d002.s011.t012	人	NOUN	人	bn:00046516n
d002.s011.t013	来说	X	来说	
d002.s011.t014	这	X	这	
d002.s011.t015	都	ADV	都	bn:00114245r
d002.s011.t016	应该	VERB	应该	bn:00083357v
d002.s011.t017	不	ADV	不	bn:00057809n
d002.s011.t018	难	ADJ	难	bn:00101358a
d002.s011.t019	。	X	。	
d002.s012.t001	我	X	我	
d002.s012.t002	仔细	ADV	仔细	bn:00099268a
d002.s012.t003	研究	VERB	研究	bn:00082596v
d002.s012.t004	了	X	了	
d002.s012.t005	maxima	NOUN	maxima	bn:00048990n
d002.s012.t006	和	X	和	
d002.s012.t007	maple	NOUN	maple	bn:00053308n
d002.s012.t008	的	X	的	
d002.s012.t009	语法	NOUN	语法	bn:00041302n
d002.s012.t010	，	X	，	
d002.s012.t011	发现	VERB	发现	bn:00086708v
d002.s012.t012	它们	X	它们	
d002.s012.t013	看起来	VERB	看起来	bn:00082690v
d002.s012.t014	非常	ADV	非常	bn:00116270r
d002.s012.t015	相似	ADJ	相似	bn:00110647a
d002.s012.t016	。	X	。	
d002.s013.t001	#ERROR!	X	#ERROR!	
d002.s013.t002	-	X	-	
d002.s013.t003	*	X	*	
d002.s013.t004	/	X	/	
d002.s013.t005	：	X	：	
d002.s013.t006	加	NOUN	加	bn:00082321v
d002.s013.t007	、	X	、	
d002.s013.t008	减	NOUN	减	bn:00036154n
d002.s013.t009	、	X	、	
d002.s013.t010	乘	NOUN	乘	bn:00090977v
d002.s013.t011	、	X	、	
d002.s013.t012	除	NOUN	除	bn:00036154n
d002.s013.t013	。	X	。	
d002.s014.t001	^	X	^	
d002.s014.t002	，	X	，	
d002.s014.t003	*	X	*	
d002.s014.t004	*	X	*	
d002.s014.t005	：	X	：	
d002.s014.t006	幂	NOUN	幂	bn:00032362n
d002.s014.t007	，	X	，	
d002.s014.t008	你	X	你	
d002.s014.t009	可以	VERB	可以	bn:00096151a
d002.s014.t010	同时	ADV	同时	bn:00114206r
d002.s014.t011	使用	VERB	使用	bn:00082711v
d002.s014.t012	它们	X	它们	
d002.s014.t013	。	X	。	
d002.s015.t001	也	ADV	也	bn:00114246r
d002.s015.t002	可以	VERB	可以	bn:00096151a
d002.s015.t003	使用	VERB	使用	bn:00082711v
d002.s015.t004	unicode²	NOUN	unicode²	bn:00070574n
d002.s015.t005	字符	NOUN	字符	bn:00017746n
d002.s015.t006	。	X	。	
d002.s016.t001	幂	NOUN	幂	bn:00032362n
d002.s016.t002	也是	VERB	也是	bn:00083181v
d002.s016.t003	建立	VERB	建立	bn:00087714v
d002.s016.t004	根	NOUN	根	bn:00068247n
d002.s016.t005	的	X	的	
d002.s016.t006	一	X	一	
d002.s016.t007	种	NOUN	种	bn:00070254n
d002.s016.t008	方法	NOUN	方法	bn:00054625n
d002.s016.t009	。	X	。	
d002.s017.t001	-	X	-	
d002.s017.t002	gt	NOUN	gt	bn:00003268n
d002.s017.t003	：	X	：	
d002.s017.t004	这	X	这	
d002.s017.t005	是	VERB	是	bn:00083182v
d002.s017.t006	在	X	在	
d002.s017.t007	函数	NOUN	函数	bn:00036821n
d002.s017.t008	中	X	中	
d002.s017.t009	指定	VERB	指定	bn:00082857v
d002.s017.t010	有界	ADJ	有界	bn:00109453a
d002.s017.t011	变量	NOUN	变量	bn:00079581n
d002.s017.t012	的	X	的	
d002.s017.t013	方法	NOUN	方法	bn:00054625n
d002.s017.t014	。	X	。	
d002.s018.t001	（	X	（	
d002.s018.t002	）	X	）	
d002.s018.t003	：	X	：	
d002.s018.t004	用于	VERB	用于	bn:00082822v
d002.s018.t005	指定	VERB	指定	bn:00082857v
d002.s018.t006	较	ADV	较	bn:00115313r
d002.s018.t007	高	ADJ	高	bn:00104162a
d002.s018.t008	的	X	的	
d002.s018.t009	优先级	NOUN	优先级	bn:00016401n
d002.s018.t010	。	X	。	
d002.s019.t001	abc	NOUN	abc	bn:00000242n
d002.s019.t002	(	X	(	
d002.s019.t003	params	NOUN	params	bn:00060542n
d002.s019.t004	)	X	)	
d002.s019.t005	：	X	：	
d002.s019.t006	当	X	当	
d002.s019.t007	解析器	NOUN	解析器	bn:00060753n
d002.s019.t008	找到	VERB	找到	bn:00086708v
d002.s019.t009	一个	X	一个	
d002.s019.t010	函数	NOUN	函数	bn:00036821n
d002.s019.t011	时	X	时	
d002.s019.t012	，	X	，	
d002.s019.t013	它	X	它	
d002.s019.t014	会	VERB	会	bn:00090141v
d002.s019.t015	检查	VERB	检查	bn:00087787v
d002.s019.t016	abc	NOUN	abc	bn:00000242n
d002.s019.t017	是否	ADV	是否	bn:00114248r
d002.s019.t018	是	VERB	是	bn:00083181v
d002.s019.t019	一个	X	一个	
d002.s019.t020	运算	NOUN	运算	bn:00053826n
d002.s019.t021	符	NOUN	符	bn:00017752n
d002.s019.t022	。	X	。	
d002.s020.t001	如果	X	如果	
d002.s020.t002	是	VERB	是	bn:00083182v
d002.s020.t003	，	X	，	
d002.s020.t004	它	X	它	
d002.s020.t005	将	X	将	
d002.s020.t006	被	X	被	
d002.s020.t007	视为	VERB	视为	bn:00083181v
d002.s020.t008	运算符	NOUN	运算符	bn:00005677n
d002.s020.t009	，	X	，	
d002.s020.t010	如果	X	如果	
d002.s020.t011	不是	VERB	不是	bn:00083181v
d002.s020.t012	，	X	，	
d002.s020.t013	它	X	它	
d002.s020.t014	将	ADV	将	bn:00088078v
d002.s020.t015	被	X	被	
d002.s020.t016	视为	VERB	视为	bn:00083181v
d002.s020.t017	用户	NOUN	用户	bn:00079373n
d002.s020.t018	函数	NOUN	函数	bn:00036821n
d002.s020.t019	。	X	。	
d002.s021.t001	：	X	：	
d002.s021.t002	#ERROR!	X	#ERROR!	
d002.s021.t003	：	X	：	
d002.s021.t004	用于	VERB	用于	bn:00082822v
d002.s021.t005	定义	VERB	定义	bn:00025928n
d002.s021.t006	一个	X	一个	
d002.s021.t007	变量	NOUN	变量	bn:00079581n
d002.s021.t008	值	NOUN	值	bn:00079508n
d002.s021.t009	。	X	。	
d002.s022.t001	？	X	？	
d002.s022.t002	：	X	：	
d002.s022.t003	分段	NOUN	分段	bn:00012418n
d002.s022.t004	条件	ADJ	条件	bn:00021649n
d002.s022.t005	定义	NOUN	定义	bn:00025928n
d002.s022.t006	。	X	。	
d002.s023.t001	我们	X	我们	
d002.s023.t002	可以	VERB	可以	bn:00096151a
d002.s023.t003	在	X	在	
d002.s023.t004	kalgebra	NOUN	kalgebra	bn:00002676n
d002.s023.t005	中	X	中	
d002.s023.t006	定义	VERB	定义	bn:00025928n
d002.s023.t007	条件	ADJ	条件	bn:00064921n
d002.s023.t008	运算	NOUN	运算	bn:00053826n
d002.s023.t009	的	X	的	
d002.s023.t010	方式	NOUN	方式	bn:00054625n
d002.s023.t011	是	VERB	是	bn:00083182v
d002.s023.t012	分段	NOUN	分段	bn:00077220n
d002.s023.t013	方式	NOUN	方式	bn:00054625n
d002.s023.t014	。	X	。	
d002.s024.t001	如果	X	如果	
d002.s024.t002	我们	X	我们	
d002.s024.t003	在	X	在	
d002.s024.t004	?	X	?	
d002.s024.t005	之前	NOUN	之前	bn:00114512r
d002.s024.t006	引入	VERB	引入	bn:00089693v
d002.s024.t007	条件	NOUN	条件	bn:00064921n
d002.s024.t008	，	X	，	
d002.s024.t009	则	ADV	则	bn:00115376r
d002.s024.t010	仅	ADV	仅	bn:00114626r
d002.s024.t011	当	X	当	
d002.s024.t012	条件	NOUN	条件	bn:00021649n
d002.s024.t013	为	VERB	为	bn:00089309v
d002.s024.t014	真	NOUN	真	bn:00078452n
d002.s024.t015	时	X	时	
d002.s024.t016	才	X	才	
d002.s024.t017	会	X	会	
d002.s024.t018	使用	VERB	使用	bn:00082873v
d002.s024.t019	此	X	此	
d002.s024.t020	条件	NOUN	条件	bn:00064921n
d002.s024.t021	，	X	，	
d002.s024.t022	如果	X	如果	
d002.s024.t023	发现	VERB	发现	bn:00086708v
d002.s024.t024	没有	VERB	没有	bn:00090161v
d002.s024.t025	任何	X	任何	
d002.s024.t026	条件	NOUN	条件	bn:00064921n
d002.s024.t027	的	X	的	
d002.s024.t028	?	X	?	
d002.s024.t029	，	X	，	
d002.s024.t030	它	X	它	
d002.s024.t031	将	X	将	
d002.s024.t032	进入	VERB	进入	bn:00085363v
d002.s024.t033	最后	ADJ	最后	bn:00105740a
d002.s024.t034	一	X	一	
d002.s024.t035	个	NOUN	个	bn:00046516n
d002.s024.t036	实例	NOUN	实例	bn:00016401n
d002.s024.t037	。	X	。	
d002.s025.t001	{	X	{	
d002.s025.t002	}	X	}	
d002.s025.t003	：	X	：	
d002.s025.t004	MathML	NOUN	MathML	bn:00070813n
d002.s025.t005	容器	NOUN	容器	bn:00022129n
d002.s025.t006	。	X	。	
d002.s026.t001	它	X	它	
d002.s026.t002	可	VERB	可	bn:00083181v
d002.s026.t003	用于	VERB	用于	bn:00089575v
d002.s026.t004	定义	VERB	定义	bn:00025928n
d002.s026.t005	一个	X	一个	
d002.s026.t006	容器	NOUN	容器	bn:00022129n
d002.s026.t007	。	X	。	
d002.s027.t001	主要	ADV	主要	bn:00115418r
d002.s027.t002	用于	VERB	用于	bn:00083834v
d002.s027.t003	分段	NOUN	分段	bn:00012418n
d002.s027.t004	工作	NOUN	工作	bn:00049573n
d002.s027.t005	。	X	。	
d002.s028.t001	现在	ADV	现在	bn:00114424r
d002.s028.t002	您	X	您	
d002.s028.t003	可能	VERB	可能	bn:00114523r
d002.s028.t004	会	VERB	会	bn:00090141v
d002.s028.t005	问	VERB	问	bn:00082817v
d002.s028.t006	我	X	我	
d002.s028.t007	，	X	，	
d002.s028.t008	用户	NOUN	用户	bn:00079373n
d002.s028.t009	为什么	ADV	为什么	bn:00080992n
d002.s028.t010	要	VERB	要	bn:00082822v
d002.s028.t011	介意	VERB	介意	bn:00090793v
d002.s028.t012	MathML	NOUN	MathML	bn:00046516n
d002.s028.t013	？	X	？	
d002.s029.t001	这	X	这	
d002.s029.t002	很	ADV	很	bn:00115619r
d002.s029.t003	简单	ADJ	简单	bn:00110649a
d002.s029.t004	。	X	。	
d002.s029.t005	有	VERB	有	bn:00089240v
d002.s029.t006	了	X	了	
d002.s029.t007	它	X	它	
d002.s029.t008	，	X	，	
d002.s029.t009	我们	X	我们	
d002.s029.t010	就	ADV	就	bn:00114626r
d002.s029.t011	可以	VERB	可以	bn:00096151a
d002.s029.t012	操作	VERB	操作	bn:00085744v
d002.s029.t013	cos	NOUN	cos	bn:00036154n
d002.s029.t014	(	X	(	
d002.s029.t015	)	X	)	
d002.s029.t016	、	X	、	
d002.s029.t017	sin	NOUN	sin	bn:00036154n
d002.s029.t018	(	X	(	
d002.s029.t019	)	X	)	
d002.s029.t020	等	ADV	等	bn:00114282r
d002.s029.t021	函数	NOUN	函数	bn:00036821n
d002.s029.t022	，	X	，	
d002.s029.t023	以及	X	以及	
d002.s029.t024	任何	X	任何	
d002.s029.t025	其他	ADJ	其他	bn:00108011a
d002.s029.t026	三角	NOUN	三角	bn:00078208n
d002.s029.t027	函数	NOUN	函数	bn:00036821n
d002.s029.t028	、	X	、	
d002.s029.t029	sum	NOUN	sum	bn:00036154n
d002.s029.t030	(	X	(	
d002.s029.t031	)	X	)	
d002.s029.t032	或	X	或	
d002.s029.t033	product	NOUN	product	bn:00053827n
d002.s029.t034	(	X	(	
d002.s029.t035	)	X	)	
d002.s029.t036	。	X	。	
d002.s030.t001	不管	ADV	不管	bn:00115067r
d002.s030.t002	是	VERB	是	bn:00083181v
d002.s030.t003	哪	X	哪	
d002.s030.t004	种	NOUN	种	bn:00070254n
d002.s030.t005	类型	NOUN	类型	bn:00012759n
d002.s030.t006	。	X	。	
d002.s031.t001	我们	X	我们	
d002.s031.t002	可以	VERB	可以	bn:00096151a
d002.s031.t003	使用	VERB	使用	bn:00082873v
d002.s031.t004	plus	NOUN	plus	bn:00055233n
d002.s031.t005	(	X	(	
d002.s031.t006	)	X	)	
d002.s031.t007	、	X	、	
d002.s031.t008	times	NOUN	times	bn:00056300n
d002.s031.t009	(	X	(	
d002.s031.t010	)	X	)	
d002.s031.t011	以及	X	以及	
d002.s031.t012	所有	X	所有	
d002.s031.t013	带有	VERB	带有	bn:00083181v
d002.s031.t014	其	X	其	
d002.s031.t015	运算符	NOUN	运算符	bn:00005677n
d002.s031.t016	的	X	的	
d002.s031.t017	函数	NOUN	函数	bn:00036821n
d002.s031.t018	。	X	。	
d002.s032.t001	kalgebra	NOUN	kalgebra	bn:00002676n
d002.s032.t002	的	X	的	
d002.s032.t003	控制台	NOUN	控制台	bn:00022002n
d002.s032.t004	可	VERB	可	bn:00083181v
d002.s032.t005	用作	VERB	用作	bn:00082295v
d002.s032.t006	计算器	NOUN	计算器	bn:00014687n
d002.s032.t007	。	X	。	
d002.s033.t001	这里	X	这里	
d002.s033.t002	有	VERB	有	bn:00083181v
d002.s033.t003	一个	X	一个	
d002.s033.t004	已	ADV	已	bn:00114245r
d002.s033.t005	声明	VERB	声明	bn:00082638v
d002.s033.t006	变量	NOUN	变量	bn:00079581n
d002.s033.t007	的	X	的	
d002.s033.t008	列表	NOUN	列表	bn:00051508n
d002.s033.t009	。	X	。	
d002.s034.t001	通过	X	通过	
d002.s034.t002	双击	VERB	双击	bn:00091986v
d002.s034.t003	它们	X	它们	
d002.s034.t004	，	X	，	
d002.s034.t005	您	X	您	
d002.s034.t006	将	X	将	
d002.s034.t007	看到	VERB	看到	bn:00083356v
d002.s034.t008	一	X	一	
d002.s034.t009	个	NOUN	个	bn:00078738n
d002.s034.t010	对话框	NOUN	对话框	bn:00026837n
d002.s034.t011	，	X	，	
d002.s034.t012	您	X	您	
d002.s034.t013	可以	VERB	可以	bn:00096151a
d002.s034.t014	更改	VERB	更改	bn:00084931v
d002.s034.t015	它们	X	它们	
d002.s034.t016	的	X	的	
d002.s034.t017	值	NOUN	值	bn:00079508n
d002.s034.t018	（	X	（	
d002.s034.t019	这	X	这	
d002.s034.t020	只	ADV	只	bn:00054438n
d002.s034.t021	是	VERB	是	bn:00083182v
d002.s034.t022	一	X	一	
d002.s034.t023	种	NOUN	种	bn:00070254n
d002.s034.t024	欺骗	VERB	欺骗	bn:00088310v
d002.s034.t025	日志	NOUN	日志	bn:00026887n
d002.s034.t026	的	X	的	
d002.s034.t027	方法	NOUN	方法	bn:00054625n
d002.s034.t028	）	X	）	
d002.s034.t029	。	X	。	
d002.s035.t001	每次	ADV	每次	bn:00114568r
d002.s035.t002	输入	VERB	输入	bn:00089764v
d002.s035.t003	表达式	NOUN	表达式	bn:00032395n
d002.s035.t004	时	X	时	
d002.s035.t005	，	X	，	
d002.s035.t006	“	X	“	
d002.s035.t007	”	X	”	
d002.s035.t008	和	X	和	
d002.s035.t009	“	X	“	
d002.s035.t010	”	X	”	
d002.s035.t011	变量	NOUN	变量	bn:00079581n
d002.s035.t012	值	NOUN	值	bn:00079508n
d002.s035.t013	都会	VERB	都会	bn:00083181v
d002.s035.t014	更改	VERB	更改	bn:00087823v
d002.s035.t015	为	X	为	
d002.s035.t016	最后	ADJ	最后	bn:00105740a
d002.s035.t017	一个	X	一个	
d002.s035.t018	结果	NOUN	结果	bn:00034520n
d002.s035.t019	。	X	。	
d002.s036.t001	Ctrl	NOUN	Ctrl	bn:00050523n
d002.s036.t002	N	NOUN	N	bn:00056688n
d002.s036.t003	新	ADJ	新	bn:00107267a
d002.s036.t004	窗口	NOUN	窗口	bn:00081291n
d002.s037.t001	刷新	VERB	刷新	bn:00059879n
d002.s037.t002	日志	NOUN	日志	bn:00026887n
d002.s037.t003	。	X	。	
d002.s038.t001	Ctrl	NOUN	Ctrl	bn:00050523n
d002.s038.t002	L	NOUN	L	bn:00049538n
d002.s038.t003	加载	VERB	加载	bn:00082845v
d002.s038.t004	脚本	NOUN	脚本	bn:00012062n
d002.s039.t001	按	X	按	
d002.s039.t002	顺序	NOUN	顺序	bn:00041236n
d002.s039.t003	执行	VERB	执行	bn:00087823v
d002.s039.t004	文件	NOUN	文件	bn:00028018n
d002.s039.t005	中	X	中	
d002.s039.t006	的	X	的	
d002.s039.t007	指令	NOUN	指令	bn:00020945n
d002.s039.t008	。	X	。	
d002.s040.t001	如果	X	如果	
d002.s040.t002	您	X	您	
d002.s040.t003	想	VERB	想	bn:00086682v
d002.s040.t004	定义	VERB	定义	bn:00025928n
d002.s040.t005	一些	ADJ	一些	bn:00110911a
d002.s040.t006	库	NOUN	库	bn:00026388n
d002.s040.t007	或者	X	或者	
d002.s040.t008	恢复	VERB	恢复	bn:00088210v
d002.s040.t009	一些	ADJ	一些	bn:00110911a
d002.s040.t010	以前	ADJ	以前	bn:00114512r
d002.s040.t011	的	X	的	
d002.s040.t012	工作	NOUN	工作	bn:00049573n
d002.s040.t013	，	X	，	
d002.s040.t014	那	ADV	那	bn:00116382r
d002.s040.t015	就	X	就	
d002.s040.t016	太	ADV	太	bn:00116284r
d002.s040.t017	好	ADJ	好	bn:00096817a
d002.s040.t018	了	X	了	
d002.s040.t019	。	X	。	
d002.s041.t001	Ctrl	NOUN	Ctrl	bn:00019758n
d002.s041.t002	G	NOUN	G	bn:00036962n
d002.s041.t003	保存	VERB	保存	bn:00091983v
d002.s041.t004	脚本	NOUN	脚本	bn:00012062n
d002.s042.t001	保存	VERB	保存	bn:00091983v
d002.s042.t002	您	X	您	
d002.s042.t003	自	X	自	
d002.s042.t004	会话	NOUN	会话	bn:00022349n
d002.s042.t005	开始	VERB	开始	bn:00083341v
d002.s042.t006	以来	X	以来	
d002.s042.t007	键入	VERB	键入	bn:00087823v
d002.s042.t008	的	X	的	
d002.s042.t009	指令	NOUN	指令	bn:00020945n
d002.s042.t010	，	X	，	
d002.s042.t011	以便	ADV	以便	bn:00115147r
d002.s042.t012	能够	VERB	能够	bn:00096153a
d002.s042.t013	重复使用	VERB	重复使用	bn:00087174v
d002.s042.t014	。	X	。	
d002.s043.t001	生成	VERB	生成	bn:00087823v
d002.s043.t002	文本	NOUN	文本	bn:00076732n
d002.s043.t003	文件	NOUN	文件	bn:00028015n
d002.s043.t004	，	X	，	
d002.s043.t005	因此	ADV	因此	bn:00115635r
d002.s043.t006	使用	VERB	使用	bn:00082711v
d002.s043.t007	任何	X	任何	
d002.s043.t008	文本	NOUN	文本	bn:00076732n
d002.s043.t009	编辑器	NOUN	编辑器	bn:00019764n
d002.s043.t010	（	X	（	
d002.s043.t011	如	X	如	
d002.s043.t012	Kate	NOUN	Kate	bn:00046516n
d002.s043.t013	）	X	）	
d002.s043.t014	都	ADV	都	bn:00114245r
d002.s043.t015	可以	VERB	可以	bn:00096151a
d002.s043.t016	轻松	ADV	轻松	bn:00116115r
d002.s043.t017	修复	VERB	修复	bn:00084308v
d002.s043.t018	。	X	。	
d002.s044.t001	Ctrl	NOUN	Ctrl	bn:00046516n
d002.s044.t002	S	NOUN	S	bn:00068673n
d002.s044.t003	保存	NOUN	保存	bn:00064224n
d002.s044.t004	日志	NOUN	日志	bn:00026887n
d002.s045.t001	将	X	将	
d002.s045.t002	所有	X	所有	
d002.s045.t003	结果	NOUN	结果	bn:00021961n
d002.s045.t004	的	X	的	
d002.s045.t005	日志	NOUN	日志	bn:00026887n
d002.s045.t006	保存	VERB	保存	bn:00091983v
d002.s045.t007	到	X	到	
d002.s045.t008	HTML	NOUN	HTML	bn:00045087n
d002.s045.t009	文件	NOUN	文件	bn:00028015n
d002.s045.t010	中	X	中	
d002.s045.t011	，	X	，	
d002.s045.t012	以便	ADV	以便	bn:00115147r
d002.s045.t013	打印	VERB	打印	bn:00113966a
d002.s045.t014	或	X	或	
d002.s045.t015	发布	VERB	发布	bn:00084099v
d002.s045.t016	。	X	。	
d002.s046.t001	Ctrl	NOUN	Ctrl	bn:00050523n
d002.s046.t002	Q	NOUN	Q	bn:00065472n
d002.s046.t003	退出	VERB	退出	bn:00087845v
d002.s047.t001	关闭	VERB	关闭	bn:00085162v
d002.s047.t002	程序	NOUN	程序	bn:00021492n
d002.s047.t003	。	X	。	
d002.s048.t001	要	VERB	要	bn:00086682v
d002.s048.t002	在	X	在	
d002.s048.t003	kalgebra	NOUN	kalgebra	bn:00002676n
d002.s048.t004	上	X	上	
d002.s048.t005	添加	VERB	添加	bn:00082317v
d002.s048.t006	新	ADJ	新	bn:00107267a
d002.s048.t007	的	X	的	
d002.s048.t008	2D	NOUN	2D	bn:00024550n
d002.s048.t009	图形	NOUN	图形	bn:00005929n
d002.s048.t010	，	X	，	
d002.s048.t011	您	X	您	
d002.s048.t012	需要	VERB	需要	bn:00091028v
d002.s048.t013	做	VERB	做	bn:00087106v
d002.s048.t014	的	X	的	
d002.s048.t015	是	VERB	是	bn:00083182v
d002.s048.t016	转到	VERB	转到	bn:00085363v
d002.s048.t017	“	X	“	
d002.s048.t018	2D	NOUN	2D	bn:00046516n
d002.s048.t019	图形	NOUN	图形	bn:00005929n
d002.s048.t020	”	X	”	
d002.s048.t021	选项	NOUN	选项	bn:00003132n
d002.s048.t022	，	X	，	
d002.s048.t023	然后	ADV	然后	bn:00114281r
d002.s048.t024	单击	VERB	单击	bn:00091986v
d002.s048.t025	“	X	“	
d002.s048.t026	添加	VERB	添加	bn:00082317v
d002.s048.t027	”	X	”	
d002.s048.t028	选项卡	NOUN	选项卡	bn:00046516n
d002.s048.t029	以	X	以	
d002.s048.t030	添加	VERB	添加	bn:00082317v
d002.s048.t031	新	ADJ	新	bn:00107267a
d002.s048.t032	函数	NOUN	函数	bn:00036821n
d002.s048.t033	。	X	。	
d002.s049.t001	然后	ADV	然后	bn:00114281r
d002.s049.t002	你	X	你	
d002.s049.t003	的	X	的	
d002.s049.t004	焦点	NOUN	焦点	bn:00035557n
d002.s049.t005	将	X	将	
d002.s049.t006	转到	VERB	转到	bn:00082221v
d002.s049.t007	输入	NOUN	输入	bn:00046850n
d002.s049.t008	文本	NOUN	文本	bn:00076732n
d002.s049.t009	框	NOUN	框	bn:00025721n
d002.s049.t010	，	X	，	
d002.s049.t011	你	X	你	
d002.s049.t012	可以	VERB	可以	bn:00096151a
d002.s049.t013	在	X	在	
d002.s049.t014	其中	X	其中	
d002.s049.t015	输入	VERB	输入	bn:00089626v
d002.s049.t016	你	X	你	
d002.s049.t017	的	X	的	
d002.s049.t018	函数	NOUN	函数	bn:00036821n
d002.s049.t019	。	X	。	
d002.s050.t001	如果	X	如果	
d002.s050.t002	您	X	您	
d002.s050.t003	想	VERB	想	bn:00086682v
d002.s050.t004	使用	VERB	使用	bn:00082711v
d002.s050.t005	典型	ADJ	典型	bn:00112216a
d002.s050.t006	的	X	的	
d002.s050.t007	f(x)	NOUN	f(x)	bn:00032395n
d002.s050.t008	函数	NOUN	函数	bn:00036821n
d002.s050.t009	，	X	，	
d002.s050.t010	则	ADV	则	bn:00115266r
d002.s050.t011	无需	ADV	无需	bn:00115313r
d002.s050.t012	指定	VERB	指定	bn:00082857v
d002.s050.t013	它	X	它	
d002.s050.t014	。	X	。	
d002.s051.t001	如果	X	如果	
d002.s051.t002	您	X	您	
d002.s051.t003	已经	ADV	已经	bn:00114245r
d002.s051.t004	输入	VERB	输入	bn:00089626v
d002.s051.t005	该	X	该	
d002.s051.t006	功能	NOUN	功能	bn:00036822n
d002.s051.t007	请	VERB	请	bn:00083476v
d002.s051.t008	单击	VERB	单击	bn:00091986v
d002.s051.t009	“	X	“	
d002.s051.t010	确定	ADJ	确定	bn:00103043a
d002.s051.t011	”	X	”	
d002.s051.t012	按钮	NOUN	按钮	bn:00014306n
d002.s051.t013	以	X	以	
d002.s051.t014	在	X	在	
d002.s051.t015	主窗口	NOUN	主窗口	bn:00024098n
d002.s051.t016	中	X	中	
d002.s051.t017	显示	VERB	显示	bn:00087013v
d002.s051.t018	图表	NOUN	图表	bn:00017904n
d002.s051.t019	。	X	。	
d002.s052.t001	您	X	您	
d002.s052.t002	可以	VERB	可以	bn:00096151a
d002.s052.t003	在	X	在	
d002.s052.t004	同一	ADJ	同一	bn:00110076a
d002.s052.t005	视图	NOUN	视图	bn:00059169n
d002.s052.t006	上	X	上	
d002.s052.t007	设置	VERB	设置	bn:00090224v
d002.s052.t008	多	ADJ	多	bn:00105858a
d002.s052.t009	个	NOUN	个	bn:00078738n
d002.s052.t010	图表	NOUN	图表	bn:00041412n
d002.s052.t011	。	X	。	
d002.s053.t001	当	X	当	
d002.s053.t002	您	X	您	
d002.s053.t003	处于	VERB	处于	bn:00094277v
d002.s053.t004	列表	NOUN	列表	bn:00051508n
d002.s053.t005	模式	NOUN	模式	bn:00061054n
d002.s053.t006	时	X	时	
d002.s053.t007	，	X	，	
d002.s053.t008	只	ADV	只	bn:00054438n
d002.s053.t009	需	VERB	需	bn:00091028v
d002.s053.t010	使用	VERB	使用	bn:00082711v
d002.s053.t011	添加	VERB	添加	bn:00082317v
d002.s053.t012	按钮	NOUN	按钮	bn:00014306n
d002.s053.t013	即可	ADV	即可	bn:00114234r
d002.s053.t014	。	X	。	
d002.s054.t001	您	X	您	
d002.s054.t002	可以	VERB	可以	bn:00096151a
d002.s054.t003	为	X	为	
d002.s054.t004	每	X	每	
d002.s054.t005	个	NOUN	个	bn:00078738n
d002.s054.t006	图形	NOUN	图形	bn:00005929n
d002.s054.t007	设置	VERB	设置	bn:00090224v
d002.s054.t008	其	X	其	
d002.s054.t009	自己	X	自己	
d002.s054.t010	的	X	的	
d002.s054.t011	颜色	NOUN	颜色	bn:00020726n
d002.s054.t012	。	X	。	
d003.s002.t001	该	X	该	
d003.s002.t002	基金会	NOUN	基金会	bn:00036064n
d003.s002.t003	最近	ADV	最近	bn:00114753r
d003.s002.t004	参与	VERB	参与	bn:00093574v
d003.s002.t005	组织	VERB	组织	bn:00088488v
d003.s002.t006	了	X	了	
d003.s002.t007	一	X	一	
d003.s002.t008	次	NOUN	次	bn:00009404n
d003.s002.t009	应对	VERB	应对	bn:00022475n
d003.s002.t010	这	X	这	
d003.s002.t011	一	X	一	
d003.s002.t012	严峻	ADJ	严峻	bn:00097783a
d003.s002.t013	挑战	NOUN	挑战	bn:00017557n
d003.s002.t014	的	X	的	
d003.s002.t015	会议	NOUN	会议	bn:00041948n
d003.s002.t016	。	X	。	
d003.s003.t001	来自	VERB	来自	bn:00085325v
d003.s003.t002	各	X	各	
d003.s003.t003	主要	ADJ	主要	bn:00099598a
d003.s003.t004	利益	NOUN	利益	bn:00029415n
d003.s003.t005	群体	NOUN	群体	bn:00021248n
d003.s003.t006	的	X	的	
d003.s003.t007	100	X	100	
d003.s003.t008	多	X	多	
d003.s003.t009	名	NOUN	名	bn:00056758n
d003.s003.t010	参与者	NOUN	参与者	bn:00060798n
d003.s003.t011	出席	VERB	出席	bn:00082907v
d003.s003.t012	了	X	了	
d003.s003.t013	会议	NOUN	会议	bn:00041948n
d003.s003.t014	，	X	，	
d003.s003.t015	并	ADV	并	bn:00114281r
d003.s003.t016	就	X	就	
d003.s003.t017	公共	ADJ	公共	bn:00100090a
d003.s003.t018	当局	NOUN	当局	bn:00007300n
d003.s003.t019	、	X	、	
d003.s003.t020	社会	ADJ	社会	bn:00110842a
d003.s003.t021	伙伴	NOUN	伙伴	bn:00060819n
d003.s003.t022	、	X	、	
d003.s003.t023	志愿者	ADJ	志愿者	bn:00054991n
d003.s003.t024	和	X	和	
d003.s003.t025	社区	NOUN	社区	bn:00021248n
d003.s003.t026	组织	NOUN	组织	bn:00059480n
d003.s003.t027	以及	X	以及	
d003.s003.t028	服务	NOUN	服务	bn:00070651n
d003.s003.t029	用户	NOUN	用户	bn:00079373n
d003.s003.t030	等	ADV	等	bn:00114282r
d003.s003.t031	主要	ADJ	主要	bn:00099598a
d003.s003.t032	参与者	NOUN	参与者	bn:00060798n
d003.s003.t033	的	X	的	
d003.s003.t034	作用	NOUN	作用	bn:00036822n
d003.s003.t035	等	ADV	等	bn:00114282r
d003.s003.t036	问题	NOUN	问题	bn:00064527n
d003.s003.t037	进行	VERB	进行	bn:00088913v
d003.s003.t038	了	X	了	
d003.s003.t039	辩论	NOUN	辩论	bn:00005601n
d003.s003.t040	。	X	。	
d003.s004.t001	报告	NOUN	报告	bn:00067181n
d003.s004.t002	显示	VERB	显示	bn:00083912v
d003.s004.t003	，	X	，	
d003.s004.t004	尝试	VERB	尝试	bn:00082844v
d003.s004.t005	让	VERB	让	bn:00082536v
d003.s004.t006	用户	NOUN	用户	bn:00079373n
d003.s004.t007	参与	VERB	参与	bn:00093574v
d003.s004.t008	服务	NOUN	服务	bn:00070651n
d003.s004.t009	规划	NOUN	规划	bn:00050315n
d003.s004.t010	的	X	的	
d003.s004.t011	案例	NOUN	案例	bn:00016401n
d003.s004.t012	相对	ADV	相对	bn:00114784r
d003.s004.t013	较	ADV	较	bn:00116284r
d003.s004.t014	少	ADJ	少	bn:00051575n
d003.s004.t015	，	X	，	
d003.s004.t016	但是	ADV	但是	bn:00114216r
d003.s004.t017	用户	NOUN	用户	bn:00079373n
d003.s004.t018	参与	VERB	参与	bn:00093574v
d003.s004.t019	服务	NOUN	服务	bn:00070651n
d003.s004.t020	提供	NOUN	提供	bn:00064922n
d003.s004.t021	的	X	的	
d003.s004.t022	情况	NOUN	情况	bn:00019218n
d003.s004.t023	却	ADV	却	bn:00114216r
d003.s004.t024	更为	ADV	更为	bn:00116284r
d003.s004.t025	常见	ADJ	常见	bn:00113459a
d003.s004.t026	。	X	。	
d003.s005.t001	还	ADV	还	bn:00114246r
d003.s005.t002	注意	VERB	注意	bn:00092541v
d003.s005.t003	到	X	到	
d003.s005.t004	公共	ADJ	公共	bn:00109211a
d003.s005.t005	福利	NOUN	福利	bn:00009905n
d003.s005.t006	发挥	VERB	发挥	bn:00087833v
d003.s005.t007	着	X	着	
d003.s005.t008	各种	ADJ	各种	bn:00106412a
d003.s005.t009	不同	ADJ	不同	bn:00101347a
d003.s005.t010	的	X	的	
d003.s005.t011	作用	NOUN	作用	bn:00036822n
d003.s006.t001	该	X	该	
d003.s006.t002	基金会	NOUN	基金会	bn:00036064n
d003.s006.t003	与	X	与	
d003.s006.t004	欧盟	NOUN	欧盟	bn:00058540n
d003.s006.t005	委员会	NOUN	委员会	bn:00021015n
d003.s006.t006	、	X	、	
d003.s006.t007	西班牙	ADJ	西班牙	bn:00110978a
d003.s006.t008	社会	ADJ	社会	bn:00110842a
d003.s006.t009	事务部	NOUN	事务部	bn:00001961n
d003.s006.t010	和	X	和	
d003.s006.t011	加利西亚	NOUN	加利西亚	bn:00037072n
d003.s006.t012	大区	ADJ	大区	bn:00096565a
d003.s006.t013	政府	NOUN	政府	bn:00007299n
d003.s006.t014	联合	ADV	联合	bn:00085279v
d003.s006.t015	举办	VERB	举办	bn:00088488v
d003.s006.t016	了	X	了	
d003.s006.t017	一	X	一	
d003.s006.t018	次	NOUN	次	bn:00009404n
d003.s006.t019	以	X	以	
d003.s006.t020	“	X	“	
d003.s006.t021	社会	NOUN	社会	bn:00072566n
d003.s006.t022	排斥	NOUN	排斥	bn:00032152n
d003.s006.t023	：	X	：	
d003.s006.t024	公共	ADJ	公共	bn:00109211a
d003.s006.t025	福利	NOUN	福利	bn:00065083n
d003.s006.t026	服务	NOUN	服务	bn:00070651n
d003.s006.t027	面临	VERB	面临	bn:00090453v
d003.s006.t028	的	X	的	
d003.s006.t029	重大	ADJ	重大	bn:00104681a
d003.s006.t030	挑战	NOUN	挑战	bn:00017557n
d003.s006.t031	”	X	”	
d003.s006.t032	为	VERB	为	bn:00089309v
d003.s006.t033	主题	NOUN	主题	bn:00074900n
d003.s006.t034	的	X	的	
d003.s006.t035	欧洲	ADJ	欧洲	bn:00102440a
d003.s006.t036	会议	NOUN	会议	bn:00041948n
d003.s006.t037	。	X	。	
d003.s007.t001	作为	X	作为	
d003.s007.t002	EPOC	NOUN	EPOC	bn:00046516n
d003.s007.t003	项目	NOUN	项目	bn:00049573n
d003.s007.t004	的	X	的	
d003.s007.t005	一部分	NOUN	一部分	bn:00021395n
d003.s007.t006	，	X	，	
d003.s007.t007	该	X	该	
d003.s007.t008	基金会	NOUN	基金会	bn:00036064n
d003.s007.t009	最近	ADV	最近	bn:00114753r
d003.s007.t010	发布	VERB	发布	bn:00084099v
d003.s007.t011	了	X	了	
d003.s007.t012	一	X	一	
d003.s007.t013	项	NOUN	项	bn:00056816n
d003.s007.t014	比较	NOUN	比较	bn:00021304n
d003.s007.t015	研究	NOUN	研究	bn:00067280n
d003.s007.t016	，	X	，	
d003.s007.t017	该	X	该	
d003.s007.t018	项目	NOUN	项目	bn:00049573n
d003.s007.t019	评估	VERB	评估	bn:00082720v
d003.s007.t020	了	X	了	
d003.s007.t021	直接	ADJ	直接	bn:00103014a
d003.s007.t022	参与	VERB	参与	bn:00093574v
d003.s007.t023	在	X	在	
d003.s007.t024	多	ADV	多	bn:00114047r
d003.s007.t025	大	ADJ	大	bn:00098342a
d003.s007.t026	程度	NOUN	程度	bn:00025965n
d003.s007.t027	上	X	上	
d003.s007.t028	可以	VERB	可以	bn:00096151a
d003.s007.t029	使	VERB	使	bn:00086008v
d003.s007.t030	工作	NOUN	工作	bn:00049573n
d003.s007.t031	人性化	VERB	人性化	bn:00113458a
d003.s007.t032	同时	ADV	同时	bn:00114206r
d003.s007.t033	提高	VERB	提高	bn:00082573v
d003.s007.t034	盈利	NOUN	盈利	bn:00013643n
d003.s007.t035	能力	NOUN	能力	bn:00021335n
d003.s007.t036	。	X	。	
d003.s008.t001	该	X	该	
d003.s008.t002	研究	NOUN	研究	bn:00067280n
d003.s008.t003	基于	VERB	基于	bn:00084209v
d003.s008.t004	对	X	对	
d003.s008.t005	来自	VERB	来自	bn:00085325v
d003.s008.t006	欧洲	ADJ	欧洲	bn:00102440a
d003.s008.t007	15	X	15	
d003.s008.t008	个	NOUN	个	bn:00078738n
d003.s008.t009	国家	NOUN	国家	bn:00023236n
d003.s008.t010	的	X	的	
d003.s008.t011	国家级	ADJ	国家级	bn:00105748a
d003.s008.t012	高峰	NOUN	高峰	bn:00023758n
d003.s008.t013	组织	NOUN	组织	bn:00059480n
d003.s008.t014	的	X	的	
d003.s008.t015	代表	VERB	代表	bn:00092839v
d003.s008.t016	社会	ADJ	社会	bn:00110842a
d003.s008.t017	伙伴	NOUN	伙伴	bn:00060819n
d003.s008.t018	高级	ADJ	高级	bn:00104179a
d003.s008.t019	官员	NOUN	官员	bn:00036837n
d003.s008.t020	进行	VERB	进行	bn:00088913v
d003.s008.t021	的	X	的	
d003.s008.t022	195	X	195	
d003.s008.t023	次	NOUN	次	bn:00019047n
d003.s008.t024	个人	ADJ	个人	bn:00104972a
d003.s008.t025	访谈	NOUN	访谈	bn:00047238n
d003.s008.t026	。	X	。	
d003.s009.t001	作为	X	作为	
d003.s009.t002	重要	ADJ	重要	bn:00099598a
d003.s009.t003	的	X	的	
d003.s009.t004	工业	ADJ	工业	bn:00104995a
d003.s009.t005	部门	NOUN	部门	bn:00027914n
d003.s009.t006	，	X	，	
d003.s009.t007	金属	NOUN	金属	bn:00054550n
d003.s009.t008	工业	NOUN	工业	bn:00046576n
d003.s009.t009	和	X	和	
d003.s009.t010	银行业	NOUN	银行业	bn:00008415n
d003.s009.t011	也	ADV	也	bn:00114246r
d003.s009.t012	被	X	被	
d003.s009.t013	纳入	VERB	纳入	bn:00022107n
d003.s009.t014	其中	X	其中	
d003.s009.t015	。	X	。	
d003.s010.t001	社会	ADJ	社会	bn:00110842a
d003.s010.t002	排斥	NOUN	排斥	bn:00032152n
d003.s010.t003	会议	NOUN	会议	bn:00041948n
d003.s010.t004	的	X	的	
d003.s010.t005	主要	ADJ	主要	bn:00099598a
d003.s010.t006	发言人	NOUN	发言人	bn:00047203n
d003.s010.t007	有	VERB	有	bn:00088078v
d003.s010.t008	（	X	（	
d003.s010.t009	从	X	从	
d003.s010.t010	左	NOUN	左	bn:00105834a
d003.s010.t011	到	VERB	到	bn:00082788v
d003.s010.t012	右	NOUN	右	bn:00067808n
d003.s010.t013	）	X	）	
d003.s010.t014	欧盟	NOUN	欧盟	bn:00051760n
d003.s010.t015	委员会	NOUN	委员会	bn:00021015n
d003.s010.t016	就业	NOUN	就业	bn:00030627n
d003.s010.t017	、	X	、	
d003.s010.t018	劳资	NOUN	劳资	bn:00042833n
d003.s010.t019	关系	NOUN	关系	bn:00025569n
d003.s010.t020	和	X	和	
d003.s010.t021	社会	ADJ	社会	bn:00110842a
d003.s010.t022	事务	NOUN	事务	bn:00001961n
d003.s010.t023	司	NOUN	司	bn:00001961n
d003.s010.t024	的	X	的	
d003.s010.t025	克里斯蒂娜·洛罗	NOUN	克里斯蒂娜·洛罗	bn:00046516n
d003.s010.t026	(	X	(	
d003.s010.t027	Cristina	NOUN	Cristina	bn:00046516n
d003.s010.t028	Louro	NOUN	Louro	bn:00046516n
d003.s010.t029	)	X	)	
d003.s010.t030	、	X	、	
d003.s010.t031	欧洲	ADJ	欧洲	bn:00102440a
d003.s010.t032	议会	NOUN	议会	bn:00070459n
d003.s010.t033	议员	NOUN	议员	bn:00006493n
d003.s010.t034	、	X	、	
d003.s010.t035	地区	NOUN	地区	bn:00027810n
d003.s010.t036	高级	ADJ	高级	bn:00104179a
d003.s010.t037	委员会	NOUN	委员会	bn:00021015n
d003.s010.t038	委员	NOUN	委员	bn:00021030n
d003.s010.t039	费尔南多·戈麦斯	NOUN	费尔南多·戈麦斯	bn:00046516n
d003.s010.t040	(	X	(	
d003.s010.t041	Fernando	NOUN	Fernando	bn:00046516n
d003.s010.t042	Gomes	NOUN	Gomes	bn:00046516n
d003.s010.t043	)	X	)	
d003.s010.t044	、	X	、	
d003.s010.t045	欧洲	ADJ	欧洲	bn:00102440a
d003.s010.t046	议会	NOUN	议会	bn:00060708n
d003.s010.t047	议员	NOUN	议员	bn:00006493n
d003.s010.t048	、	X	、	
d003.s010.t049	欧洲	ADJ	欧洲	bn:00102440a
d003.s010.t050	议会	NOUN	议会	bn:00070459n
d003.s010.t051	副主席	NOUN	副主席	bn:00017517n
d003.s010.t052	何塞·玛丽亚·吉尔·罗夫莱斯	NOUN	何塞·玛丽亚·吉尔·罗夫莱斯	bn:00046516n
d003.s010.t053	(	X	(	
d003.s010.t054	José	NOUN	José	bn:00046516n
d003.s010.t055	Maria	NOUN	Maria	bn:00046516n
d003.s010.t056	Gil	NOUN	Gil	bn:00046516n
d003.s010.t057	-	X	-	
d003.s010.t058	Robles	NOUN	Robles	bn:00046516n
d003.s010.t059	)	X	)	
d003.s010.t060	和	X	和	
d003.s010.t061	经济	ADJ	经济	bn:00102001a
d003.s010.t062	和	X	和	
d003.s010.t063	社会	ADJ	社会	bn:00110842a
d003.s010.t064	委员会	NOUN	委员会	bn:00021015n
d003.s010.t065	委员	NOUN	委员	bn:00021030n
d003.s010.t066	约翰·卡罗尔	NOUN	约翰·卡罗尔	bn:00046516n
d003.s010.t067	(	X	(	
d003.s010.t068	John	NOUN	John	bn:00046516n
d003.s010.t069	Carroll	NOUN	Carroll	bn:00046516n
d003.s010.t070	)	X	)	
d003.s010.t071	。	X	。	
d003.s011.t001	案例	NOUN	案例	bn:00023859n
d003.s011.t002	研究	NOUN	研究	bn:00067280n
d003.s011.t003	每	X	每	
d003.s011.t004	一	X	一	
d003.s011.t005	份	NOUN	份	bn:00077944n
d003.s011.t006	国家	ADJ	国家	bn:00107136a
d003.s011.t007	报告	NOUN	报告	bn:00067181n
d003.s011.t008	都	ADV	都	bn:00114245r
d003.s011.t009	包含	VERB	包含	bn:00089660v
d003.s011.t010	25	X	25	
d003.s011.t011	至	X	至	
d003.s011.t012	30	X	30	
d003.s011.t013	项	NOUN	项	bn:00056816n
d003.s011.t014	举措	NOUN	举措	bn:00078738n
d003.s011.t015	，	X	，	
d003.s011.t016	这些	X	这些	
d003.s011.t017	举措	NOUN	举措	bn:00029239n
d003.s011.t018	最	ADV	最	bn:00116291r
d003.s011.t019	好	ADJ	好	bn:00103677a
d003.s011.t020	地	X	地	
d003.s011.t021	介绍	VERB	介绍	bn:00082273v
d003.s011.t022	了	X	了	
d003.s011.t023	改善	VERB	改善	bn:00082573v
d003.s011.t024	工作	NOUN	工作	bn:00014138n
d003.s011.t025	地点	NOUN	地点	bn:00051760n
d003.s011.t026	和	X	和	
d003.s011.t027	社区	NOUN	社区	bn:00021248n
d003.s011.t028	中	X	中	
d003.s011.t029	老龄	ADJ	老龄	bn:00096644a
d003.s011.t030	工人	NOUN	工人	bn:00081593n
d003.s011.t031	的	X	的	
d003.s011.t032	招聘	NOUN	招聘	bn:00030933n
d003.s011.t033	、	X	、	
d003.s011.t034	培训	NOUN	培训	bn:00041853n
d003.s011.t035	和	X	和	
d003.s011.t036	发展	NOUN	发展	bn:00026696n
d003.s011.t037	的	X	的	
d003.s011.t038	政策	NOUN	政策	bn:00063330n
d003.s011.t039	和	X	和	
d003.s011.t040	实践	NOUN	实践	bn:00063989n
d003.s011.t041	。	X	。	
d003.s012.t001	对于	X	对于	
d003.s012.t002	每个	X	每个	
d003.s012.t003	国家	NOUN	国家	bn:00023236n
d003.s012.t004	，	X	，	
d003.s012.t005	我们	X	我们	
d003.s012.t006	选取	VERB	选取	bn:00084931v
d003.s012.t007	了	X	了	
d003.s012.t008	两	X	两	
d003.s012.t009	到	X	到	
d003.s012.t010	三	X	三	
d003.s012.t011	个	NOUN	个	bn:00078738n
d003.s012.t012	举措	NOUN	举措	bn:00078738n
d003.s012.t013	进行	VERB	进行	bn:00088913v
d003.s012.t014	进一步	ADJ	进一步	bn:00115329r
d003.s012.t015	深入的	ADJ	深入的	bn:00101062a
d003.s012.t016	案例	NOUN	案例	bn:00023859n
d003.s012.t017	研究	NOUN	研究	bn:00067280n
d003.s012.t018	。	X	。	
d003.s013.t001	这些	X	这些	
d003.s013.t002	案例	NOUN	案例	bn:00018345n
d003.s013.t003	研究	NOUN	研究	bn:00067280n
d003.s013.t004	分析	VERB	分析	bn:00082596v
d003.s013.t005	了	X	了	
d003.s013.t006	这些	X	这些	
d003.s013.t007	举措	NOUN	举措	bn:00078738n
d003.s013.t008	的	X	的	
d003.s013.t009	背景	NOUN	背景	bn:00019219n
d003.s013.t010	、	X	、	
d003.s013.t011	它们	X	它们	
d003.s013.t012	对	X	对	
d003.s013.t013	就业	NOUN	就业	bn:00030627n
d003.s013.t014	模式	NOUN	模式	bn:00061054n
d003.s013.t015	和	X	和	
d003.s013.t016	工作	NOUN	工作	bn:00014138n
d003.s013.t017	组织	NOUN	组织	bn:00059480n
d003.s013.t018	的	X	的	
d003.s013.t019	影响	NOUN	影响	bn:00021961n
d003.s013.t020	，	X	，	
d003.s013.t021	并	ADV	并	bn:00115147r
d003.s013.t022	评估	VERB	评估	bn:00082720v
d003.s013.t023	了	X	了	
d003.s013.t024	这些	X	这些	
d003.s013.t025	举措	NOUN	举措	bn:00054018n
d003.s013.t026	的	X	的	
d003.s013.t027	好处	NOUN	好处	bn:00009905n
d003.s013.t028	和	X	和	
d003.s013.t029	问题	NOUN	问题	bn:00030951n
d003.s013.t030	。	X	。	
d003.s014.t001	我们	X	我们	
d003.s014.t002	还	ADV	还	bn:00114694r
d003.s014.t003	对	X	对	
d003.s014.t004	主要	ADJ	主要	bn:00099598a
d003.s014.t005	人员	NOUN	人员	bn:00073801n
d003.s014.t006	进行	VERB	进行	bn:00087628v
d003.s014.t007	了	X	了	
d003.s014.t008	走访	NOUN	走访	bn:00047238n
d003.s014.t009	和	X	和	
d003.s014.t010	访谈	NOUN	访谈	bn:00066986n
d003.s014.t011	。	X	。	
d003.s015.t001	这些	X	这些	
d003.s015.t002	国家	ADJ	国家	bn:00107136a
d003.s015.t003	研究	NOUN	研究	bn:00067280n
d003.s015.t004	将	X	将	
d003.s015.t005	形成	VERB	形成	bn:00088489v
d003.s015.t006	一	X	一	
d003.s015.t007	份	NOUN	份	bn:00077944n
d003.s015.t008	综合	VERB	综合	bn:00100162a
d003.s015.t009	整体	ADJ	整体	bn:00107844a
d003.s015.t010	实践	NOUN	实践	bn:00063989n
d003.s015.t011	的	X	的	
d003.s015.t012	欧洲	ADJ	欧洲	bn:00102440a
d003.s015.t013	报告	NOUN	报告	bn:00067181n
d003.s015.t014	的	X	的	
d003.s015.t015	基础	NOUN	基础	bn:00036063n
d003.s015.t016	。	X	。	
d003.s016.t001	该	X	该	
d003.s016.t002	报告	NOUN	报告	bn:00067181n
d003.s016.t003	及	X	及	
d003.s016.t004	一系列	X	一系列	
d003.s016.t005	举措	NOUN	举措	bn:00046516n
d003.s016.t006	案例	NOUN	案例	bn:00021015n
d003.s016.t007	将	X	将	
d003.s016.t008	于	X	于	
d003.s016.t009	1996	X	1996	
d003.s016.t010	年	NOUN	年	bn:00078738n
d003.s016.t011	出版	VERB	出版	bn:00082692v
d003.s016.t012	，	X	，	
d003.s016.t013	并	ADV	并	bn:00115147r
d003.s016.t014	为	X	为	
d003.s016.t015	1996	X	1996	
d003.s016.t016	年	NOUN	年	bn:00078738n
d003.s016.t017	秋季	NOUN	秋季	bn:00007406n
d003.s016.t018	举行	VERB	举行	bn:00083185v
d003.s016.t019	的	X	的	
d003.s016.t020	会议	NOUN	会议	bn:00041948n
d003.s016.t021	提供	VERB	提供	bn:00088643v
d003.s016.t022	背景	NOUN	背景	bn:00069555n
d003.s016.t023	。	X	。	
d003.s017.t001	该	X	该	
d003.s017.t002	基金会	NOUN	基金会	bn:00036064n
d003.s017.t003	的	X	的	
d003.s017.t004	目标	NOUN	目标	bn:00002178n
d003.s017.t005	是	VERB	是	bn:00083182v
d003.s017.t006	记录	VERB	记录	bn:00092674v
d003.s017.t007	求职	NOUN	求职	bn:00032095n
d003.s017.t008	招聘	NOUN	招聘	bn:00030933n
d003.s017.t009	和	X	和	
d003.s017.t010	培训	NOUN	培训	bn:00041853n
d003.s017.t011	中	X	中	
d003.s017.t012	年龄	NOUN	年龄	bn:00001938n
d003.s017.t013	障碍	NOUN	障碍	bn:00027407n
d003.s017.t014	的	X	的	
d003.s017.t015	特点	NOUN	特点	bn:00077930n
d003.s017.t016	并	ADV	并	bn:00115147r
d003.s017.t017	分析	VERB	分析	bn:00082596v
d003.s017.t018	其	X	其	
d003.s017.t019	原因	NOUN	原因	bn:00066443n
d003.s017.t020	。	X	。	
d003.s018.t001	社会	ADJ	社会	bn:00110842a
d003.s018.t002	伙伴	NOUN	伙伴	bn:00060819n
d003.s018.t003	的	X	的	
d003.s018.t004	观点	NOUN	观点	bn:00061746n
d003.s018.t005	也	ADV	也	bn:00114246r
d003.s018.t006	正在	ADV	正在	bn:00114634r
d003.s018.t007	接受	VERB	接受	bn:00082201v
d003.s018.t008	审查	NOUN	审查	bn:00017095n
d003.s018.t009	,	X	,	
d003.s018.t010	其中	X	其中	
d003.s018.t011	特别	ADV	特别	bn:00115235r
d003.s018.t012	关注	VERB	关注	bn:00094767v
d003.s018.t013	消除	VERB	消除	bn:00087115v
d003.s018.t014	年龄	NOUN	年龄	bn:00001938n
d003.s018.t015	障碍	NOUN	障碍	bn:00027407n
d003.s018.t016	的	X	的	
d003.s018.t017	建议	NOUN	建议	bn:00001592n
d003.s018.t018	.	X	.	
d003.s019.t001	第	X	第	
d003.s019.t002	三	X	三	
d003.s019.t003	，	X	，	
d003.s019.t004	该	X	该	
d003.s019.t005	项目	NOUN	项目	bn:00049573n
d003.s019.t006	记录	VERB	记录	bn:00092674v
d003.s019.t007	并	ADV	并	bn:00115235r
d003.s019.t008	评估	VERB	评估	bn:00082720v
d003.s019.t009	了	X	了	
d003.s019.t010	公共	ADJ	公共	bn:00109211a
d003.s019.t011	和	X	和	
d003.s019.t012	私营	ADJ	私营	bn:00096934a
d003.s019.t013	部门	NOUN	部门	bn:00027914n
d003.s019.t014	消除	VERB	消除	bn:00087115v
d003.s019.t015	年龄	NOUN	年龄	bn:00001938n
d003.s019.t016	障碍	NOUN	障碍	bn:00027407n
d003.s019.t017	（	X	（	
d003.s019.t018	特别	ADV	特别	bn:00115235r
d003.s019.t019	是	VERB	是	bn:00083181v
d003.s019.t020	针对	VERB	针对	bn:00082489v
d003.s019.t021	老年	ADJ	老年	bn:00107786a
d003.s019.t022	工人	NOUN	工人	bn:00081593n
d003.s019.t023	）	X	）	
d003.s019.t024	的	X	的	
d003.s019.t025	举措	NOUN	举措	bn:00007011n
d003.s019.t026	。	X	。	
d003.s020.t001	为了	X	为了	
d003.s020.t002	寻求	VERB	寻求	bn:00093452v
d003.s020.t003	提前	ADJ	提前	bn:00096963a
d003.s020.t004	退休	NOUN	退休	bn:00067456n
d003.s020.t005	和	X	和	
d003.s020.t006	裁员	NOUN	裁员	bn:00050314n
d003.s020.t007	的	X	的	
d003.s020.t008	替代	NOUN	替代	bn:00061666n
d003.s020.t009	方案	NOUN	方案	bn:00049573n
d003.s020.t010	，	X	，	
d003.s020.t011	该	X	该	
d003.s020.t012	项目	NOUN	项目	bn:00049573n
d003.s020.t013	主要	ADV	主要	bn:00115418r
d003.s020.t014	关注	VERB	关注	bn:00094767v
d003.s020.t015	老年	ADJ	老年	bn:00107786a
d003.s020.t016	工人	NOUN	工人	bn:00081593n
d003.s020.t017	的	X	的	
d003.s020.t018	保留	NOUN	保留	bn:00067294n
d003.s020.t019	、	X	、	
d003.s020.t020	重返社会	NOUN	重返社会	bn:00003341n
d003.s020.t021	和	X	和	
d003.s020.t022	再培训	NOUN	再培训	bn:00067463n
d003.s020.t023	。	X	。	
d003.s021.t001	研究	VERB	研究	bn:00082596v
d003.s021.t002	了	X	了	
d003.s021.t003	工人	NOUN	工人	bn:00081593n
d003.s021.t004	的	X	的	
d003.s021.t005	性别	NOUN	性别	bn:00037634n
d003.s021.t006	和	X	和	
d003.s021.t007	种族	NOUN	种族	bn:00065800n
d003.s021.t008	背景	NOUN	背景	bn:00007781n
d003.s021.t009	以及	X	以及	
d003.s021.t010	这些	X	这些	
d003.s021.t011	与	X	与	
d003.s021.t012	年龄	NOUN	年龄	bn:00001938n
d003.s021.t013	歧视	NOUN	歧视	bn:00027538n
d003.s021.t014	的	X	的	
d003.s021.t015	关系	NOUN	关系	bn:00025569n
d003.s021.t016	。	X	。	
d003.s022.t001	该	X	该	
d003.s022.t002	项目	NOUN	项目	bn:00049573n
d003.s022.t003	还	ADV	还	bn:00115235r
d003.s022.t004	考虑	VERB	考虑	bn:00085651v
d003.s022.t005	采取	VERB	采取	bn:00094730v
d003.s022.t006	举措	NOUN	举措	bn:00005141n
d003.s022.t007	，	X	，	
d003.s022.t008	打击	VERB	打击	bn:00089347v
d003.s022.t009	农村	ADJ	农村	bn:00109997a
d003.s022.t010	地区	NOUN	地区	bn:00005513n
d003.s022.t011	和	X	和	
d003.s022.t012	中小	ADJ	中小	bn:00097523a
d003.s022.t013	企业	NOUN	企业	bn:00014137n
d003.s022.t014	中	X	中	
d003.s022.t015	的	X	的	
d003.s022.t016	年龄	NOUN	年龄	bn:00001938n
d003.s022.t017	歧视	NOUN	歧视	bn:00027538n
d003.s022.t018	。	X	。	
d003.s023.t001	此	X	此	
d003.s023.t002	项目	NOUN	项目	bn:00049573n
d003.s023.t003	覆盖	VERB	覆盖	bn:00089489v
d003.s023.t004	七	X	七	
d003.s023.t005	个	NOUN	个	bn:00078738n
d003.s023.t006	成员国	NOUN	成员国	bn:00031903n
d003.s023.t007	：	X	：	
d003.s023.t008	比利时	NOUN	比利时	bn:00009714n
d003.s023.t009	、	X	、	
d003.s023.t010	法国	NOUN	法国	bn:00036202n
d003.s023.t011	、	X	、	
d003.s023.t012	德国	NOUN	德国	bn:00026684n
d003.s023.t013	、	X	、	
d003.s023.t014	希腊	NOUN	希腊	bn:00030401n
d003.s023.t015	、	X	、	
d003.s023.t016	意大利	NOUN	意大利	bn:00047705n
d003.s023.t017	、	X	、	
d003.s023.t018	荷兰	NOUN	荷兰	bn:00044423n
d003.s023.t019	和	X	和	
d003.s023.t020	英国	NOUN	英国	bn:00013173n
d003.s023.t021	。	X	。	
d004.s001.t001	本	X	本	
d004.s001.t002	文件	NOUN	文件	bn:00028015n
d004.s001.t003	是	VERB	是	bn:00083182v
d004.s001.t004	欧洲	ADJ	欧洲	bn:00102440a
d004.s001.t005	公共	ADJ	公共	bn:00109211a
d004.s001.t006	评估	NOUN	评估	bn:00031973n
d004.s001.t007	报告	NOUN	报告	bn:00067181n
d004.s001.t008	的	X	的	
d004.s001.t009	摘要	NOUN	摘要	bn:00000489n
d004.s001.t010	。	X	。	
d004.s002.t001	它	X	它	
d004.s002.t002	解释	VERB	解释	bn:00087869v
d004.s002.t003	了	X	了	
d004.s002.t004	兽	ADJ	兽	bn:00004222n
d004.s002.t005	药	ADJ	药	bn:00054128n
d004.s002.t006	委员会	NOUN	委员会	bn:00021015n
d004.s002.t007	(	X	(	
d004.s002.t008	CVMP	NOUN	CVMP	bn:00033851n
d004.s002.t009	)	X	)	
d004.s002.t010	如何	ADV	如何	bn:00115245r
d004.s002.t011	评估	VERB	评估	bn:00082720v
d004.s002.t012	所	X	所	
d004.s002.t013	进行	VERB	进行	bn:00088913v
d004.s002.t014	的	X	的	
d004.s002.t015	研究	NOUN	研究	bn:00067280n
d004.s002.t016	，	X	，	
d004.s002.t017	以	X	以	
d004.s002.t018	得出	VERB	得出	bn:00082418v
d004.s002.t019	关于	X	关于	
d004.s002.t020	如何	ADV	如何	bn:00114152r
d004.s002.t021	使用	VERB	使用	bn:00082873v
d004.s002.t022	该	X	该	
d004.s002.t023	药物	NOUN	药物	bn:00028872n
d004.s002.t024	的	X	的	
d004.s002.t025	建议	NOUN	建议	bn:00001592n
d004.s002.t026	。	X	。	
d004.s003.t001	Cerenia	NOUN	Cerenia	bn:00073840n
d004.s003.t002	是	VERB	是	bn:00083181v
d004.s003.t003	什么	X	什么	
d004.s003.t004	？	X	？	
d004.s004.t001	Cerenia	NOUN	Cerenia	bn:00024457n
d004.s004.t002	含有	VERB	含有	bn:00089894v
d004.s004.t003	活性	ADJ	活性	bn:00001174n
d004.s004.t004	物质	NOUN	物质	bn:00053801n
d004.s004.t005	马罗匹坦	NOUN	马罗匹坦	bn:00076752n
d004.s004.t006	，	X	，	
d004.s004.t007	有片剂	NOUN	有片剂	bn:00052222n
d004.s004.t008	和	X	和	
d004.s004.t009	注射液	NOUN	注射液	bn:00046787n
d004.s004.t010	两	X	两	
d004.s004.t011	种	NOUN	种	bn:00070254n
d004.s004.t012	形式	NOUN	形式	bn:00035909n
d004.s004.t013	。	X	。	
d004.s005.t001	药片	NOUN	药片	bn:00052222n
d004.s005.t002	呈	VERB	呈	bn:00083181v
d004.s005.t003	淡	ADJ	淡	bn:00108323a
d004.s005.t004	橙色	NOUN	橙色	bn:00059250n
d004.s005.t005	，	X	，	
d004.s005.t006	两面	NOUN	两面	bn:00071887n
d004.s005.t007	都	ADV	都	bn:00114245r
d004.s005.t008	有	VERB	有	bn:00083181v
d004.s005.t009	刻痕	NOUN	刻痕	bn:00069754n
d004.s005.t010	，	X	，	
d004.s005.t011	可以	VERB	可以	bn:00096151a
d004.s005.t012	切成	VERB	切成	bn:00086178v
d004.s005.t013	两	X	两	
d004.s005.t014	半	NOUN	半	bn:00042601n
d004.s005.t015	。	X	。	
d004.s006.t001	每	X	每	
d004.s006.t002	片	NOUN	片	bn:00062297n
d004.s006.t003	药片	NOUN	药片	bn:00052222n
d004.s006.t004	一面	NOUN	一面	bn:00060158n
d004.s006.t005	标有	VERB	标有	bn:00082894v
d004.s006.t006	辉瑞	NOUN	辉瑞	bn:00057971n
d004.s006.t007	标志	NOUN	标志	bn:00030485n
d004.s006.t008	，	X	，	
d004.s006.t009	另一面	NOUN	另一面	bn:00035251n
d004.s006.t010	标有	VERB	标有	bn:00082894v
d004.s006.t011	字母	NOUN	字母	bn:00003057n
d004.s006.t012	MPT	NOUN	MPT	bn:00046516n
d004.s006.t013	和	X	和	
d004.s006.t014	马罗匹坦	NOUN	马罗匹坦	bn:00028512n
d004.s006.t015	的	X	的	
d004.s006.t016	数量	NOUN	数量	bn:00034394n
d004.s006.t017	。	X	。	
d004.s007.t001	Cerenia	NOUN	Cerenia	bn:00046516n
d004.s007.t002	用于	VERB	用于	bn:00083181v
d004.s007.t003	什么	X	什么	
d004.s007.t004	？	X	？	
d004.s008.t001	Cerenia	NOUN	Cerenia	bn:00024457n
d004.s008.t002	是	VERB	是	bn:00083182v
d004.s008.t003	一	X	一	
d004.s008.t004	种	NOUN	种	bn:00070254n
d004.s008.t005	止吐药	NOUN	止吐药	bn:00057971n
d004.s008.t006	，	X	，	
d004.s008.t007	这	X	这	
d004.s008.t008	意味	VERB	意味	bn:00089805v
d004.s008.t009	着	X	着	
d004.s008.t010	它	X	它	
d004.s008.t011	可以	VERB	可以	bn:00096151a
d004.s008.t012	停止	VERB	停止	bn:00083900v
d004.s008.t013	呕吐	NOUN	呕吐	bn:00027565n
d004.s008.t014	。	X	。	
d004.s009.t001	它	X	它	
d004.s009.t002	用于	VERB	用于	bn:00083181v
d004.s009.t003	防止	VERB	防止	bn:00082954v
d004.s009.t004	狗	NOUN	狗	bn:00015267n
d004.s009.t005	出现	VERB	出现	bn:00082694v
d004.s009.t006	呕吐	NOUN	呕吐	bn:00027565n
d004.s009.t007	，	X	，	
d004.s009.t008	例如	ADV	例如	bn:00115147r
d004.s009.t009	化疗	NOUN	化疗	bn:00059129n
d004.s009.t010	引起	VERB	引起	bn:00082442v
d004.s009.t011	的	X	的	
d004.s009.t012	呕吐	NOUN	呕吐	bn:00027565n
d004.s009.t013	（	X	（	
d004.s009.t014	用于	VERB	用于	bn:00082822v
d004.s009.t015	治疗	VERB	治疗	bn:00084532v
d004.s009.t016	癌症	NOUN	癌症	bn:00015180n
d004.s009.t017	的	X	的	
d004.s009.t018	药物	NOUN	药物	bn:00028872n
d004.s009.t019	，	X	，	
d004.s009.t020	其中	X	其中	
d004.s009.t021	一些	NOUN	一些	bn:00023270n
d004.s009.t022	已知	VERB	已知	bn:00083181v
d004.s009.t023	会	VERB	会	bn:00090141v
d004.s009.t024	引起	VERB	引起	bn:00082442v
d004.s009.t025	呕吐	NOUN	呕吐	bn:00027565n
d004.s009.t026	）	X	）	
d004.s009.t027	。	X	。	
d004.s010.t001	与	X	与	
d004.s010.t002	其他	ADJ	其他	bn:00108011a
d004.s010.t003	兽医	ADJ	兽医	bn:00113583a
d004.s010.t004	治疗	NOUN	治疗	bn:00047235n
d004.s010.t005	或	X	或	
d004.s010.t006	特殊	ADJ	特殊	bn:00108295a
d004.s010.t007	饮食	NOUN	饮食	bn:00027011n
d004.s010.t008	等	ADV	等	bn:00114282r
d004.s010.t009	支持	ADJ	支持	bn:00111492a
d004.s010.t010	措施	NOUN	措施	bn:00054018n
d004.s010.t011	相	X	相	
d004.s010.t012	结合	VERB	结合	bn:00083597v
d004.s010.t013	，	X	，	
d004.s010.t014	Cerenia	NOUN	Cerenia	bn:00046516n
d004.s010.t015	也	ADV	也	bn:00114246r
d004.s010.t016	可	VERB	可	bn:00083181v
d004.s010.t017	用于	VERB	用于	bn:00083181v
d004.s010.t018	治疗	VERB	治疗	bn:00084532v
d004.s010.t019	呕吐	NOUN	呕吐	bn:00027565n
d004.s010.t020	（	X	（	
d004.s010.t021	注射	NOUN	注射	bn:00046787n
d004.s010.t022	或	X	或	
d004.s010.t023	注射	NOUN	注射	bn:00046787n
d004.s010.t024	后	X	后	
d004.s010.t025	服用	VERB	服用	bn:00087321v
d004.s010.t026	药片	NOUN	药片	bn:00052222n
d004.s010.t027	）	X	）	
d004.s010.t028	。	X	。	
d004.s011.t001	为了	X	为了	
d004.s011.t002	达到	VERB	达到	bn:00082901v
d004.s011.t003	这些	X	这些	
d004.s011.t004	目的	NOUN	目的	bn:00002178n
d004.s011.t005	，	X	，	
d004.s011.t006	Cerenia	NOUN	Cerenia	bn:00046516n
d004.s011.t007	最多	ADV	最多	bn:00116290r
d004.s011.t008	可以	VERB	可以	bn:00096151a
d004.s011.t009	服用	VERB	服用	bn:00089246v
d004.s011.t010	五	X	五	
d004.s011.t011	天	NOUN	天	bn:00000086n
d004.s012.t001	Cerenia	NOUN	Cerenia	bn:00046516n
d004.s012.t002	如何	ADV	如何	bn:00114422r
d004.s012.t003	发挥	VERB	发挥	bn:00087833v
d004.s012.t004	作用	NOUN	作用	bn:00036822n
d004.s012.t005	？	X	？	
d004.s013.t001	Cerenia	NOUN	Cerenia	bn:00046516n
d004.s013.t002	可	VERB	可	bn:00083181v
d004.s013.t003	阻断	VERB	阻断	bn:00083627v
d004.s013.t004	神经	NOUN	神经	bn:00057322n
d004.s013.t005	激肽	NOUN	激肽	bn:00024904n
d004.s013.t006	1	X	1	
d004.s013.t007	(	X	(	
d004.s013.t008	NK1	NOUN	NK1	bn:00067714n
d004.s013.t009	)	X	)	
d004.s013.t010	受体	NOUN	受体	bn:00000658n
d004.s013.t011	，	X	，	
d004.s013.t012	该	X	该	
d004.s013.t013	受体	NOUN	受体	bn:00000658n
d004.s013.t014	在	X	在	
d004.s013.t015	中枢神经	ADJ	中枢神经	bn:00098648a
d004.s013.t016	系统	NOUN	系统	bn:00075760n
d004.s013.t017	中	X	中	
d004.s013.t018	起作用	VERB	起作用	bn:00087950v
d004.s013.t019	。	X	。	
d004.s014.t001	如何	ADV	如何	bn:00114418r
d004.s014.t002	对	X	对	
d004.s014.t003	Cerenia	NOUN	Cerenia	bn:00046516n
d004.s014.t004	进行	VERB	进行	bn:00088913v
d004.s014.t005	研究	NOUN	研究	bn:00067280n
d004.s014.t006	？	X	？	
d004.s015.t001	在	X	在	
d004.s015.t002	欧洲	ADJ	欧洲	bn:00102440a
d004.s015.t003	多	ADJ	多	bn:00105858a
d004.s015.t004	个	NOUN	个	bn:00078738n
d004.s015.t005	国家	NOUN	国家	bn:00023235n
d004.s015.t006	和	X	和	
d004.s015.t007	美国	NOUN	美国	bn:00003341n
d004.s015.t008	的	X	的	
d004.s015.t009	兽医	NOUN	兽医	bn:00079883n
d004.s015.t010	诊所	NOUN	诊所	bn:00019820n
d004.s015.t011	中	X	中	
d004.s015.t012	，	X	，	
d004.s015.t013	对	X	对	
d004.s015.t014	实验	NOUN	实验	bn:00032309n
d004.s015.t015	犬	NOUN	犬	bn:00015267n
d004.s015.t016	和	X	和	
d004.s015.t017	动物	NOUN	动物	bn:00004222n
d004.s015.t018	患者	NOUN	患者	bn:00061017n
d004.s015.t019	进行	VERB	进行	bn:00088913v
d004.s015.t020	了	X	了	
d004.s015.t021	大量	ADJ	大量	bn:00110620a
d004.s015.t022	有关	VERB	有关	bn:00083240v
d004.s015.t023	Cerenia	NOUN	Cerenia	bn:00048101n
d004.s015.t024	的	X	的	
d004.s015.t025	研究	NOUN	研究	bn:00067280n
d004.s015.t026	。	X	。	
d004.s016.t001	Cerenia	NOUN	Cerenia	bn:00017379n
d004.s016.t002	在	X	在	
d004.s016.t003	研究	NOUN	研究	bn:00067280n
d004.s016.t004	期间	NOUN	期间	bn:00061605n
d004.s016.t005	表现	VERB	表现	bn:00093682v
d004.s016.t006	出	X	出	
d004.s016.t007	了	X	了	
d004.s016.t008	什么	X	什么	
d004.s016.t009	益处	NOUN	益处	bn:00009905n
d004.s016.t010	？	X	？	
d004.s017.t001	研究	NOUN	研究	bn:00067280n
d004.s017.t002	结果	NOUN	结果	bn:00021961n
d004.s017.t003	表明	VERB	表明	bn:00086679v
d004.s017.t004	，	X	，	
d004.s017.t005	Cerenia	NOUN	Cerenia	bn:00046516n
d004.s017.t006	比	X	比	
d004.s017.t007	安慰剂	NOUN	安慰剂	bn:00062717n
d004.s017.t008	更	ADV	更	bn:00116284r
d004.s017.t009	有效	ADJ	有效	bn:00107917a
d004.s017.t010	：	X	：	
d004.s017.t011	无论	ADV	无论	bn:00115067r
d004.s017.t012	是	VERB	是	bn:00083182v
d004.s017.t013	在	X	在	
d004.s017.t014	治疗	NOUN	治疗	bn:00047235n
d004.s017.t015	还是	X	还是	
d004.s017.t016	预防	VERB	预防	bn:00086709v
d004.s017.t017	呕吐	NOUN	呕吐	bn:00027565n
d004.s017.t018	方面	NOUN	方面	bn:00006382n
d004.s017.t019	，	X	，	
d004.s017.t020	服用	VERB	服用	bn:00087321v
d004.s017.t021	该	X	该	
d004.s017.t022	药物	NOUN	药物	bn:00028872n
d004.s017.t023	的	X	的	
d004.s017.t024	狗	NOUN	狗	bn:00015267n
d004.s017.t025	的	X	的	
d004.s017.t026	呕吐	NOUN	呕吐	bn:00027565n
d004.s017.t027	次数	NOUN	次数	bn:00000443n
d004.s017.t028	都	ADV	都	bn:00114245r
d004.s017.t029	比	X	比	
d004.s017.t030	服用	VERB	服用	bn:00082907v
d004.s017.t031	安慰剂	NOUN	安慰剂	bn:00062717n
d004.s017.t032	的	X	的	
d004.s017.t033	狗	NOUN	狗	bn:00015267n
d004.s017.t034	少	ADJ	少	bn:00051575n
d004.s017.t035	。	X	。	
d004.s018.t001	治疗	VERB	治疗	bn:00084532v
d004.s018.t002	呕吐	VERB	呕吐	bn:00083115v
d004.s018.t003	的	X	的	
d004.s018.t004	狗	NOUN	狗	bn:00015267n
d004.s018.t005	应该	VERB	应该	bn:00083357v
d004.s018.t006	从	X	从	
d004.s018.t007	注射	NOUN	注射	bn:00046787n
d004.s018.t008	开始	VERB	开始	bn:00083340v
d004.s018.t009	，	X	，	
d004.s018.t010	因为	X	因为	
d004.s018.t011	呕吐	VERB	呕吐	bn:00083115v
d004.s018.t012	的	X	的	
d004.s018.t013	动物	NOUN	动物	bn:00004222n
d004.s018.t014	可能	VERB	可能	bn:00114523r
d004.s018.t015	没有	VERB	没有	bn:00090161v
d004.s018.t016	方法	NOUN	方法	bn:00064536n
d004.s018.t017	吞下	VERB	吞下	bn:00088759v
d004.s018.t018	药片	NOUN	药片	bn:00052222n
d004.s018.t019	（	X	（	
d004.s018.t020	因为	X	因为	
d004.s018.t021	它们	X	它们	
d004.s018.t022	可能	VERB	可能	bn:00114523r
d004.s018.t023	会	VERB	会	bn:00090141v
d004.s018.t024	再次	ADV	再次	bn:00115313r
d004.s018.t025	将	X	将	
d004.s018.t026	完整	ADJ	完整	bn:00113852a
d004.s018.t027	的	X	的	
d004.s018.t028	药片	NOUN	药片	bn:00052222n
d004.s018.t029	吐	VERB	吐	bn:00083115v
d004.s018.t030	出来	VERB	出来	bn:00085324v
d004.s018.t031	）	X	）	
d004.s018.t032	。	X	。	
d004.s019.t001	为了	X	为了	
d004.s019.t002	进行	VERB	进行	bn:00087628v
d004.s019.t003	后续	ADJ	后续	bn:00111392a
d004.s019.t004	治疗	NOUN	治疗	bn:00047235n
d004.s019.t005	，	X	，	
d004.s019.t006	动物	NOUN	动物	bn:00004222n
d004.s019.t007	主人	NOUN	主人	bn:00044910n
d004.s019.t008	可以	VERB	可以	bn:00096151a
d004.s019.t009	给	X	给	
d004.s019.t010	狗	NOUN	狗	bn:00015267n
d004.s019.t011	服用	VERB	服用	bn:00087321v
d004.s019.t012	药片	NOUN	药片	bn:00052222n
d004.s019.t013	。	X	。	
d004.s020.t001	此外	ADV	此外	bn:00114534r
d004.s020.t002	，	X	，	
d004.s020.t003	呕吐	NOUN	呕吐	bn:00027565n
d004.s020.t004	的	X	的	
d004.s020.t005	治疗	NOUN	治疗	bn:00047235n
d004.s020.t006	应	VERB	应	bn:00083181v
d004.s020.t007	与	X	与	
d004.s020.t008	其他	ADJ	其他	bn:00108011a
d004.s020.t009	支持	ADJ	支持	bn:00111492a
d004.s020.t010	措施	NOUN	措施	bn:00054018n
d004.s020.t011	或	X	或	
d004.s020.t012	其他	ADJ	其他	bn:00108011a
d004.s020.t013	兽医	ADJ	兽医	bn:00113583a
d004.s020.t014	疗法	NOUN	疗法	bn:00076843n
d004.s020.t015	一起	ADV	一起	bn:00114206r
d004.s020.t016	进行	VERB	进行	bn:00087628v
d004.s020.t017	，	X	，	
d004.s020.t018	同时	ADV	同时	bn:00114206r
d004.s020.t019	解决	VERB	解决	bn:00082648v
d004.s020.t020	呕吐	NOUN	呕吐	bn:00027565n
d004.s020.t021	的	X	的	
d004.s020.t022	根本	ADJ	根本	bn:00112229a
d004.s020.t023	原因	NOUN	原因	bn:00066443n
d004.s020.t024	。	X	。	
d004.s021.t001	Cerenia	NOUN	Cerenia	bn:00046516n
d004.s021.t002	有	VERB	有	bn:00083181v
d004.s021.t003	哪些	X	哪些	
d004.s021.t004	风险	NOUN	风险	bn:00030747n
d004.s021.t005	？	X	？	
d004.s022.t001	当	X	当	
d004.s022.t002	每日	ADV	每日	bn:00100875a
d004.s022.t003	服用	VERB	服用	bn:00087321v
d004.s022.t004	剂量	NOUN	剂量	bn:00028320n
d004.s022.t005	高达	VERB	高达	bn:00087620v
d004.s022.t006	推荐	NOUN	推荐	bn:00041086n
d004.s022.t007	剂量	NOUN	剂量	bn:00028320n
d004.s022.t008	的	X	的	
d004.s022.t009	5	X	5	
d004.s022.t010	倍	NOUN	倍	bn:00003268n
d004.s022.t011	并且	ADV	并且	bn:00115484r
d004.s022.t012	持续	VERB	持续	bn:00086793v
d004.s022.t013	较	ADV	较	bn:00116284r
d004.s022.t014	长	ADJ	长	bn:00106124a
d004.s022.t015	时间	NOUN	时间	bn:00029170n
d004.s022.t016	（	X	（	
d004.s022.t017	高达	VERB	高达	bn:00084079v
d004.s022.t018	建议	VERB	建议	bn:00082417v
d004.s022.t019	最大	ADJ	最大	bn:00106517a
d004.s022.t020	治疗	NOUN	治疗	bn:00047235n
d004.s022.t021	时间	NOUN	时间	bn:00029170n
d004.s022.t022	的	X	的	
d004.s022.t023	3	X	3	
d004.s022.t024	倍	NOUN	倍	bn:00003268n
d004.s022.t025	）	X	）	
d004.s022.t026	时	X	时	
d004.s022.t027	，	X	，	
d004.s022.t028	Cerenia	NOUN	Cerenia	bn:00046516n
d004.s022.t029	通常	ADV	通常	bn:00114778r
d004.s022.t030	耐受性	NOUN	耐受性	bn:00046045n
d004.s022.t031	良好	ADJ	良好	bn:00102845a
d004.s022.t032	。	X	。	
d004.s023.t001	给	X	给	
d004.s023.t002	动物	NOUN	动物	bn:00004222n
d004.s023.t003	注射	VERB	注射	bn:00089749v
d004.s023.t004	药物	NOUN	药物	bn:00028872n
d004.s023.t005	或者	X	或者	
d004.s023.t006	接触	VERB	接触	bn:00095040v
d004.s023.t007	动物	NOUN	动物	bn:00004222n
d004.s023.t008	的	X	的	
d004.s023.t009	人	NOUN	人	bn:00046516n
d004.s023.t010	需要	VERB	需要	bn:00091028v
d004.s023.t011	注意	VERB	注意	bn:00094754v
d004.s023.t012	什么	X	什么	
d004.s023.t013	？	X	？	
d004.s024.t001	Cerenia	NOUN	Cerenia	bn:00046516n
d004.s024.t002	并	ADV	并	bn:00114634r
d004.s024.t003	不会	VERB	不会	bn:00083181v
d004.s024.t004	对	X	对	
d004.s024.t005	人体	NOUN	人体	bn:00003882n
d004.s024.t006	造成	VERB	造成	bn:00090568v
d004.s024.t007	特别	ADJ	特别	bn:00108295a
d004.s024.t008	的	X	的	
d004.s024.t009	风险	NOUN	风险	bn:00030747n
d004.s024.t010	。	X	。	
